[17:14:13] [main/INFO] (FabricLoader/GameProvider) Loading Minecraft 1.21.10 with Fabric Loader 0.18.3
[17:14:13] [main/DEBUG] (FabricLoader/GamePatch) Found game constructor: net.minecraft.client.main.Main -> net.minecraft.client.Minecraft
[17:14:13] [main/DEBUG] (FabricLoader/GamePatch) Patching game constructor <init>(Lnet/minecraft/client/main/GameConfig;)V
[17:14:13] [main/DEBUG] (FabricLoader/GamePatch) Run directory field is thought to be net/minecraft/client/Minecraft/gameDirectory
[17:14:13] [main/DEBUG] (FabricLoader/GamePatch) Applying brand name hook to net/minecraft/client/ClientBrandRetriever::getClientModName
[17:14:13] [main/DEBUG] (FabricLoader/GamePatch) Applying brand name hook to net/minecraft/server/MinecraftServer::getServerModName
[17:14:13] [main/DEBUG] (FabricLoader/GamePatch) Patched 3 classs
[17:14:13] [main/DEBUG] (FabricLoader/Discovery) Mod discovery time: 13,5 ms
[17:14:13] [main/DEBUG] (FabricLoader/Resolution) Mod resolution time: 32,2 ms
[17:14:13] [main/INFO] (FabricLoader) Loading 57 mods:
	- architectury 18.0.6
	- cloth-basic-math 0.6.1
	- cloth-config 20.0.149
	- effectual 1.3.0-1.21.10
	- fabric-api 0.138.4+1.21.10
	- fabric-api-base 1.0.0+14b92d897d
	- fabric-api-lookup-api-v1 1.6.106+d17682156f
	- fabric-biome-api-v1 16.1.0+c2417d4f6f
	- fabric-block-api-v1 1.1.5+d17682156f
	- fabric-block-view-api-v2 1.0.34+e4fd1b926f
	- fabric-client-gametest-api-v1 4.2.13+14b92d896f
	- fabric-command-api-v2 2.4.0+c0ab2d5d6f
	- fabric-content-registries-v0 10.2.6+b6a242646f
	- fabric-convention-tags-v1 2.1.49+7f945d5b6f
	- fabric-convention-tags-v2 2.17.0+ff7bc77d6f
	- fabric-crash-report-info-v1 0.3.18+33df5e6e6f
	- fabric-data-attachment-api-v1 1.8.33+cd3b9e596f
	- fabric-data-generation-api-v1 23.2.27+d8b85ef16f
	- fabric-dimensions-v1 4.0.22+38b9cc196f
	- fabric-entity-events-v1 2.1.13+fde3702c6f
	- fabric-events-interaction-v0 4.0.36+5ba217126f
	- fabric-game-rule-api-v1 1.1.1+e47eaae56f
	- fabric-gametest-api-v1 3.1.21+33df5e6e6f
	- fabric-item-api-v1 11.5.11+9bce411b6f
	- fabric-item-group-api-v1 4.2.27+86b3ae576f
	- fabric-key-binding-api-v1 1.1.1+b3ba9c487d
	- fabric-lifecycle-events-v1 2.6.9+33df5e6e7d
	- fabric-loot-api-v2 3.0.67+3f89f5a56f
	- fabric-loot-api-v3 2.0.14+d17682156f
	- fabric-message-api-v1 6.1.7+3154c1c86f
	- fabric-model-loading-api-v1 6.0.5+3ffd6ef06f
	- fabric-networking-api-v1 5.1.0+b095d8db6f
	- fabric-object-builder-api-v1 21.1.28+9bce411b6f
	- fabric-particles-v1 4.2.3+a0ee59a46f
	- fabric-recipe-api-v1 8.2.0+39709ef06f
	- fabric-registry-sync-v0 6.1.42+679c8c5c6f
	- fabric-renderer-api-v1 7.2.3+9be2a36e6f
	- fabric-renderer-indigo 4.1.4+9be2a36e6f
	- fabric-rendering-fluids-v1 3.1.38+86b3ae576f
	- fabric-rendering-v1 16.2.0+bee81f016f
	- fabric-resource-conditions-api-v1 5.0.28+33df5e6e6f
	- fabric-resource-loader-v0 3.3.1+d4d4122a6f
	- fabric-resource-loader-v1 1.0.4+14959b836f
	- fabric-screen-api-v1 3.1.0+9c82a7987d
	- fabric-screen-handler-api-v1 1.3.151+d17682156f
	- fabric-serialization-api-v1 1.0.0+d857c9766f
	- fabric-sound-api-v1 1.0.45+328a75ba6f
	- fabric-tag-api-v1 1.2.13+2fa446b26f
	- fabric-transfer-api-v1 6.0.15+79ec2c126f
	- fabric-transitive-access-wideners-v1 6.5.3+41eb43436f
	- fabricloader 0.18.3
	- generated_5ad6e91 1.0.0
	- java 23
	- minecraft 1.21.10
	- mixinextras 0.5.0
	- modmenu 16.0.0-rc.1
	- tlib 1.4.1-1.21.10
[17:14:13] [main/DEBUG] (FabricLoader/Knot) Adding /Users/arseniyradaev/Documents/IdeaProjects/Effectual/Effectual 1.21.10/.gradle/loom-cache/remapped_mods/remapped/net/fabricmc/fabric-api/fabric-game-rule-api-v1-cdbb5210/1.1.1+e47eaae56f/fabric-game-rule-api-v1-cdbb5210-1.1.1+e47eaae56f.jar to classpath.
[17:14:13] [main/DEBUG] (FabricLoader/Knot) Adding /Users/arseniyradaev/Documents/IdeaProjects/Effectual/Effectual 1.21.10/.gradle/loom-cache/remapped_mods/remapped/net/fabricmc/fabric-api/fabric-resource-loader-v1-cdbb5210/1.0.4+14959b836f/fabric-resource-loader-v1-cdbb5210-1.0.4+14959b836f.jar to classpath.
[17:14:13] [main/DEBUG] (FabricLoader/Knot) Adding /Users/arseniyradaev/Documents/IdeaProjects/Effectual/Effectual 1.21.10/.gradle/loom-cache/remapped_mods/remapped/net/fabricmc/fabric-api/fabric-gametest-api-v1-cdbb5210/3.1.21+33df5e6e6f/fabric-gametest-api-v1-cdbb5210-3.1.21+33df5e6e6f.jar to classpath.
[17:14:13] [main/DEBUG] (FabricLoader/Knot) Adding /Users/arseniyradaev/Documents/IdeaProjects/Effectual/Effectual 1.21.10/.gradle/loom-cache/remapped_mods/remapped/net/fabricmc/fabric-api/fabric-transitive-access-wideners-v1-cdbb5210/6.5.3+41eb43436f/fabric-transitive-access-wideners-v1-cdbb5210-6.5.3+41eb43436f.jar to classpath.
[17:14:13] [main/DEBUG] (FabricLoader/Knot) Adding /Users/arseniyradaev/Documents/IdeaProjects/Effectual/Effectual 1.21.10/.gradle/loom-cache/remapped_mods/remapped/net/fabricmc/fabric-api/fabric-recipe-api-v1-cdbb5210/8.2.0+39709ef06f/fabric-recipe-api-v1-cdbb5210-8.2.0+39709ef06f.jar to classpath.
[17:14:13] [main/DEBUG] (FabricLoader/Knot) Adding /Users/arseniyradaev/Documents/IdeaProjects/Effectual/Effectual 1.21.10/.gradle/loom-cache/remapped_mods/remapped/com/terraformersmc/modmenu-cdbb5210/16.0.0-rc.1/modmenu-cdbb5210-16.0.0-rc.1.jar to classpath.
[17:14:13] [main/DEBUG] (FabricLoader/Knot) Adding /Users/arseniyradaev/Documents/IdeaProjects/Effectual/Effectual 1.21.10/.gradle/loom-cache/remapped_mods/remapped/net/fabricmc/fabric-api/fabric-renderer-api-v1-cdbb5210/7.2.3+9be2a36e6f/fabric-renderer-api-v1-cdbb5210-7.2.3+9be2a36e6f.jar to classpath.
[17:14:13] [main/DEBUG] (FabricLoader/Knot) Adding /Users/arseniyradaev/Documents/IdeaProjects/Effectual/Effectual 1.21.10/.gradle/loom-cache/remapped_mods/remapped/net/fabricmc/fabric-api/fabric-api-base-cdbb5210/1.0.0+14b92d897d/fabric-api-base-cdbb5210-1.0.0+14b92d897d.jar to classpath.
[17:14:13] [main/DEBUG] (FabricLoader/Knot) Adding /Users/arseniyradaev/Documents/IdeaProjects/Effectual/Effectual 1.21.10/.gradle/loom-cache/remapped_mods/remapped/net/fabricmc/fabric-api/fabric-convention-tags-v2-cdbb5210/2.17.0+ff7bc77d6f/fabric-convention-tags-v2-cdbb5210-2.17.0+ff7bc77d6f.jar to classpath.
[17:14:13] [main/DEBUG] (FabricLoader/Knot) Adding /Users/arseniyradaev/Documents/IdeaProjects/Effectual/Effectual 1.21.10/.gradle/loom-cache/remapped_mods/remapped/net/fabricmc/fabric-api/fabric-entity-events-v1-cdbb5210/2.1.13+fde3702c6f/fabric-entity-events-v1-cdbb5210-2.1.13+fde3702c6f.jar to classpath.
[17:14:13] [main/DEBUG] (FabricLoader/Knot) Adding /private/var/folders/b_/cxn8yk8s5pl079xlzj6txdjm0000gn/T/9177196536906478254.jar to classpath.
[17:14:13] [main/DEBUG] (FabricLoader/Knot) Adding /Users/arseniyradaev/Documents/IdeaProjects/Effectual/Effectual 1.21.10/.gradle/loom-cache/remapped_mods/remapped/net/fabricmc/fabric-api/fabric-serialization-api-v1-cdbb5210/1.0.0+d857c9766f/fabric-serialization-api-v1-cdbb5210-1.0.0+d857c9766f.jar to classpath.
[17:14:13] [main/DEBUG] (FabricLoader/Knot) Adding /Users/arseniyradaev/Documents/IdeaProjects/Effectual/Effectual 1.21.10/.gradle/loom-cache/remapped_mods/remapped/net/fabricmc/fabric-api/fabric-screen-api-v1-cdbb5210/3.1.0+9c82a7987d/fabric-screen-api-v1-cdbb5210-3.1.0+9c82a7987d.jar to classpath.
[17:14:13] [main/DEBUG] (FabricLoader/Knot) Adding /Users/arseniyradaev/Documents/IdeaProjects/Effectual/Effectual 1.21.10/.gradle/loom-cache/remapped_mods/remapped/net/fabricmc/fabric-api/fabric-item-group-api-v1-cdbb5210/4.2.27+86b3ae576f/fabric-item-group-api-v1-cdbb5210-4.2.27+86b3ae576f.jar to classpath.
[17:14:13] [main/DEBUG] (FabricLoader/Knot) Adding /Users/arseniyradaev/Documents/IdeaProjects/Effectual/Effectual 1.21.10/.gradle/loom-cache/remapped_mods/remapped/net/fabricmc/fabric-api/fabric-model-loading-api-v1-cdbb5210/6.0.5+3ffd6ef06f/fabric-model-loading-api-v1-cdbb5210-6.0.5+3ffd6ef06f.jar to classpath.
[17:14:13] [main/DEBUG] (FabricLoader/Knot) Adding /Users/arseniyradaev/Documents/IdeaProjects/Effectual/Effectual 1.21.10/.gradle/loom-cache/remapped_mods/remapped/dev/architectury/architectury-fabric-cdbb5210/18.0.6/architectury-fabric-cdbb5210-18.0.6.jar to classpath.
[17:14:13] [main/DEBUG] (FabricLoader/Knot) Adding /Users/arseniyradaev/Documents/IdeaProjects/Effectual/Effectual 1.21.10/.gradle/loom-cache/remapped_mods/remapped/net/fabricmc/fabric-api/fabric-loot-api-v2-cdbb5210/3.0.67+3f89f5a56f/fabric-loot-api-v2-cdbb5210-3.0.67+3f89f5a56f.jar to classpath.
[17:14:13] [main/DEBUG] (FabricLoader/Knot) Adding /Users/arseniyradaev/Documents/IdeaProjects/Effectual/Effectual 1.21.10/.gradle/loom-cache/remapped_mods/remapped/net/fabricmc/fabric-api/fabric-particles-v1-cdbb5210/4.2.3+a0ee59a46f/fabric-particles-v1-cdbb5210-4.2.3+a0ee59a46f.jar to classpath.
[17:14:13] [main/DEBUG] (FabricLoader/Knot) Adding /Users/arseniyradaev/Documents/IdeaProjects/Effectual/Effectual 1.21.10/.gradle/loom-cache/remapped_mods/remapped/net/fabricmc/fabric-api/fabric-rendering-v1-cdbb5210/16.2.0+bee81f016f/fabric-rendering-v1-cdbb5210-16.2.0+bee81f016f.jar to classpath.
[17:14:13] [main/DEBUG] (FabricLoader/Knot) Adding /Users/arseniyradaev/Documents/IdeaProjects/Effectual/Effectual 1.21.10/.gradle/loom-cache/remapped_mods/remapped/net/fabricmc/fabric-api/fabric-resource-loader-v0-cdbb5210/3.3.1+d4d4122a6f/fabric-resource-loader-v0-cdbb5210-3.3.1+d4d4122a6f.jar to classpath.
[17:14:13] [main/DEBUG] (FabricLoader/Knot) Adding /Users/arseniyradaev/Documents/IdeaProjects/Effectual/Effectual 1.21.10/.gradle/loom-cache/remapped_mods/remapped/me/shedaniel/cloth/cloth-config-fabric-cdbb5210/20.0.149/cloth-config-fabric-cdbb5210-20.0.149-fabric.jar to classpath.
[17:14:13] [main/DEBUG] (FabricLoader/Knot) Adding /Users/arseniyradaev/Documents/IdeaProjects/Effectual/Effectual 1.21.10/.gradle/loom-cache/remapped_mods/remapped/net/fabricmc/fabric-api/fabric-block-view-api-v2-cdbb5210/1.0.34+e4fd1b926f/fabric-block-view-api-v2-cdbb5210-1.0.34+e4fd1b926f.jar to classpath.
[17:14:13] [main/DEBUG] (FabricLoader/Knot) Adding /Users/arseniyradaev/.gradle/caches/modules-2/files-2.1/io.github.llamalad7/mixinextras-fabric/0.5.0/91a83dfb7abd320f6236bd1fcf5c0ff143d59a13/mixinextras-fabric-0.5.0.jar to classpath.
[17:14:13] [main/DEBUG] (FabricLoader/Knot) Adding /Users/arseniyradaev/Documents/IdeaProjects/Effectual/Effectual 1.21.10/.gradle/loom-cache/remapped_mods/remapped/net/fabricmc/fabric-api/fabric-biome-api-v1-cdbb5210/16.1.0+c2417d4f6f/fabric-biome-api-v1-cdbb5210-16.1.0+c2417d4f6f.jar to classpath.
[17:14:13] [main/DEBUG] (FabricLoader/Knot) Adding /Users/arseniyradaev/Documents/IdeaProjects/Effectual/Effectual 1.21.10/.gradle/loom-cache/remapped_mods/remapped/net/fabricmc/fabric-api/fabric-api-cdbb5210/0.138.4+1.21.10/fabric-api-cdbb5210-0.138.4+1.21.10.jar to classpath.
[17:14:13] [main/DEBUG] (FabricLoader/Knot) Adding /Users/arseniyradaev/Documents/IdeaProjects/Effectual/Effectual 1.21.10/.gradle/loom-cache/remapped_mods/remapped/net/fabricmc/fabric-api/fabric-screen-handler-api-v1-cdbb5210/1.3.151+d17682156f/fabric-screen-handler-api-v1-cdbb5210-1.3.151+d17682156f.jar to classpath.
[17:14:13] [main/DEBUG] (FabricLoader/Knot) Adding /Users/arseniyradaev/Documents/IdeaProjects/Effectual/Effectual 1.21.10/.gradle/loom-cache/remapped_mods/remapped/net/fabricmc/fabric-api/fabric-message-api-v1-cdbb5210/6.1.7+3154c1c86f/fabric-message-api-v1-cdbb5210-6.1.7+3154c1c86f.jar to classpath.
[17:14:13] [main/DEBUG] (FabricLoader/Knot) Adding /Users/arseniyradaev/Documents/IdeaProjects/Effectual/Effectual 1.21.10/fabric/build/resources/main to classpath.
[17:14:13] [main/DEBUG] (FabricLoader/Knot) Adding /Users/arseniyradaev/Documents/IdeaProjects/Effectual/Effectual 1.21.10/.gradle/loom-cache/remapped_mods/remapped/net/fabricmc/fabric-api/fabric-object-builder-api-v1-cdbb5210/21.1.28+9bce411b6f/fabric-object-builder-api-v1-cdbb5210-21.1.28+9bce411b6f.jar to classpath.
[17:14:13] [main/DEBUG] (FabricLoader/Knot) Adding /Users/arseniyradaev/Documents/IdeaProjects/Effectual/Effectual 1.21.10/.gradle/loom-cache/remapped_mods/remapped/com/imeetake/tlib-fabric-cdbb5210/1.4.1-1.21.10/tlib-fabric-cdbb5210-1.4.1-1.21.10.jar to classpath.
[17:14:13] [main/DEBUG] (FabricLoader/Knot) Adding /Users/arseniyradaev/Documents/IdeaProjects/Effectual/Effectual 1.21.10/.gradle/loom-cache/remapped_mods/remapped/net/fabricmc/fabric-api/fabric-rendering-fluids-v1-cdbb5210/3.1.38+86b3ae576f/fabric-rendering-fluids-v1-cdbb5210-3.1.38+86b3ae576f.jar to classpath.
[17:14:13] [main/DEBUG] (FabricLoader/Knot) Adding /Users/arseniyradaev/Documents/IdeaProjects/Effectual/Effectual 1.21.10/.gradle/loom-cache/remapped_mods/remapped/net/fabricmc/fabric-api/fabric-networking-api-v1-cdbb5210/5.1.0+b095d8db6f/fabric-networking-api-v1-cdbb5210-5.1.0+b095d8db6f.jar to classpath.
[17:14:13] [main/DEBUG] (FabricLoader/Knot) Adding /Users/arseniyradaev/Documents/IdeaProjects/Effectual/Effectual 1.21.10/.gradle/loom-cache/remapped_mods/remapped/net/fabricmc/fabric-api/fabric-lifecycle-events-v1-cdbb5210/2.6.9+33df5e6e7d/fabric-lifecycle-events-v1-cdbb5210-2.6.9+33df5e6e7d.jar to classpath.
[17:14:13] [main/DEBUG] (FabricLoader/Knot) Adding /Users/arseniyradaev/Documents/IdeaProjects/Effectual/Effectual 1.21.10/.gradle/loom-cache/remapped_mods/remapped/net/fabricmc/fabric-api/fabric-transfer-api-v1-cdbb5210/6.0.15+79ec2c126f/fabric-transfer-api-v1-cdbb5210-6.0.15+79ec2c126f.jar to classpath.
[17:14:13] [main/DEBUG] (FabricLoader/Knot) Adding /Users/arseniyradaev/Documents/IdeaProjects/Effectual/Effectual 1.21.10/.gradle/loom-cache/remapped_mods/remapped/net/fabricmc/fabric-api/fabric-block-api-v1-cdbb5210/1.1.5+d17682156f/fabric-block-api-v1-cdbb5210-1.1.5+d17682156f.jar to classpath.
[17:14:13] [main/DEBUG] (FabricLoader/Knot) Adding /Users/arseniyradaev/Documents/IdeaProjects/Effectual/Effectual 1.21.10/.gradle/loom-cache/remapped_mods/remapped/net/fabricmc/fabric-api/fabric-convention-tags-v1-cdbb5210/2.1.49+7f945d5b6f/fabric-convention-tags-v1-cdbb5210-2.1.49+7f945d5b6f.jar to classpath.
[17:14:13] [main/DEBUG] (FabricLoader/Knot) Adding /Users/arseniyradaev/Documents/IdeaProjects/Effectual/Effectual 1.21.10/.gradle/loom-cache/remapped_mods/remapped/net/fabricmc/fabric-api/fabric-renderer-indigo-cdbb5210/4.1.4+9be2a36e6f/fabric-renderer-indigo-cdbb5210-4.1.4+9be2a36e6f.jar to classpath.
[17:14:13] [main/DEBUG] (FabricLoader/Knot) Adding /Users/arseniyradaev/Documents/IdeaProjects/Effectual/Effectual 1.21.10/.gradle/loom-cache/remapped_mods/remapped/net/fabricmc/fabric-api/fabric-dimensions-v1-cdbb5210/4.0.22+38b9cc196f/fabric-dimensions-v1-cdbb5210-4.0.22+38b9cc196f.jar to classpath.
[17:14:13] [main/DEBUG] (FabricLoader/Knot) Adding /Users/arseniyradaev/Documents/IdeaProjects/Effectual/Effectual 1.21.10/.gradle/loom-cache/remapped_mods/remapped/net/fabricmc/fabric-api/fabric-data-generation-api-v1-cdbb5210/23.2.27+d8b85ef16f/fabric-data-generation-api-v1-cdbb5210-23.2.27+d8b85ef16f.jar to classpath.
[17:14:13] [main/DEBUG] (FabricLoader/Knot) Adding /Users/arseniyradaev/Documents/IdeaProjects/Effectual/Effectual 1.21.10/.gradle/loom-cache/remapped_mods/remapped/net/fabricmc/fabric-api/fabric-command-api-v2-cdbb5210/2.4.0+c0ab2d5d6f/fabric-command-api-v2-cdbb5210-2.4.0+c0ab2d5d6f.jar to classpath.
[17:14:13] [main/DEBUG] (FabricLoader/Knot) Adding /Users/arseniyradaev/Documents/IdeaProjects/Effectual/Effectual 1.21.10/.gradle/loom-cache/remapped_mods/remapped/net/fabricmc/fabric-api/fabric-api-lookup-api-v1-cdbb5210/1.6.106+d17682156f/fabric-api-lookup-api-v1-cdbb5210-1.6.106+d17682156f.jar to classpath.
[17:14:13] [main/DEBUG] (FabricLoader/Knot) Adding /Users/arseniyradaev/Documents/IdeaProjects/Effectual/Effectual 1.21.10/.gradle/loom-cache/remapped_mods/remapped/net/fabricmc/fabric-api/fabric-events-interaction-v0-cdbb5210/4.0.36+5ba217126f/fabric-events-interaction-v0-cdbb5210-4.0.36+5ba217126f.jar to classpath.
[17:14:13] [main/DEBUG] (FabricLoader/Knot) Adding /Users/arseniyradaev/Documents/IdeaProjects/Effectual/Effectual 1.21.10/.gradle/loom-cache/remapped_mods/remapped/net/fabricmc/fabric-api/fabric-sound-api-v1-cdbb5210/1.0.45+328a75ba6f/fabric-sound-api-v1-cdbb5210-1.0.45+328a75ba6f.jar to classpath.
[17:14:13] [main/DEBUG] (FabricLoader/Knot) Adding /Users/arseniyradaev/Documents/IdeaProjects/Effectual/Effectual 1.21.10/.gradle/loom-cache/remapped_mods/remapped/net/fabricmc/fabric-api/fabric-content-registries-v0-cdbb5210/10.2.6+b6a242646f/fabric-content-registries-v0-cdbb5210-10.2.6+b6a242646f.jar to classpath.
[17:14:13] [main/DEBUG] (FabricLoader/Knot) Adding /Users/arseniyradaev/Documents/IdeaProjects/Effectual/Effectual 1.21.10/.gradle/loom-cache/remapped_mods/remapped/net/fabricmc/fabric-api/fabric-registry-sync-v0-cdbb5210/6.1.42+679c8c5c6f/fabric-registry-sync-v0-cdbb5210-6.1.42+679c8c5c6f.jar to classpath.
[17:14:13] [main/DEBUG] (FabricLoader/Knot) Adding /Users/arseniyradaev/Documents/IdeaProjects/Effectual/Effectual 1.21.10/.gradle/loom-cache/remapped_mods/remapped/net/fabricmc/fabric-api/fabric-item-api-v1-cdbb5210/11.5.11+9bce411b6f/fabric-item-api-v1-cdbb5210-11.5.11+9bce411b6f.jar to classpath.
[17:14:13] [main/DEBUG] (FabricLoader/Knot) Adding /Users/arseniyradaev/Documents/IdeaProjects/Effectual/Effectual 1.21.10/.gradle/loom-cache/remapped_mods/remapped/me/shedaniel/cloth/basic-math-cdbb5210/0.6.1/basic-math-cdbb5210-0.6.1.jar to classpath.
[17:14:13] [main/DEBUG] (FabricLoader/Knot) Adding /Users/arseniyradaev/Documents/IdeaProjects/Effectual/Effectual 1.21.10/.gradle/loom-cache/remapped_mods/remapped/net/fabricmc/fabric-api/fabric-data-attachment-api-v1-cdbb5210/1.8.33+cd3b9e596f/fabric-data-attachment-api-v1-cdbb5210-1.8.33+cd3b9e596f.jar to classpath.
[17:14:13] [main/DEBUG] (FabricLoader/Knot) Adding /Users/arseniyradaev/Documents/IdeaProjects/Effectual/Effectual 1.21.10/.gradle/loom-cache/remapped_mods/remapped/net/fabricmc/fabric-api/fabric-key-binding-api-v1-cdbb5210/1.1.1+b3ba9c487d/fabric-key-binding-api-v1-cdbb5210-1.1.1+b3ba9c487d.jar to classpath.
[17:14:13] [main/DEBUG] (FabricLoader/Knot) Adding /Users/arseniyradaev/Documents/IdeaProjects/Effectual/Effectual 1.21.10/.gradle/loom-cache/remapped_mods/remapped/net/fabricmc/fabric-api/fabric-resource-conditions-api-v1-cdbb5210/5.0.28+33df5e6e6f/fabric-resource-conditions-api-v1-cdbb5210-5.0.28+33df5e6e6f.jar to classpath.
[17:14:13] [main/DEBUG] (FabricLoader/Knot) Adding /Users/arseniyradaev/Documents/IdeaProjects/Effectual/Effectual 1.21.10/.gradle/loom-cache/remapped_mods/remapped/net/fabricmc/fabric-api/fabric-tag-api-v1-cdbb5210/1.2.13+2fa446b26f/fabric-tag-api-v1-cdbb5210-1.2.13+2fa446b26f.jar to classpath.
[17:14:13] [main/DEBUG] (FabricLoader/Knot) Adding /Users/arseniyradaev/Documents/IdeaProjects/Effectual/Effectual 1.21.10/.gradle/loom-cache/remapped_mods/remapped/net/fabricmc/fabric-api/fabric-client-gametest-api-v1-cdbb5210/4.2.13+14b92d896f/fabric-client-gametest-api-v1-cdbb5210-4.2.13+14b92d896f.jar to classpath.
[17:14:13] [main/DEBUG] (FabricLoader/Knot) Adding /Users/arseniyradaev/Documents/IdeaProjects/Effectual/Effectual 1.21.10/.gradle/loom-cache/remapped_mods/remapped/net/fabricmc/fabric-api/fabric-loot-api-v3-cdbb5210/2.0.14+d17682156f/fabric-loot-api-v3-cdbb5210-2.0.14+d17682156f.jar to classpath.
[17:14:13] [main/DEBUG] (FabricLoader/Knot) Adding /Users/arseniyradaev/Documents/IdeaProjects/Effectual/Effectual 1.21.10/.gradle/loom-cache/remapped_mods/remapped/net/fabricmc/fabric-api/fabric-crash-report-info-v1-cdbb5210/0.3.18+33df5e6e6f/fabric-crash-report-info-v1-cdbb5210-0.3.18+33df5e6e6f.jar to classpath.
[17:14:13] [main/DEBUG] (FabricLoader/Entrypoint) Registering new-style initializer net.fabricmc.fabric.impl.gametest.FabricGameTestModInitializer for mod fabric-gametest-api-v1 (key main)
[17:14:13] [main/DEBUG] (FabricLoader/Entrypoint) Registering new-style initializer net.fabricmc.fabric.impl.recipe.ingredient.client.CustomIngredientSyncClient for mod fabric-recipe-api-v1 (key client)
[17:14:13] [main/DEBUG] (FabricLoader/Entrypoint) Registering new-style initializer net.fabricmc.fabric.impl.recipe.sync.client.RecipeSyncImplClient for mod fabric-recipe-api-v1 (key client)
[17:14:13] [main/DEBUG] (FabricLoader/Entrypoint) Registering new-style initializer net.fabricmc.fabric.impl.recipe.ingredient.CustomIngredientInit for mod fabric-recipe-api-v1 (key main)
[17:14:13] [main/DEBUG] (FabricLoader/Entrypoint) Registering new-style initializer net.fabricmc.fabric.impl.recipe.ingredient.CustomIngredientSync for mod fabric-recipe-api-v1 (key main)
[17:14:13] [main/DEBUG] (FabricLoader/Entrypoint) Registering new-style initializer net.fabricmc.fabric.impl.recipe.sync.RecipeSyncImpl for mod fabric-recipe-api-v1 (key main)
[17:14:13] [main/DEBUG] (FabricLoader/Entrypoint) Registering new-style initializer com.terraformersmc.modmenu.ModMenuModMenuCompat for mod modmenu (key modmenu)
[17:14:13] [main/DEBUG] (FabricLoader/Entrypoint) Registering new-style initializer com.terraformersmc.modmenu.ModMenu for mod modmenu (key client)
[17:14:13] [main/DEBUG] (FabricLoader/Entrypoint) Registering new-style initializer net.fabricmc.fabric.impl.renderer.DebugHudClient for mod fabric-renderer-api-v1 (key client)
[17:14:13] [main/DEBUG] (FabricLoader/Entrypoint) Registering new-style initializer net.fabricmc.fabric.impl.tag.convention.v2.TranslationConventionLogWarnings for mod fabric-convention-tags-v2 (key main)
[17:14:13] [main/DEBUG] (FabricLoader/Entrypoint) Registering new-style initializer net.fabricmc.fabric.impl.client.model.loading.CustomUnbakedBlockStateModelInit for mod fabric-model-loading-api-v1 (key client)
[17:14:13] [main/DEBUG] (FabricLoader/Entrypoint) Registering new-style initializer dev.architectury.init.fabric.ArchitecturyServer::init for mod architectury (key server)
[17:14:13] [main/DEBUG] (FabricLoader/Entrypoint) Registering new-style initializer dev.architectury.compat.fabric.ModMenuCompatibility for mod architectury (key modmenu)
[17:14:13] [main/DEBUG] (FabricLoader/Entrypoint) Registering new-style initializer dev.architectury.init.fabric.ArchitecturyClient::init for mod architectury (key client)
[17:14:13] [main/DEBUG] (FabricLoader/Entrypoint) Registering new-style initializer dev.architectury.utils.fabric.GameInstanceImpl::init for mod architectury (key main)
[17:14:13] [main/DEBUG] (FabricLoader/Entrypoint) Registering new-style initializer net.fabricmc.fabric.impl.loot.v2.LootInitializer for mod fabric-loot-api-v2 (key main)
[17:14:13] [main/DEBUG] (FabricLoader/Entrypoint) Registering new-style initializer net.fabricmc.fabric.impl.client.particle.ExtendedBlockStateParticleEffectSyncClient for mod fabric-particles-v1 (key client)
[17:14:13] [main/DEBUG] (FabricLoader/Entrypoint) Registering new-style initializer net.fabricmc.fabric.impl.particle.ExtendedBlockStateParticleEffectSync for mod fabric-particles-v1 (key main)
[17:14:13] [main/DEBUG] (FabricLoader/Entrypoint) Registering new-style initializer net.fabricmc.fabric.impl.client.rendering.hud.HudStatusBarHeightRegistryImpl for mod fabric-rendering-v1 (key client)
[17:14:13] [main/DEBUG] (FabricLoader/Entrypoint) Registering new-style initializer me.shedaniel.clothconfig2.fabric.ClothConfigModMenuDemo for mod cloth-config (key modmenu)
[17:14:13] [main/DEBUG] (FabricLoader/Entrypoint) Registering new-style initializer me.shedaniel.autoconfig.example.ExampleInits::exampleCommonInit for mod cloth-config (key client)
[17:14:13] [main/DEBUG] (FabricLoader/Entrypoint) Registering new-style initializer net.fabricmc.fabric.impl.screenhandler.client.ClientNetworking for mod fabric-screen-handler-api-v1 (key client)
[17:14:13] [main/DEBUG] (FabricLoader/Entrypoint) Registering new-style initializer net.fabricmc.fabric.impl.screenhandler.Networking for mod fabric-screen-handler-api-v1 (key main)
[17:14:13] [main/DEBUG] (FabricLoader/Entrypoint) Registering new-style initializer com.imeetake.effectual.fabric.ModMenuIntegration for mod effectual (key modmenu)
[17:14:13] [main/DEBUG] (FabricLoader/Entrypoint) Registering new-style initializer com.imeetake.effectual.fabric.client.EffectualFabricClient for mod effectual (key client)
[17:14:13] [main/DEBUG] (FabricLoader/Entrypoint) Registering new-style initializer com.imeetake.effectual.fabric.EffectualFabric for mod effectual (key main)
[17:14:13] [main/DEBUG] (FabricLoader/Entrypoint) Registering new-style initializer com.imeetake.tlib.fabric.client.TLibFabricClient for mod tlib (key client)
[17:14:13] [main/DEBUG] (FabricLoader/Entrypoint) Registering new-style initializer com.imeetake.tlib.fabric.TLibFabric for mod tlib (key main)
[17:14:13] [main/DEBUG] (FabricLoader/Entrypoint) Registering new-style initializer net.fabricmc.fabric.impl.networking.client.ClientNetworkingImpl::clientInit for mod fabric-networking-api-v1 (key client)
[17:14:13] [main/DEBUG] (FabricLoader/Entrypoint) Registering new-style initializer net.fabricmc.fabric.impl.networking.CommonPacketsImpl::init for mod fabric-networking-api-v1 (key main)
[17:14:13] [main/DEBUG] (FabricLoader/Entrypoint) Registering new-style initializer net.fabricmc.fabric.impl.networking.NetworkingImpl::init for mod fabric-networking-api-v1 (key main)
[17:14:13] [main/DEBUG] (FabricLoader/Entrypoint) Registering new-style initializer net.fabricmc.fabric.impl.client.event.lifecycle.ClientLifecycleEventsImpl for mod fabric-lifecycle-events-v1 (key client)
[17:14:13] [main/DEBUG] (FabricLoader/Entrypoint) Registering new-style initializer net.fabricmc.fabric.impl.event.lifecycle.LifecycleEventsImpl for mod fabric-lifecycle-events-v1 (key main)
[17:14:13] [main/DEBUG] (FabricLoader/Entrypoint) Registering new-style initializer net.fabricmc.fabric.impl.tag.convention.ConventionLogWarnings for mod fabric-convention-tags-v1 (key main)
[17:14:13] [main/DEBUG] (FabricLoader/Entrypoint) Registering new-style initializer net.fabricmc.fabric.impl.client.indigo.Indigo for mod fabric-renderer-indigo (key client)
[17:14:13] [main/DEBUG] (FabricLoader/Entrypoint) Registering new-style initializer net.fabricmc.fabric.impl.lookup.ApiLookupImpl for mod fabric-api-lookup-api-v1 (key main)
[17:14:13] [main/DEBUG] (FabricLoader/Entrypoint) Registering new-style initializer net.fabricmc.fabric.impl.event.interaction.InteractionEventsRouter for mod fabric-events-interaction-v0 (key main)
[17:14:13] [main/DEBUG] (FabricLoader/Entrypoint) Registering new-style initializer net.fabricmc.fabric.impl.client.registry.sync.FabricRegistryClientInit for mod fabric-registry-sync-v0 (key client)
[17:14:13] [main/DEBUG] (FabricLoader/Entrypoint) Registering new-style initializer net.fabricmc.fabric.impl.registry.sync.FabricRegistryInit for mod fabric-registry-sync-v0 (key main)
[17:14:13] [main/DEBUG] (FabricLoader/Entrypoint) Registering new-style initializer net.fabricmc.fabric.impl.attachment.client.AttachmentSyncClient for mod fabric-data-attachment-api-v1 (key client)
[17:14:13] [main/DEBUG] (FabricLoader/Entrypoint) Registering new-style initializer net.fabricmc.fabric.impl.attachment.AttachmentEntrypoint for mod fabric-data-attachment-api-v1 (key main)
[17:14:13] [main/DEBUG] (FabricLoader/Entrypoint) Registering new-style initializer net.fabricmc.fabric.impl.attachment.sync.AttachmentSync for mod fabric-data-attachment-api-v1 (key main)
[17:14:13] [main/DEBUG] (FabricLoader/Entrypoint) Registering new-style initializer net.fabricmc.fabric.impl.resource.conditions.ResourceConditionsImpl for mod fabric-resource-conditions-api-v1 (key main)
[17:14:13] [main/DEBUG] (FabricLoader/Entrypoint) Registering new-style initializer net.fabricmc.fabric.impl.tag.TagInit for mod fabric-tag-api-v1 (key main)
[17:14:13] [main/INFO] (FabricLoader/Mixin) SpongePowered MIXIN Subsystem Version=0.8.7 Source=file:/Users/arseniyradaev/.gradle/caches/modules-2/files-2.1/net.fabricmc/sponge-mixin/0.16.5+mixin.0.8.7/80fc3a9f592673cea87f4cd702f87991c6c9fe4d/sponge-mixin-0.16.5+mixin.0.8.7.jar Service=Knot/Fabric Env=CLIENT
[17:14:13] [main/DEBUG] (FabricLoader/Mixin) Initialising Mixin Platform Manager
[17:14:13] [main/DEBUG] (FabricLoader/Mixin) Adding mixin platform agents for container ContainerHandleURI(file:///Users/arseniyradaev/.gradle/caches/modules-2/files-2.1/net.fabricmc/fabric-loader/0.18.3/234f25229c51fdd8c0f3a72af0dbcf1ecf2f45d1/fabric-loader-0.18.3.jar)
[17:14:13] [main/DEBUG] (FabricLoader/Mixin) Instancing new MixinPlatformAgentDefault for ContainerHandleURI(file:///Users/arseniyradaev/.gradle/caches/modules-2/files-2.1/net.fabricmc/fabric-loader/0.18.3/234f25229c51fdd8c0f3a72af0dbcf1ecf2f45d1/fabric-loader-0.18.3.jar)
[17:14:13] [main/DEBUG] (FabricLoader/Mixin) MixinPlatformAgentDefault accepted container ContainerHandleURI(file:///Users/arseniyradaev/.gradle/caches/modules-2/files-2.1/net.fabricmc/fabric-loader/0.18.3/234f25229c51fdd8c0f3a72af0dbcf1ecf2f45d1/fabric-loader-0.18.3.jar)
[17:14:13] [main/DEBUG] (FabricLoader/Mixin) Instancing new MixinPlatformAgentDefault for ContainerHandleURI(file:///Users/arseniyradaev/.gradle/caches/modules-2/files-2.1/net.fabricmc/fabric-loader/0.18.3/234f25229c51fdd8c0f3a72af0dbcf1ecf2f45d1/fabric-loader-0.18.3.jar)
[17:14:13] [main/DEBUG] (FabricLoader/Mixin) MixinPlatformAgentDefault accepted container ContainerHandleURI(file:///Users/arseniyradaev/.gradle/caches/modules-2/files-2.1/net.fabricmc/fabric-loader/0.18.3/234f25229c51fdd8c0f3a72af0dbcf1ecf2f45d1/fabric-loader-0.18.3.jar)
[17:14:13] [main/DEBUG] (FabricLoader/Mixin) Processing prepare() for PlatformAgent[MixinPlatformAgentDefault:ContainerHandleURI(file:///Users/arseniyradaev/.gradle/caches/modules-2/files-2.1/net.fabricmc/fabric-loader/0.18.3/234f25229c51fdd8c0f3a72af0dbcf1ecf2f45d1/fabric-loader-0.18.3.jar)]
[17:14:13] [main/DEBUG] (FabricLoader/Mixin) Processing prepare() for PlatformAgent[MixinPlatformAgentDefault:ContainerHandleURI(file:///Users/arseniyradaev/.gradle/caches/modules-2/files-2.1/net.fabricmc/fabric-loader/0.18.3/234f25229c51fdd8c0f3a72af0dbcf1ecf2f45d1/fabric-loader-0.18.3.jar)]
[17:14:13] [main/INFO] (FabricLoader/Mixin) Loaded Fabric development mappings for mixin remapper!
[17:14:13] [main/DEBUG] (FabricLoader/Mixin) Compatibility level JAVA_21 specified by fabric-game-rule-api-v1.mixins.json is higher than the maximum level supported by this version of mixin (JAVA_13).
[17:14:13] [main/INFO] (FabricLoader/Mixin) Compatibility level set to JAVA_21
[17:14:13] [main/DEBUG] (FabricLoader/Mixin) Mixin config fabric-game-rule-api-v1.mixins.json does not specify "minVersion" or "requiredFeatures" property
[17:14:13] [main/DEBUG] (FabricLoader/Mixin) Mixin config fabric-game-rule-api-v1.client.mixins.json does not specify "minVersion" or "requiredFeatures" property
[17:14:13] [main/DEBUG] (FabricLoader/Mixin) Mixin config fabric-resource-loader-v1.mixins.json does not specify "minVersion" or "requiredFeatures" property
[17:14:13] [main/DEBUG] (FabricLoader/Mixin) Mixin config fabric-resource-loader-v1.client.mixins.json does not specify "minVersion" or "requiredFeatures" property
[17:14:13] [main/DEBUG] (FabricLoader/Mixin) Mixin config fabric-gametest-api-v1.mixins.json does not specify "minVersion" or "requiredFeatures" property
[17:14:13] [main/DEBUG] (FabricLoader/Mixin) Mixin config fabric-recipe-api-v1.mixins.json does not specify "minVersion" or "requiredFeatures" property
[17:14:13] [main/DEBUG] (FabricLoader/Mixin) Mixin config fabric-recipe-api-v1.client.mixins.json does not specify "minVersion" or "requiredFeatures" property
[17:14:13] [main/DEBUG] (FabricLoader/Mixin) Mixin config fabric-renderer-api-v1.mixins.json does not specify "minVersion" or "requiredFeatures" property
[17:14:13] [main/DEBUG] (FabricLoader/Mixin) Mixin config fabric-convention-tags-api-v2.mixins.json does not specify "minVersion" or "requiredFeatures" property
[17:14:13] [main/DEBUG] (FabricLoader/Mixin) Mixin config fabric-entity-events-v1.mixins.json does not specify "minVersion" or "requiredFeatures" property
[17:14:13] [main/DEBUG] (FabricLoader/Mixin) Mixin config fabric-serialization-api-v1.mixins.json does not specify "minVersion" or "requiredFeatures" property
[17:14:13] [main/DEBUG] (FabricLoader/Mixin) Mixin config fabric-screen-api-v1.mixins.json does not specify "minVersion" or "requiredFeatures" property
[17:14:13] [main/DEBUG] (FabricLoader/Mixin) Mixin config fabric-item-group-api-v1.mixins.json does not specify "minVersion" or "requiredFeatures" property
[17:14:13] [main/DEBUG] (FabricLoader/Mixin) Mixin config fabric-item-group-api-v1.client.mixins.json does not specify "minVersion" or "requiredFeatures" property
[17:14:13] [main/DEBUG] (FabricLoader/Mixin) Mixin config fabric-model-loading-api-v1.mixins.json does not specify "minVersion" or "requiredFeatures" property
[17:14:13] [main/DEBUG] (FabricLoader/Mixin) Compatibility level JAVA_16 specified by architectury-common.mixins.json is higher than the maximum level supported by this version of mixin (JAVA_13).
[17:14:13] [main/DEBUG] (FabricLoader/Mixin) Compatibility level JAVA_16 specified by architectury.mixins.json is higher than the maximum level supported by this version of mixin (JAVA_13).
[17:14:13] [main/DEBUG] (FabricLoader/Mixin) Mixin config fabric-loot-api-v2.mixins.json does not specify "minVersion" or "requiredFeatures" property
[17:14:13] [main/DEBUG] (FabricLoader/Mixin) Mixin config fabric-particles-v1.mixins.json does not specify "minVersion" or "requiredFeatures" property
[17:14:13] [main/DEBUG] (FabricLoader/Mixin) Mixin config fabric-particles-v1.client.mixins.json does not specify "minVersion" or "requiredFeatures" property
[17:14:13] [main/DEBUG] (FabricLoader/Mixin) Mixin config fabric-rendering-v1.mixins.json does not specify "minVersion" or "requiredFeatures" property
[17:14:13] [main/DEBUG] (FabricLoader/Mixin) Mixin config fabric-resource-loader-v0.mixins.json does not specify "minVersion" or "requiredFeatures" property
[17:14:13] [main/DEBUG] (FabricLoader/Mixin) Mixin config fabric-resource-loader-v0.client.mixins.json does not specify "minVersion" or "requiredFeatures" property
[17:14:13] [main/DEBUG] (FabricLoader/Mixin) Mixin config fabric-block-view-api-v2.mixins.json does not specify "minVersion" or "requiredFeatures" property
[17:14:13] [main/DEBUG] (FabricLoader/Mixin) Mixin config fabric-block-view-api-v2.client.mixins.json does not specify "minVersion" or "requiredFeatures" property
[17:14:13] [main/DEBUG] (FabricLoader/Mixin) Mixin config fabric-biome-api-v1.mixins.json does not specify "minVersion" or "requiredFeatures" property
[17:14:13] [main/DEBUG] (FabricLoader/Mixin) Mixin config fabric-screen-handler-api-v1.mixins.json does not specify "minVersion" or "requiredFeatures" property
[17:14:13] [main/DEBUG] (FabricLoader/Mixin) Mixin config fabric-message-api-v1.mixins.json does not specify "minVersion" or "requiredFeatures" property
[17:14:13] [main/DEBUG] (FabricLoader/Mixin) Mixin config fabric-message-api-v1.client.mixins.json does not specify "minVersion" or "requiredFeatures" property
[17:14:13] [main/DEBUG] (FabricLoader/Mixin) Mixin config fabric-object-builder-v1.mixins.json does not specify "minVersion" or "requiredFeatures" property
[17:14:13] [main/DEBUG] (FabricLoader/Mixin) Mixin config fabric-object-builder-v1.client.mixins.json does not specify "minVersion" or "requiredFeatures" property
[17:14:13] [main/DEBUG] (FabricLoader/Mixin) Mixin config fabric-rendering-fluids-v1.mixins.json does not specify "minVersion" or "requiredFeatures" property
[17:14:13] [main/DEBUG] (FabricLoader/Mixin) Mixin config fabric-networking-api-v1.mixins.json does not specify "minVersion" or "requiredFeatures" property
[17:14:13] [main/DEBUG] (FabricLoader/Mixin) Mixin config fabric-networking-api-v1.client.mixins.json does not specify "minVersion" or "requiredFeatures" property
[17:14:13] [main/DEBUG] (FabricLoader/Mixin) Mixin config fabric-lifecycle-events-v1.mixins.json does not specify "minVersion" or "requiredFeatures" property
[17:14:13] [main/DEBUG] (FabricLoader/Mixin) Mixin config fabric-lifecycle-events-v1.client.mixins.json does not specify "minVersion" or "requiredFeatures" property
[17:14:13] [main/DEBUG] (FabricLoader/Mixin) Mixin config fabric-transfer-api-v1.mixins.json does not specify "minVersion" or "requiredFeatures" property
[17:14:13] [main/DEBUG] (FabricLoader/Mixin) Mixin config fabric-block-api-v1.mixins.json does not specify "minVersion" or "requiredFeatures" property
[17:14:13] [main/DEBUG] (FabricLoader/Mixin) Mixin config fabric-renderer-indigo.mixins.json does not specify "minVersion" or "requiredFeatures" property
[17:14:13] [main/DEBUG] (FabricLoader/Mixin) Mixin config fabric-dimensions-v1.mixins.json does not specify "minVersion" or "requiredFeatures" property
[17:14:13] [main/DEBUG] (FabricLoader/Mixin) Mixin config fabric-data-generation-api-v1.mixins.json does not specify "minVersion" or "requiredFeatures" property
[17:14:13] [main/DEBUG] (FabricLoader/Mixin) Mixin config fabric-data-generation-api-v1.client.mixins.json does not specify "minVersion" or "requiredFeatures" property
[17:14:13] [main/DEBUG] (FabricLoader/Mixin) Mixin config fabric-command-api-v2.mixins.json does not specify "minVersion" or "requiredFeatures" property
[17:14:13] [main/DEBUG] (FabricLoader/Mixin) Mixin config fabric-command-api-v2.client.mixins.json does not specify "minVersion" or "requiredFeatures" property
[17:14:13] [main/DEBUG] (FabricLoader/Mixin) Mixin config fabric-api-lookup-api-v1.mixins.json does not specify "minVersion" or "requiredFeatures" property
[17:14:13] [main/DEBUG] (FabricLoader/Mixin) Mixin config fabric-events-interaction-v0.mixins.json does not specify "minVersion" or "requiredFeatures" property
[17:14:13] [main/DEBUG] (FabricLoader/Mixin) Mixin config fabric-events-interaction-v0.client.mixins.json does not specify "minVersion" or "requiredFeatures" property
[17:14:13] [main/DEBUG] (FabricLoader/Mixin) Mixin config fabric-sound-api-v1.mixins.json does not specify "minVersion" or "requiredFeatures" property
[17:14:13] [main/DEBUG] (FabricLoader/Mixin) Mixin config fabric-content-registries-v0.mixins.json does not specify "minVersion" or "requiredFeatures" property
[17:14:13] [main/DEBUG] (FabricLoader/Mixin) Mixin config fabric-registry-sync-v0.mixins.json does not specify "minVersion" or "requiredFeatures" property
[17:14:13] [main/DEBUG] (FabricLoader/Mixin) Mixin config fabric-registry-sync-v0.client.mixins.json does not specify "minVersion" or "requiredFeatures" property
[17:14:13] [main/DEBUG] (FabricLoader/Mixin) Mixin config fabric-item-api-v1.mixins.json does not specify "minVersion" or "requiredFeatures" property
[17:14:13] [main/DEBUG] (FabricLoader/Mixin) Mixin config fabric-item-api-v1.client.mixins.json does not specify "minVersion" or "requiredFeatures" property
[17:14:13] [main/DEBUG] (FabricLoader/Mixin) Mixin config fabric-data-attachment-api-v1.mixins.json does not specify "minVersion" or "requiredFeatures" property
[17:14:13] [main/DEBUG] (FabricLoader/Mixin) Mixin config fabric-data-attachment-api-v1.client.mixins.json does not specify "minVersion" or "requiredFeatures" property
[17:14:13] [main/DEBUG] (FabricLoader/Mixin) Mixin config fabric-key-binding-api-v1.mixins.json does not specify "minVersion" or "requiredFeatures" property
[17:14:13] [main/DEBUG] (FabricLoader/Mixin) Mixin config fabric-resource-conditions-api-v1.mixins.json does not specify "minVersion" or "requiredFeatures" property
[17:14:13] [main/DEBUG] (FabricLoader/Mixin) Mixin config fabric-tag-api-v1.mixins.json does not specify "minVersion" or "requiredFeatures" property
[17:14:13] [main/DEBUG] (FabricLoader/Mixin) Mixin config fabric-client-gametest-api-v1.mixins.json does not specify "minVersion" or "requiredFeatures" property
[17:14:13] [main/DEBUG] (FabricLoader/Mixin) Mixin config fabric-loot-api-v3.mixins.json does not specify "minVersion" or "requiredFeatures" property
[17:14:13] [main/DEBUG] (FabricLoader/Mixin) Mixin config fabric-crash-report-info-v1.mixins.json does not specify "minVersion" or "requiredFeatures" property
[17:14:13] [main/DEBUG] (FabricLoader/Knot) Adding /Users/arseniyradaev/Documents/IdeaProjects/Effectual/Effectual 1.21.10/.gradle/loom-cache/minecraftMaven/net/minecraft/minecraft-merged-fc94d00cde/1.21.10-loom.mappings.1_21_10.layered+hash.40359-v2/minecraft-merged-fc94d00cde-1.21.10-loom.mappings.1_21_10.layered+hash.40359-v2.jar to classpath.
[17:14:13] [main/DEBUG] (FabricLoader/Knot) Adding /Users/arseniyradaev/Documents/IdeaProjects/Effectual/Effectual 1.21.10/fabric/build/classes/java/main to classpath.
[17:14:13] [main/DEBUG] (FabricLoader/Knot) Adding /Users/arseniyradaev/Documents/IdeaProjects/Effectual/Effectual 1.21.10/fabric/build/resources/main to classpath.
[17:14:13] [main/DEBUG] (FabricLoader/Knot) Adding /Users/arseniyradaev/.gradle/caches/fabric-loom/1.21.10/loom.mappings.1_21_10.layered+hash.40359-v2/mappings.jar to classpath.
[17:14:13] [main/DEBUG] (FabricLoader/Knot) Adding /Users/arseniyradaev/.gradle/caches/modules-2/files-2.1/dev.architectury/architectury-transformer/5.2.87/c81d58e13fbd902ba5d909126733b9e3771c4395/architectury-transformer-5.2.87-agent.jar to classpath.
[17:14:13] [main/DEBUG] (FabricLoader/Knot) Adding /Users/arseniyradaev/.gradle/caches/modules-2/files-2.1/dev.architectury/architectury-transformer/5.2.87/980814ce433a3396de4495194f027dfecc94bb3a/architectury-transformer-5.2.87-runtime.jar to classpath.
[17:14:13] [main/DEBUG] (FabricLoader/Knot) Adding /Users/arseniyradaev/Documents/IdeaProjects/Effectual/Effectual 1.21.10/common/build/devlibs/effectual-common-1.3.0-1.21.10-dev.jar to classpath.
[17:14:13] [main/DEBUG] (FabricLoader/Knot) Adding /Users/arseniyradaev/.gradle/caches/modules-2/files-2.1/io.github.llamalad7/mixinextras-fabric/0.5.0/91a83dfb7abd320f6236bd1fcf5c0ff143d59a13/mixinextras-fabric-0.5.0.jar to classpath.
[17:14:13] [main/DEBUG] (FabricLoader/Knot) Adding /Users/arseniyradaev/.gradle/caches/modules-2/files-2.1/net.fabricmc/dev-launch-injector/0.2.1+build.8/da8bef7e6e2f952da707f282bdb46882a0fce5e3/dev-launch-injector-0.2.1+build.8.jar to classpath.
[17:14:13] [main/DEBUG] (FabricLoader/Knot) Adding /Users/arseniyradaev/.gradle/caches/modules-2/files-2.1/ca.weblite/java-objc-bridge/1.1/1227f9e0666314f9de41477e3ec277e542ed7f7b/java-objc-bridge-1.1.jar to classpath.
[17:14:13] [main/DEBUG] (FabricLoader/Knot) Adding /Users/arseniyradaev/.gradle/caches/modules-2/files-2.1/com.fasterxml.jackson.core/jackson-annotations/2.13.4/858c6cc78e1f08a885b1613e1d817c829df70a6e/jackson-annotations-2.13.4.jar to classpath.
[17:14:13] [main/DEBUG] (FabricLoader/Knot) Adding /Users/arseniyradaev/.gradle/caches/modules-2/files-2.1/com.fasterxml.jackson.core/jackson-core/2.13.4/cf934c681294b97ef6d80082faeefbe1edadf56/jackson-core-2.13.4.jar to classpath.
[17:14:13] [main/DEBUG] (FabricLoader/Knot) Adding /Users/arseniyradaev/.gradle/caches/modules-2/files-2.1/com.fasterxml.jackson.core/jackson-databind/2.13.4.2/325c06bdfeb628cfb80ebaaf1a26cc1eb558a585/jackson-databind-2.13.4.2.jar to classpath.
[17:14:13] [main/DEBUG] (FabricLoader/Knot) Adding /Users/arseniyradaev/.gradle/caches/modules-2/files-2.1/com.github.oshi/oshi-core/6.6.5/e1099981fd15dc4236c4499d82aba1276fb43a9a/oshi-core-6.6.5.jar to classpath.
[17:14:13] [main/DEBUG] (FabricLoader/Knot) Adding /Users/arseniyradaev/.gradle/caches/modules-2/files-2.1/com.github.stephenc.jcip/jcip-annotations/1.0-1/ef31541dd28ae2cefdd17c7ebf352d93e9058c63/jcip-annotations-1.0-1.jar to classpath.
[17:14:13] [main/DEBUG] (FabricLoader/Knot) Adding /Users/arseniyradaev/.gradle/caches/modules-2/files-2.1/com.google.guava/failureaccess/1.0.2/c4a06a64e650562f30b7bf9aaec1bfed43aca12b/failureaccess-1.0.2.jar to classpath.
[17:14:13] [main/DEBUG] (FabricLoader/Knot) Adding /Users/arseniyradaev/.gradle/caches/modules-2/files-2.1/com.google.guava/guava/33.3.1-jre/852f8b363da0111e819460021ca693cacca3e8db/guava-33.3.1-jre.jar to classpath.
[17:14:13] [main/DEBUG] (FabricLoader/Knot) Adding /Users/arseniyradaev/.gradle/caches/modules-2/files-2.1/com.ibm.icu/icu4j/76.1/215f3a8e936d4069344bd75f2b1368fd58112894/icu4j-76.1.jar to classpath.
[17:14:13] [main/DEBUG] (FabricLoader/Knot) Adding /Users/arseniyradaev/.gradle/caches/modules-2/files-2.1/com.microsoft.azure/msal4j/1.17.2/a6211e3d71d0388929babaa0ff0951b30d001852/msal4j-1.17.2.jar to classpath.
[17:14:13] [main/DEBUG] (FabricLoader/Knot) Adding /Users/arseniyradaev/.gradle/caches/modules-2/files-2.1/com.mojang/blocklist/1.0.10/5c685c5ffa94c4cd39496c7184c1d122e515ecef/blocklist-1.0.10.jar to classpath.
[17:14:13] [main/DEBUG] (FabricLoader/Knot) Adding /Users/arseniyradaev/.gradle/caches/modules-2/files-2.1/com.mojang/brigadier/1.3.10/d15b53a14cf20fdcaa98f731af5dda654452c010/brigadier-1.3.10.jar to classpath.
[17:14:13] [main/DEBUG] (FabricLoader/Knot) Adding /Users/arseniyradaev/.gradle/caches/modules-2/files-2.1/com.mojang/datafixerupper/8.0.16/67d4de6d7f95d89bcf5862995fb854ebaec02a34/datafixerupper-8.0.16.jar to classpath.
[17:14:13] [main/DEBUG] (FabricLoader/Knot) Adding /Users/arseniyradaev/.gradle/caches/modules-2/files-2.1/com.mojang/jtracy/1.0.36/20a63d06b621bfeb3cb21ef51b7fa40c0fc22021/jtracy-1.0.36.jar to classpath.
[17:14:13] [main/DEBUG] (FabricLoader/Knot) Adding /Users/arseniyradaev/.gradle/caches/modules-2/files-2.1/com.mojang/jtracy/1.0.36/fc14ac6acc30865d390e87ac57fc758e4393ef60/jtracy-1.0.36-natives-macos.jar to classpath.
[17:14:13] [main/DEBUG] (FabricLoader/Knot) Adding /Users/arseniyradaev/.gradle/caches/modules-2/files-2.1/com.mojang/jtracy/1.0.36/4be9270dc14eb021954445e8895dff223875ace6/jtracy-1.0.36-natives-macos-arm64.jar to classpath.
[17:14:13] [main/DEBUG] (FabricLoader/Knot) Adding /Users/arseniyradaev/.gradle/caches/modules-2/files-2.1/com.mojang/patchy/2.2.10/da05971b07cbb379d002cf7eaec6a2048211fefc/patchy-2.2.10.jar to classpath.
[17:14:13] [main/DEBUG] (FabricLoader/Knot) Adding /Users/arseniyradaev/.gradle/caches/modules-2/files-2.1/com.mojang/text2speech/1.18.11/e853a12cdd6ba4f4836e8f4bf3b37844a13482b6/text2speech-1.18.11.jar to classpath.
[17:14:13] [main/DEBUG] (FabricLoader/Knot) Adding /Users/arseniyradaev/.gradle/caches/modules-2/files-2.1/com.nimbusds/content-type/2.3/e3aa0be212d7a42839a8f3f506f5b990bcce0222/content-type-2.3.jar to classpath.
[17:14:13] [main/DEBUG] (FabricLoader/Knot) Adding /Users/arseniyradaev/.gradle/caches/modules-2/files-2.1/com.nimbusds/lang-tag/1.7/97c73ecd70bc7e8eefb26c5eea84f251a63f1031/lang-tag-1.7.jar to classpath.
[17:14:13] [main/DEBUG] (FabricLoader/Knot) Adding /Users/arseniyradaev/.gradle/caches/modules-2/files-2.1/com.nimbusds/nimbus-jose-jwt/9.40/42b1dfa0360e4062951b070bac52dd8d96fd7b38/nimbus-jose-jwt-9.40.jar to classpath.
[17:14:13] [main/DEBUG] (FabricLoader/Knot) Adding /Users/arseniyradaev/.gradle/caches/modules-2/files-2.1/com.nimbusds/oauth2-oidc-sdk/11.18/7c7ec4f4066625ff07a711ad856fa04da1ff9de/oauth2-oidc-sdk-11.18.jar to classpath.
[17:14:13] [main/DEBUG] (FabricLoader/Knot) Adding /Users/arseniyradaev/.gradle/caches/modules-2/files-2.1/commons-codec/commons-codec/1.17.1/973638b7149d333563584137ebf13a691bb60579/commons-codec-1.17.1.jar to classpath.
[17:14:13] [main/DEBUG] (FabricLoader/Knot) Adding /Users/arseniyradaev/.gradle/caches/modules-2/files-2.1/commons-io/commons-io/2.17.0/ddcc8433eb019fb48fe25207c0278143f3e1d7e2/commons-io-2.17.0.jar to classpath.
[17:14:13] [main/DEBUG] (FabricLoader/Knot) Adding /Users/arseniyradaev/.gradle/caches/modules-2/files-2.1/commons-logging/commons-logging/1.3.4/b9fc14968d63a8b8a8a2c1885fe3e90564239708/commons-logging-1.3.4.jar to classpath.
[17:14:13] [main/DEBUG] (FabricLoader/Knot) Adding /Users/arseniyradaev/.gradle/caches/modules-2/files-2.1/io.netty/netty-buffer/4.1.118.Final/7022990af1e0d449f9d5322035899745e19735c5/netty-buffer-4.1.118.Final.jar to classpath.
[17:14:13] [main/DEBUG] (FabricLoader/Knot) Adding /Users/arseniyradaev/.gradle/caches/modules-2/files-2.1/io.netty/netty-codec-http/4.1.118.Final/eda08a71294afe78c779b85fd696bc13491507a8/netty-codec-http-4.1.118.Final.jar to classpath.
[17:14:13] [main/DEBUG] (FabricLoader/Knot) Adding /Users/arseniyradaev/.gradle/caches/modules-2/files-2.1/io.netty/netty-codec/4.1.118.Final/307f665c08ce57333121de4f460479fc0c3c94d4/netty-codec-4.1.118.Final.jar to classpath.
[17:14:13] [main/DEBUG] (FabricLoader/Knot) Adding /Users/arseniyradaev/.gradle/caches/modules-2/files-2.1/io.netty/netty-common/4.1.118.Final/4bb0f9899146484fa89f7b9bc27389d5b8e2ecde/netty-common-4.1.118.Final.jar to classpath.
[17:14:13] [main/DEBUG] (FabricLoader/Knot) Adding /Users/arseniyradaev/.gradle/caches/modules-2/files-2.1/io.netty/netty-handler/4.1.118.Final/30ebb05b6b0fb071dbfcf713017c4a767a97bb9b/netty-handler-4.1.118.Final.jar to classpath.
[17:14:13] [main/DEBUG] (FabricLoader/Knot) Adding /Users/arseniyradaev/.gradle/caches/modules-2/files-2.1/io.netty/netty-resolver/4.1.118.Final/28c378c19c1779eca1104b400452627f3ebc4aea/netty-resolver-4.1.118.Final.jar to classpath.
[17:14:13] [main/DEBUG] (FabricLoader/Knot) Adding /Users/arseniyradaev/.gradle/caches/modules-2/files-2.1/io.netty/netty-transport-classes-epoll/4.1.118.Final/376ce95507066f0e755d97c1c8bcd6c33f657617/netty-transport-classes-epoll-4.1.118.Final.jar to classpath.
[17:14:13] [main/DEBUG] (FabricLoader/Knot) Adding /Users/arseniyradaev/.gradle/caches/modules-2/files-2.1/io.netty/netty-transport-native-unix-common/4.1.118.Final/9da25a94e6a0edac90da0bc7894e5a54efcb866b/netty-transport-native-unix-common-4.1.118.Final.jar to classpath.
[17:14:13] [main/DEBUG] (FabricLoader/Knot) Adding /Users/arseniyradaev/.gradle/caches/modules-2/files-2.1/io.netty/netty-transport/4.1.118.Final/5a27232e5d08218722d94ca14f0b1b4576e7711c/netty-transport-4.1.118.Final.jar to classpath.
[17:14:13] [main/DEBUG] (FabricLoader/Knot) Adding /Users/arseniyradaev/.gradle/caches/modules-2/files-2.1/it.unimi.dsi/fastutil/8.5.15/1e885b40c9563ab0d3899b871fd0b30e958705dc/fastutil-8.5.15.jar to classpath.
[17:14:13] [main/DEBUG] (FabricLoader/Knot) Adding /Users/arseniyradaev/.gradle/caches/modules-2/files-2.1/net.java.dev.jna/jna-platform/5.15.0/86b502cad57d45da172b5e3231c537b042e296ef/jna-platform-5.15.0.jar to classpath.
[17:14:13] [main/DEBUG] (FabricLoader/Knot) Adding /Users/arseniyradaev/.gradle/caches/modules-2/files-2.1/net.java.dev.jna/jna/5.15.0/1ee1d80ff44f08280188f7c0e740d57207841ac/jna-5.15.0.jar to classpath.
[17:14:13] [main/DEBUG] (FabricLoader/Knot) Adding /Users/arseniyradaev/.gradle/caches/modules-2/files-2.1/net.minidev/accessors-smart/2.5.1/19b820261eb2e7de7d5bde11d1c06e4501dd7e5f/accessors-smart-2.5.1.jar to classpath.
[17:14:13] [main/DEBUG] (FabricLoader/Knot) Adding /Users/arseniyradaev/.gradle/caches/modules-2/files-2.1/net.minidev/json-smart/2.5.1/4c11d2808d009132dfbbf947ebf37de6bf266c8e/json-smart-2.5.1.jar to classpath.
[17:14:13] [main/DEBUG] (FabricLoader/Knot) Adding /Users/arseniyradaev/.gradle/caches/modules-2/files-2.1/net.sf.jopt-simple/jopt-simple/5.0.4/4fdac2fbe92dfad86aa6e9301736f6b4342a3f5c/jopt-simple-5.0.4.jar to classpath.
[17:14:13] [main/DEBUG] (FabricLoader/Knot) Adding /Users/arseniyradaev/.gradle/caches/modules-2/files-2.1/org.apache.commons/commons-compress/1.27.1/a19151084758e2fbb6b41eddaa88e7b8ff4e6599/commons-compress-1.27.1.jar to classpath.
[17:14:13] [main/DEBUG] (FabricLoader/Knot) Adding /Users/arseniyradaev/.gradle/caches/modules-2/files-2.1/org.apache.commons/commons-lang3/3.17.0/b17d2136f0460dcc0d2016ceefca8723bdf4ee70/commons-lang3-3.17.0.jar to classpath.
[17:14:13] [main/DEBUG] (FabricLoader/Knot) Adding /Users/arseniyradaev/.gradle/caches/modules-2/files-2.1/org.apache.httpcomponents/httpclient/4.5.14/1194890e6f56ec29177673f2f12d0b8e627dec98/httpclient-4.5.14.jar to classpath.
[17:14:13] [main/DEBUG] (FabricLoader/Knot) Adding /Users/arseniyradaev/.gradle/caches/modules-2/files-2.1/org.apache.httpcomponents/httpcore/4.4.16/51cf043c87253c9f58b539c9f7e44c8894223850/httpcore-4.4.16.jar to classpath.
[17:14:13] [main/DEBUG] (FabricLoader/Knot) Adding /Users/arseniyradaev/.gradle/caches/modules-2/files-2.1/org.jcraft/jorbis/0.0.17/8872d22b293e8f5d7d56ff92be966e6dc28ebdc6/jorbis-0.0.17.jar to classpath.
[17:14:13] [main/DEBUG] (FabricLoader/Knot) Adding /Users/arseniyradaev/.gradle/caches/modules-2/files-2.1/org.joml/joml/1.10.8/fc0a71dad90a2cf41d82a76156a0e700af8e4f8d/joml-1.10.8.jar to classpath.
[17:14:13] [main/DEBUG] (FabricLoader/Knot) Adding /Users/arseniyradaev/.gradle/caches/modules-2/files-2.1/org.lwjgl/lwjgl-freetype/3.3.3/a0db6c84a8becc8ca05f9dbfa985edc348a824c7/lwjgl-freetype-3.3.3.jar to classpath.
[17:14:13] [main/DEBUG] (FabricLoader/Knot) Adding /Users/arseniyradaev/.gradle/caches/modules-2/files-2.1/org.lwjgl/lwjgl-freetype/3.3.3/b0a8c9baa9d1f54ac61e1ab9640c7659e7fa700c/lwjgl-freetype-3.3.3-natives-macos-arm64.jar to classpath.
[17:14:13] [main/DEBUG] (FabricLoader/Knot) Adding /Users/arseniyradaev/.gradle/caches/modules-2/files-2.1/org.lwjgl/lwjgl-freetype/3.3.3/806d869f37ce0df388a24e17aaaf5ca0894d851b/lwjgl-freetype-3.3.3-natives-macos-patch.jar to classpath.
[17:14:13] [main/DEBUG] (FabricLoader/Knot) Adding /Users/arseniyradaev/.gradle/caches/modules-2/files-2.1/org.lwjgl/lwjgl-glfw/3.3.3/efa1eb78c5ccd840e9f329717109b5e892d72f8e/lwjgl-glfw-3.3.3.jar to classpath.
[17:14:13] [main/DEBUG] (FabricLoader/Knot) Adding /Users/arseniyradaev/.gradle/caches/modules-2/files-2.1/org.lwjgl/lwjgl-glfw/3.3.3/a1bf400f6bc64e6195596cb1430dafda46090751/lwjgl-glfw-3.3.3-natives-macos.jar to classpath.
[17:14:13] [main/DEBUG] (FabricLoader/Knot) Adding /Users/arseniyradaev/.gradle/caches/modules-2/files-2.1/org.lwjgl/lwjgl-glfw/3.3.3/ee8cc78d0a4a5b3b4600fade6d927c9fc320c858/lwjgl-glfw-3.3.3-natives-macos-arm64.jar to classpath.
[17:14:13] [main/DEBUG] (FabricLoader/Knot) Adding /Users/arseniyradaev/.gradle/caches/modules-2/files-2.1/org.lwjgl/lwjgl-jemalloc/3.3.3/b543467b7ff3c6920539a88ee602d34098628be5/lwjgl-jemalloc-3.3.3.jar to classpath.
[17:14:13] [main/DEBUG] (FabricLoader/Knot) Adding /Users/arseniyradaev/.gradle/caches/modules-2/files-2.1/org.lwjgl/lwjgl-jemalloc/3.3.3/2906637657a57579847238c9c72d2c4bde7083f8/lwjgl-jemalloc-3.3.3-natives-macos.jar to classpath.
[17:14:13] [main/DEBUG] (FabricLoader/Knot) Adding /Users/arseniyradaev/.gradle/caches/modules-2/files-2.1/org.lwjgl/lwjgl-jemalloc/3.3.3/e9412c3ff8cb3a3bad1d3f52909ad74d8a5bdad1/lwjgl-jemalloc-3.3.3-natives-macos-arm64.jar to classpath.
[17:14:13] [main/DEBUG] (FabricLoader/Knot) Adding /Users/arseniyradaev/.gradle/caches/modules-2/files-2.1/org.lwjgl/lwjgl-openal/3.3.3/daada81ceb5fc0c291fbfdd4433cb8d9423577f2/lwjgl-openal-3.3.3.jar to classpath.
[17:14:13] [main/DEBUG] (FabricLoader/Knot) Adding /Users/arseniyradaev/.gradle/caches/modules-2/files-2.1/org.lwjgl/lwjgl-openal/3.3.3/8df8338bfa77f2ebabef4e58964bd04d24805cbf/lwjgl-openal-3.3.3-natives-macos.jar to classpath.
[17:14:13] [main/DEBUG] (FabricLoader/Knot) Adding /Users/arseniyradaev/.gradle/caches/modules-2/files-2.1/org.lwjgl/lwjgl-openal/3.3.3/c78b078de2fb52f45aa55d04db889a560f3544f/lwjgl-openal-3.3.3-natives-macos-arm64.jar to classpath.
[17:14:13] [main/DEBUG] (FabricLoader/Knot) Adding /Users/arseniyradaev/.gradle/caches/modules-2/files-2.1/org.lwjgl/lwjgl-opengl/3.3.3/2f6b0147078396a58979125a4c947664e98293a/lwjgl-opengl-3.3.3.jar to classpath.
[17:14:13] [main/DEBUG] (FabricLoader/Knot) Adding /Users/arseniyradaev/.gradle/caches/modules-2/files-2.1/org.lwjgl/lwjgl-opengl/3.3.3/1bd45997551ae8a28469f3a2b678f4b7289e12c0/lwjgl-opengl-3.3.3-natives-macos.jar to classpath.
[17:14:13] [main/DEBUG] (FabricLoader/Knot) Adding /Users/arseniyradaev/.gradle/caches/modules-2/files-2.1/org.lwjgl/lwjgl-opengl/3.3.3/d213ddef27637b1af87961ffa94d6b27036becc8/lwjgl-opengl-3.3.3-natives-macos-arm64.jar to classpath.
[17:14:13] [main/DEBUG] (FabricLoader/Knot) Adding /Users/arseniyradaev/.gradle/caches/modules-2/files-2.1/org.lwjgl/lwjgl-stb/3.3.3/25dd6161988d7e65f71d5065c99902402ee32746/lwjgl-stb-3.3.3.jar to classpath.
[17:14:13] [main/DEBUG] (FabricLoader/Knot) Adding /Users/arseniyradaev/.gradle/caches/modules-2/files-2.1/org.lwjgl/lwjgl-stb/3.3.3/472792c98fb2c1557c060cb9da5fca6a9773621f/lwjgl-stb-3.3.3-natives-macos.jar to classpath.
[17:14:13] [main/DEBUG] (FabricLoader/Knot) Adding /Users/arseniyradaev/.gradle/caches/modules-2/files-2.1/org.lwjgl/lwjgl-stb/3.3.3/51c6955571fbcdb7bb538c6aa589b953b584c6af/lwjgl-stb-3.3.3-natives-macos-arm64.jar to classpath.
[17:14:13] [main/DEBUG] (FabricLoader/Knot) Adding /Users/arseniyradaev/.gradle/caches/modules-2/files-2.1/org.lwjgl/lwjgl-tinyfd/3.3.3/82d755ca94b102e9ca77283b9e2dc46d1b15fbe5/lwjgl-tinyfd-3.3.3.jar to classpath.
[17:14:13] [main/DEBUG] (FabricLoader/Knot) Adding /Users/arseniyradaev/.gradle/caches/modules-2/files-2.1/org.lwjgl/lwjgl-tinyfd/3.3.3/6598081e346a03038a8be68eb2de614a1c2eac68/lwjgl-tinyfd-3.3.3-natives-macos.jar to classpath.
[17:14:13] [main/DEBUG] (FabricLoader/Knot) Adding /Users/arseniyradaev/.gradle/caches/modules-2/files-2.1/org.lwjgl/lwjgl-tinyfd/3.3.3/406feedb977372085a61eb0fee358183f4f4c67a/lwjgl-tinyfd-3.3.3-natives-macos-arm64.jar to classpath.
[17:14:13] [main/DEBUG] (FabricLoader/Knot) Adding /Users/arseniyradaev/.gradle/caches/modules-2/files-2.1/org.lwjgl/lwjgl/3.3.3/29589b5f87ed335a6c7e7ee6a5775f81f97ecb84/lwjgl-3.3.3.jar to classpath.
[17:14:13] [main/DEBUG] (FabricLoader/Knot) Adding /Users/arseniyradaev/.gradle/caches/modules-2/files-2.1/org.lwjgl/lwjgl/3.3.3/33a6efa288390490ce6eb6c3df47ac21ecf648cf/lwjgl-3.3.3-natives-macos.jar to classpath.
[17:14:13] [main/DEBUG] (FabricLoader/Knot) Adding /Users/arseniyradaev/.gradle/caches/modules-2/files-2.1/org.lwjgl/lwjgl/3.3.3/226246e75f6bd8d4e1895bdce8638ef87808d114/lwjgl-3.3.3-natives-macos-arm64.jar to classpath.
[17:14:13] [main/DEBUG] (FabricLoader/Knot) Adding /Users/arseniyradaev/.gradle/caches/modules-2/files-2.1/org.lz4/lz4-java/1.8.0/4b986a99445e49ea5fbf5d149c4b63f6ed6c6780/lz4-java-1.8.0.jar to classpath.
[17:14:13] [main/DEBUG] (FabricLoader/Knot) Adding /Users/arseniyradaev/.gradle/caches/modules-2/files-2.1/io.netty/netty-transport-native-epoll/4.1.118.Final/7e6b89e3746acb7cf6f0aad993bbd058fc6d912e/netty-transport-native-epoll-4.1.118.Final-linux-x86_64.jar to classpath.
[17:14:13] [main/DEBUG] (FabricLoader/Knot) Adding /Users/arseniyradaev/.gradle/caches/modules-2/files-2.1/io.netty/netty-transport-native-epoll/4.1.118.Final/82f94d0a9d837f6b6a580379373310ff7288c0f8/netty-transport-native-epoll-4.1.118.Final-linux-aarch_64.jar to classpath.
[17:14:13] [main/DEBUG] (FabricLoader/Knot) Adding /Users/arseniyradaev/.gradle/caches/modules-2/files-2.1/blue.endless/jankson/1.2.0/3a596049034f2952c0b2d40ca41f9b98856d5fb4/jankson-1.2.0.jar to classpath.
[17:14:13] [main/DEBUG] (FabricLoader/Knot) Adding /Users/arseniyradaev/.gradle/caches/modules-2/files-2.1/com.moandjiezana.toml/toml4j/0.7.2/a03337911d0bd2c40932aca3946edb30d0e7d0c/toml4j-0.7.2.jar to classpath.
[17:14:13] [main/DEBUG] (FabricLoader/Knot) Adding /Users/arseniyradaev/.gradle/caches/modules-2/files-2.1/org.yaml/snakeyaml/1.27/359d62567480b07a679dc643f82fc926b100eed5/snakeyaml-1.27.jar to classpath.
[17:14:13] [main/DEBUG] (FabricLoader/Knot) Adding /Users/arseniyradaev/Documents/IdeaProjects/Effectual/Effectual 1.21.10/.gradle/loom-cache/remapped_mods/remapped/dev/architectury/architectury-fabric-cdbb5210/18.0.6/architectury-fabric-cdbb5210-18.0.6.jar to classpath.
[17:14:13] [main/DEBUG] (FabricLoader/Knot) Adding /Users/arseniyradaev/Documents/IdeaProjects/Effectual/Effectual 1.21.10/.gradle/loom-cache/remapped_mods/remapped/net/fabricmc/fabric-api/fabric-api-cdbb5210/0.138.4+1.21.10/fabric-api-cdbb5210-0.138.4+1.21.10.jar to classpath.
[17:14:13] [main/DEBUG] (FabricLoader/Knot) Adding /Users/arseniyradaev/Documents/IdeaProjects/Effectual/Effectual 1.21.10/.gradle/loom-cache/remapped_mods/remapped/com/imeetake/tlib-fabric-cdbb5210/1.4.1-1.21.10/tlib-fabric-cdbb5210-1.4.1-1.21.10.jar to classpath.
[17:14:13] [main/DEBUG] (FabricLoader/Knot) Adding /Users/arseniyradaev/Documents/IdeaProjects/Effectual/Effectual 1.21.10/.gradle/loom-cache/remapped_mods/remapped/net/fabricmc/fabric-api/fabric-transfer-api-v1-cdbb5210/6.0.15+79ec2c126f/fabric-transfer-api-v1-cdbb5210-6.0.15+79ec2c126f.jar to classpath.
[17:14:13] [main/DEBUG] (FabricLoader/Knot) Adding /Users/arseniyradaev/Documents/IdeaProjects/Effectual/Effectual 1.21.10/.gradle/loom-cache/remapped_mods/remapped/net/fabricmc/fabric-api/fabric-api-lookup-api-v1-cdbb5210/1.6.106+d17682156f/fabric-api-lookup-api-v1-cdbb5210-1.6.106+d17682156f.jar to classpath.
[17:14:13] [main/DEBUG] (FabricLoader/Knot) Adding /Users/arseniyradaev/Documents/IdeaProjects/Effectual/Effectual 1.21.10/.gradle/loom-cache/remapped_mods/remapped/net/fabricmc/fabric-api/fabric-command-api-v2-cdbb5210/2.4.0+c0ab2d5d6f/fabric-command-api-v2-cdbb5210-2.4.0+c0ab2d5d6f.jar to classpath.
[17:14:13] [main/DEBUG] (FabricLoader/Knot) Adding /Users/arseniyradaev/Documents/IdeaProjects/Effectual/Effectual 1.21.10/.gradle/loom-cache/remapped_mods/remapped/net/fabricmc/fabric-api/fabric-content-registries-v0-cdbb5210/10.2.6+b6a242646f/fabric-content-registries-v0-cdbb5210-10.2.6+b6a242646f.jar to classpath.
[17:14:13] [main/DEBUG] (FabricLoader/Knot) Adding /Users/arseniyradaev/Documents/IdeaProjects/Effectual/Effectual 1.21.10/.gradle/loom-cache/remapped_mods/remapped/net/fabricmc/fabric-api/fabric-data-generation-api-v1-cdbb5210/23.2.27+d8b85ef16f/fabric-data-generation-api-v1-cdbb5210-23.2.27+d8b85ef16f.jar to classpath.
[17:14:13] [main/DEBUG] (FabricLoader/Knot) Adding /Users/arseniyradaev/Documents/IdeaProjects/Effectual/Effectual 1.21.10/.gradle/loom-cache/remapped_mods/remapped/net/fabricmc/fabric-api/fabric-convention-tags-v1-cdbb5210/2.1.49+7f945d5b6f/fabric-convention-tags-v1-cdbb5210-2.1.49+7f945d5b6f.jar to classpath.
[17:14:13] [main/DEBUG] (FabricLoader/Knot) Adding /Users/arseniyradaev/Documents/IdeaProjects/Effectual/Effectual 1.21.10/.gradle/loom-cache/remapped_mods/remapped/net/fabricmc/fabric-api/fabric-convention-tags-v2-cdbb5210/2.17.0+ff7bc77d6f/fabric-convention-tags-v2-cdbb5210-2.17.0+ff7bc77d6f.jar to classpath.
[17:14:13] [main/DEBUG] (FabricLoader/Knot) Adding /Users/arseniyradaev/Documents/IdeaProjects/Effectual/Effectual 1.21.10/.gradle/loom-cache/remapped_mods/remapped/net/fabricmc/fabric-api/fabric-data-attachment-api-v1-cdbb5210/1.8.33+cd3b9e596f/fabric-data-attachment-api-v1-cdbb5210-1.8.33+cd3b9e596f.jar to classpath.
[17:14:13] [main/DEBUG] (FabricLoader/Knot) Adding /Users/arseniyradaev/Documents/IdeaProjects/Effectual/Effectual 1.21.10/.gradle/loom-cache/remapped_mods/remapped/net/fabricmc/fabric-api/fabric-entity-events-v1-cdbb5210/2.1.13+fde3702c6f/fabric-entity-events-v1-cdbb5210-2.1.13+fde3702c6f.jar to classpath.
[17:14:13] [main/DEBUG] (FabricLoader/Knot) Adding /Users/arseniyradaev/Documents/IdeaProjects/Effectual/Effectual 1.21.10/.gradle/loom-cache/remapped_mods/remapped/net/fabricmc/fabric-api/fabric-events-interaction-v0-cdbb5210/4.0.36+5ba217126f/fabric-events-interaction-v0-cdbb5210-4.0.36+5ba217126f.jar to classpath.
[17:14:13] [main/DEBUG] (FabricLoader/Knot) Adding /Users/arseniyradaev/Documents/IdeaProjects/Effectual/Effectual 1.21.10/.gradle/loom-cache/remapped_mods/remapped/net/fabricmc/fabric-api/fabric-gametest-api-v1-cdbb5210/3.1.21+33df5e6e6f/fabric-gametest-api-v1-cdbb5210-3.1.21+33df5e6e6f.jar to classpath.
[17:14:13] [main/DEBUG] (FabricLoader/Knot) Adding /Users/arseniyradaev/Documents/IdeaProjects/Effectual/Effectual 1.21.10/.gradle/loom-cache/remapped_mods/remapped/net/fabricmc/fabric-api/fabric-item-api-v1-cdbb5210/11.5.11+9bce411b6f/fabric-item-api-v1-cdbb5210-11.5.11+9bce411b6f.jar to classpath.
[17:14:13] [main/DEBUG] (FabricLoader/Knot) Adding /Users/arseniyradaev/Documents/IdeaProjects/Effectual/Effectual 1.21.10/.gradle/loom-cache/remapped_mods/remapped/net/fabricmc/fabric-api/fabric-item-group-api-v1-cdbb5210/4.2.27+86b3ae576f/fabric-item-group-api-v1-cdbb5210-4.2.27+86b3ae576f.jar to classpath.
[17:14:13] [main/DEBUG] (FabricLoader/Knot) Adding /Users/arseniyradaev/Documents/IdeaProjects/Effectual/Effectual 1.21.10/.gradle/loom-cache/remapped_mods/remapped/net/fabricmc/fabric-api/fabric-recipe-api-v1-cdbb5210/8.2.0+39709ef06f/fabric-recipe-api-v1-cdbb5210-8.2.0+39709ef06f.jar to classpath.
[17:14:13] [main/DEBUG] (FabricLoader/Knot) Adding /Users/arseniyradaev/Documents/IdeaProjects/Effectual/Effectual 1.21.10/.gradle/loom-cache/remapped_mods/remapped/net/fabricmc/fabric-api/fabric-model-loading-api-v1-cdbb5210/6.0.5+3ffd6ef06f/fabric-model-loading-api-v1-cdbb5210-6.0.5+3ffd6ef06f.jar to classpath.
[17:14:13] [main/DEBUG] (FabricLoader/Knot) Adding /Users/arseniyradaev/Documents/IdeaProjects/Effectual/Effectual 1.21.10/.gradle/loom-cache/remapped_mods/remapped/net/fabricmc/fabric-api/fabric-renderer-indigo-cdbb5210/4.1.4+9be2a36e6f/fabric-renderer-indigo-cdbb5210-4.1.4+9be2a36e6f.jar to classpath.
[17:14:13] [main/DEBUG] (FabricLoader/Knot) Adding /Users/arseniyradaev/Documents/IdeaProjects/Effectual/Effectual 1.21.10/.gradle/loom-cache/remapped_mods/remapped/net/fabricmc/fabric-api/fabric-renderer-api-v1-cdbb5210/7.2.3+9be2a36e6f/fabric-renderer-api-v1-cdbb5210-7.2.3+9be2a36e6f.jar to classpath.
[17:14:13] [main/DEBUG] (FabricLoader/Knot) Adding /Users/arseniyradaev/Documents/IdeaProjects/Effectual/Effectual 1.21.10/.gradle/loom-cache/remapped_mods/remapped/net/fabricmc/fabric-api/fabric-rendering-v1-cdbb5210/16.2.0+bee81f016f/fabric-rendering-v1-cdbb5210-16.2.0+bee81f016f.jar to classpath.
[17:14:13] [main/DEBUG] (FabricLoader/Knot) Adding /Users/arseniyradaev/Documents/IdeaProjects/Effectual/Effectual 1.21.10/.gradle/loom-cache/remapped_mods/remapped/net/fabricmc/fabric-api/fabric-lifecycle-events-v1-cdbb5210/2.6.9+33df5e6e7d/fabric-lifecycle-events-v1-cdbb5210-2.6.9+33df5e6e7d.jar to classpath.
[17:14:13] [main/DEBUG] (FabricLoader/Knot) Adding /Users/arseniyradaev/Documents/IdeaProjects/Effectual/Effectual 1.21.10/.gradle/loom-cache/remapped_mods/remapped/net/fabricmc/fabric-api/fabric-loot-api-v2-cdbb5210/3.0.67+3f89f5a56f/fabric-loot-api-v2-cdbb5210-3.0.67+3f89f5a56f.jar to classpath.
[17:14:13] [main/DEBUG] (FabricLoader/Knot) Adding /Users/arseniyradaev/Documents/IdeaProjects/Effectual/Effectual 1.21.10/.gradle/loom-cache/remapped_mods/remapped/net/fabricmc/fabric-api/fabric-loot-api-v3-cdbb5210/2.0.14+d17682156f/fabric-loot-api-v3-cdbb5210-2.0.14+d17682156f.jar to classpath.
[17:14:13] [main/DEBUG] (FabricLoader/Knot) Adding /Users/arseniyradaev/Documents/IdeaProjects/Effectual/Effectual 1.21.10/.gradle/loom-cache/remapped_mods/remapped/net/fabricmc/fabric-api/fabric-message-api-v1-cdbb5210/6.1.7+3154c1c86f/fabric-message-api-v1-cdbb5210-6.1.7+3154c1c86f.jar to classpath.
[17:14:13] [main/DEBUG] (FabricLoader/Knot) Adding /Users/arseniyradaev/Documents/IdeaProjects/Effectual/Effectual 1.21.10/.gradle/loom-cache/remapped_mods/remapped/net/fabricmc/fabric-api/fabric-particles-v1-cdbb5210/4.2.3+a0ee59a46f/fabric-particles-v1-cdbb5210-4.2.3+a0ee59a46f.jar to classpath.
[17:14:13] [main/DEBUG] (FabricLoader/Knot) Adding /Users/arseniyradaev/Documents/IdeaProjects/Effectual/Effectual 1.21.10/.gradle/loom-cache/remapped_mods/remapped/net/fabricmc/fabric-api/fabric-object-builder-api-v1-cdbb5210/21.1.28+9bce411b6f/fabric-object-builder-api-v1-cdbb5210-21.1.28+9bce411b6f.jar to classpath.
[17:14:13] [main/DEBUG] (FabricLoader/Knot) Adding /Users/arseniyradaev/Documents/IdeaProjects/Effectual/Effectual 1.21.10/.gradle/loom-cache/remapped_mods/remapped/net/fabricmc/fabric-api/fabric-screen-handler-api-v1-cdbb5210/1.3.151+d17682156f/fabric-screen-handler-api-v1-cdbb5210-1.3.151+d17682156f.jar to classpath.
[17:14:13] [main/DEBUG] (FabricLoader/Knot) Adding /Users/arseniyradaev/Documents/IdeaProjects/Effectual/Effectual 1.21.10/.gradle/loom-cache/remapped_mods/remapped/net/fabricmc/fabric-api/fabric-registry-sync-v0-cdbb5210/6.1.42+679c8c5c6f/fabric-registry-sync-v0-cdbb5210-6.1.42+679c8c5c6f.jar to classpath.
[17:14:13] [main/DEBUG] (FabricLoader/Knot) Adding /Users/arseniyradaev/Documents/IdeaProjects/Effectual/Effectual 1.21.10/.gradle/loom-cache/remapped_mods/remapped/net/fabricmc/fabric-api/fabric-networking-api-v1-cdbb5210/5.1.0+b095d8db6f/fabric-networking-api-v1-cdbb5210-5.1.0+b095d8db6f.jar to classpath.
[17:14:13] [main/DEBUG] (FabricLoader/Knot) Adding /Users/arseniyradaev/Documents/IdeaProjects/Effectual/Effectual 1.21.10/.gradle/loom-cache/remapped_mods/remapped/net/fabricmc/fabric-api/fabric-rendering-fluids-v1-cdbb5210/3.1.38+86b3ae576f/fabric-rendering-fluids-v1-cdbb5210-3.1.38+86b3ae576f.jar to classpath.
[17:14:13] [main/DEBUG] (FabricLoader/Knot) Adding /Users/arseniyradaev/Documents/IdeaProjects/Effectual/Effectual 1.21.10/.gradle/loom-cache/remapped_mods/remapped/net/fabricmc/fabric-api/fabric-tag-api-v1-cdbb5210/1.2.13+2fa446b26f/fabric-tag-api-v1-cdbb5210-1.2.13+2fa446b26f.jar to classpath.
[17:14:13] [main/DEBUG] (FabricLoader/Knot) Adding /Users/arseniyradaev/Documents/IdeaProjects/Effectual/Effectual 1.21.10/.gradle/loom-cache/remapped_mods/remapped/net/fabricmc/fabric-api/fabric-resource-loader-v0-cdbb5210/3.3.1+d4d4122a6f/fabric-resource-loader-v0-cdbb5210-3.3.1+d4d4122a6f.jar to classpath.
[17:14:13] [main/DEBUG] (FabricLoader/Knot) Adding /Users/arseniyradaev/Documents/IdeaProjects/Effectual/Effectual 1.21.10/.gradle/loom-cache/remapped_mods/remapped/net/fabricmc/fabric-api/fabric-resource-loader-v1-cdbb5210/1.0.4+14959b836f/fabric-resource-loader-v1-cdbb5210-1.0.4+14959b836f.jar to classpath.
[17:14:13] [main/DEBUG] (FabricLoader/Knot) Adding /Users/arseniyradaev/Documents/IdeaProjects/Effectual/Effectual 1.21.10/.gradle/loom-cache/remapped_mods/remapped/net/fabricmc/fabric-api/fabric-screen-api-v1-cdbb5210/3.1.0+9c82a7987d/fabric-screen-api-v1-cdbb5210-3.1.0+9c82a7987d.jar to classpath.
[17:14:13] [main/DEBUG] (FabricLoader/Knot) Adding /Users/arseniyradaev/Documents/IdeaProjects/Effectual/Effectual 1.21.10/.gradle/loom-cache/remapped_mods/remapped/net/fabricmc/fabric-api/fabric-api-base-cdbb5210/1.0.0+14b92d897d/fabric-api-base-cdbb5210-1.0.0+14b92d897d.jar to classpath.
[17:14:13] [main/DEBUG] (FabricLoader/Knot) Adding /Users/arseniyradaev/Documents/IdeaProjects/Effectual/Effectual 1.21.10/.gradle/loom-cache/remapped_mods/remapped/net/fabricmc/fabric-api/fabric-biome-api-v1-cdbb5210/16.1.0+c2417d4f6f/fabric-biome-api-v1-cdbb5210-16.1.0+c2417d4f6f.jar to classpath.
[17:14:13] [main/DEBUG] (FabricLoader/Knot) Adding /Users/arseniyradaev/Documents/IdeaProjects/Effectual/Effectual 1.21.10/.gradle/loom-cache/remapped_mods/remapped/net/fabricmc/fabric-api/fabric-block-api-v1-cdbb5210/1.1.5+d17682156f/fabric-block-api-v1-cdbb5210-1.1.5+d17682156f.jar to classpath.
[17:14:13] [main/DEBUG] (FabricLoader/Knot) Adding /Users/arseniyradaev/Documents/IdeaProjects/Effectual/Effectual 1.21.10/.gradle/loom-cache/remapped_mods/remapped/net/fabricmc/fabric-api/fabric-block-view-api-v2-cdbb5210/1.0.34+e4fd1b926f/fabric-block-view-api-v2-cdbb5210-1.0.34+e4fd1b926f.jar to classpath.
[17:14:13] [main/DEBUG] (FabricLoader/Knot) Adding /Users/arseniyradaev/Documents/IdeaProjects/Effectual/Effectual 1.21.10/.gradle/loom-cache/remapped_mods/remapped/net/fabricmc/fabric-api/fabric-client-gametest-api-v1-cdbb5210/4.2.13+14b92d896f/fabric-client-gametest-api-v1-cdbb5210-4.2.13+14b92d896f.jar to classpath.
[17:14:13] [main/DEBUG] (FabricLoader/Knot) Adding /Users/arseniyradaev/Documents/IdeaProjects/Effectual/Effectual 1.21.10/.gradle/loom-cache/remapped_mods/remapped/net/fabricmc/fabric-api/fabric-crash-report-info-v1-cdbb5210/0.3.18+33df5e6e6f/fabric-crash-report-info-v1-cdbb5210-0.3.18+33df5e6e6f.jar to classpath.
[17:14:13] [main/DEBUG] (FabricLoader/Knot) Adding /Users/arseniyradaev/Documents/IdeaProjects/Effectual/Effectual 1.21.10/.gradle/loom-cache/remapped_mods/remapped/net/fabricmc/fabric-api/fabric-dimensions-v1-cdbb5210/4.0.22+38b9cc196f/fabric-dimensions-v1-cdbb5210-4.0.22+38b9cc196f.jar to classpath.
[17:14:13] [main/DEBUG] (FabricLoader/Knot) Adding /Users/arseniyradaev/Documents/IdeaProjects/Effectual/Effectual 1.21.10/.gradle/loom-cache/remapped_mods/remapped/net/fabricmc/fabric-api/fabric-game-rule-api-v1-cdbb5210/1.1.1+e47eaae56f/fabric-game-rule-api-v1-cdbb5210-1.1.1+e47eaae56f.jar to classpath.
[17:14:13] [main/DEBUG] (FabricLoader/Knot) Adding /Users/arseniyradaev/Documents/IdeaProjects/Effectual/Effectual 1.21.10/.gradle/loom-cache/remapped_mods/remapped/net/fabricmc/fabric-api/fabric-key-binding-api-v1-cdbb5210/1.1.1+b3ba9c487d/fabric-key-binding-api-v1-cdbb5210-1.1.1+b3ba9c487d.jar to classpath.
[17:14:13] [main/DEBUG] (FabricLoader/Knot) Adding /Users/arseniyradaev/Documents/IdeaProjects/Effectual/Effectual 1.21.10/.gradle/loom-cache/remapped_mods/remapped/net/fabricmc/fabric-api/fabric-resource-conditions-api-v1-cdbb5210/5.0.28+33df5e6e6f/fabric-resource-conditions-api-v1-cdbb5210-5.0.28+33df5e6e6f.jar to classpath.
[17:14:13] [main/DEBUG] (FabricLoader/Knot) Adding /Users/arseniyradaev/Documents/IdeaProjects/Effectual/Effectual 1.21.10/.gradle/loom-cache/remapped_mods/remapped/net/fabricmc/fabric-api/fabric-serialization-api-v1-cdbb5210/1.0.0+d857c9766f/fabric-serialization-api-v1-cdbb5210-1.0.0+d857c9766f.jar to classpath.
[17:14:13] [main/DEBUG] (FabricLoader/Knot) Adding /Users/arseniyradaev/Documents/IdeaProjects/Effectual/Effectual 1.21.10/.gradle/loom-cache/remapped_mods/remapped/net/fabricmc/fabric-api/fabric-sound-api-v1-cdbb5210/1.0.45+328a75ba6f/fabric-sound-api-v1-cdbb5210-1.0.45+328a75ba6f.jar to classpath.
[17:14:13] [main/DEBUG] (FabricLoader/Knot) Adding /Users/arseniyradaev/Documents/IdeaProjects/Effectual/Effectual 1.21.10/.gradle/loom-cache/remapped_mods/remapped/net/fabricmc/fabric-api/fabric-transitive-access-wideners-v1-cdbb5210/6.5.3+41eb43436f/fabric-transitive-access-wideners-v1-cdbb5210-6.5.3+41eb43436f.jar to classpath.
[17:14:13] [main/DEBUG] (FabricLoader/Knot) Adding /Users/arseniyradaev/Documents/IdeaProjects/Effectual/Effectual 1.21.10/.gradle/loom-cache/remapped_mods/remapped/me/shedaniel/cloth/cloth-config-fabric-cdbb5210/20.0.149/cloth-config-fabric-cdbb5210-20.0.149-fabric.jar to classpath.
[17:14:13] [main/DEBUG] (FabricLoader/Knot) Adding /Users/arseniyradaev/Documents/IdeaProjects/Effectual/Effectual 1.21.10/.gradle/loom-cache/remapped_mods/remapped/com/terraformersmc/modmenu-cdbb5210/16.0.0-rc.1/modmenu-cdbb5210-16.0.0-rc.1.jar to classpath.
[17:14:13] [main/DEBUG] (FabricLoader/Knot) Adding /Users/arseniyradaev/Documents/IdeaProjects/Effectual/Effectual 1.21.10/.gradle/loom-cache/remapped_mods/remapped/me/shedaniel/cloth/basic-math-cdbb5210/0.6.1/basic-math-cdbb5210-0.6.1.jar to classpath.
[17:14:13] [main/DEBUG] (FabricLoader/Knot) Adding /Users/arseniyradaev/.gradle/caches/modules-2/files-2.1/org.jline/jline-reader/3.20.0/8f15415b022a25b473e8e16c28ae913186ffb9c4/jline-reader-3.20.0.jar to classpath.
[17:14:13] [main/DEBUG] (FabricLoader/Knot) Adding /Users/arseniyradaev/.gradle/caches/modules-2/files-2.1/org.jline/jline-terminal/3.20.0/d0ddcc708ddf527a3454c941b7b9225cc83a15ff/jline-terminal-3.20.0.jar to classpath.
[17:14:13] [main/DEBUG] (FabricLoader/Knot) Adding /private/var/folders/b_/cxn8yk8s5pl079xlzj6txdjm0000gn/T/9177196536906478254.jar to classpath.
[17:14:13] [main/DEBUG] (FabricLoader/Entrypoint) No subscribers for entrypoint 'preLaunch'
[17:14:13] [main/DEBUG] (FabricLoader/Mixin) Preparing mixins for MixinEnvironment[DEFAULT]
[17:14:13] [main/DEBUG] (FabricLoader/Mixin) Selecting config fabric-game-rule-api-v1.mixins.json
[17:14:13] [main/DEBUG] (FabricLoader/Mixin) Selecting config fabric-game-rule-api-v1.client.mixins.json
[17:14:13] [main/DEBUG] (FabricLoader/Mixin) Selecting config fabric-resource-loader-v1.mixins.json
[17:14:13] [main/DEBUG] (FabricLoader/Mixin) Selecting config fabric-resource-loader-v1.client.mixins.json
[17:14:13] [main/DEBUG] (FabricLoader/Mixin) Selecting config fabric-gametest-api-v1.mixins.json
[17:14:13] [main/DEBUG] (FabricLoader/Mixin) Selecting config fabric-recipe-api-v1.mixins.json
[17:14:13] [main/DEBUG] (FabricLoader/Mixin) Selecting config fabric-recipe-api-v1.client.mixins.json
[17:14:13] [main/DEBUG] (FabricLoader/Mixin) Selecting config mixins.modmenu.json
[17:14:13] [main/DEBUG] (FabricLoader/Mixin) Remapping refMap modmenu-refmap.json using remapper chain
[17:14:13] [main/DEBUG] (FabricLoader/Mixin) Selecting config fabric-renderer-api-v1.mixins.json
[17:14:13] [main/DEBUG] (FabricLoader/Mixin) Selecting config fabric-convention-tags-api-v2.mixins.json
[17:14:13] [main/DEBUG] (FabricLoader/Mixin) Selecting config fabric-entity-events-v1.mixins.json
[17:14:13] [main/DEBUG] (FabricLoader/Mixin) Selecting config fabric-serialization-api-v1.mixins.json
[17:14:13] [main/DEBUG] (FabricLoader/Mixin) Selecting config fabric-screen-api-v1.mixins.json
[17:14:13] [main/DEBUG] (FabricLoader/Mixin) Selecting config fabric-item-group-api-v1.mixins.json
[17:14:13] [main/DEBUG] (FabricLoader/Mixin) Selecting config fabric-item-group-api-v1.client.mixins.json
[17:14:13] [main/DEBUG] (FabricLoader/Mixin) Selecting config fabric-model-loading-api-v1.mixins.json
[17:14:13] [main/DEBUG] (FabricLoader/Mixin) Selecting config architectury-common.mixins.json
[17:14:13] [main/DEBUG] (FabricLoader/Mixin) Remapping refMap architectury-common-refmap.json using remapper chain
[17:14:13] [main/DEBUG] (FabricLoader/Mixin) Selecting config architectury.mixins.json
[17:14:13] [main/DEBUG] (FabricLoader/Mixin) Remapping refMap architectury-fabric-refmap.json using remapper chain
[17:14:13] [main/DEBUG] (FabricLoader/Mixin) Selecting config fabric-loot-api-v2.mixins.json
[17:14:13] [main/DEBUG] (FabricLoader/Mixin) Selecting config fabric-particles-v1.mixins.json
[17:14:13] [main/DEBUG] (FabricLoader/Mixin) Selecting config fabric-particles-v1.client.mixins.json
[17:14:13] [main/DEBUG] (FabricLoader/Mixin) Selecting config fabric-rendering-v1.mixins.json
[17:14:13] [main/DEBUG] (FabricLoader/Mixin) Selecting config fabric-resource-loader-v0.mixins.json
[17:14:13] [main/DEBUG] (FabricLoader/Mixin) Selecting config fabric-resource-loader-v0.client.mixins.json
[17:14:13] [main/DEBUG] (FabricLoader/Mixin) Selecting config fabric-block-view-api-v2.mixins.json
[17:14:13] [main/DEBUG] (FabricLoader/Mixin) Selecting config fabric-block-view-api-v2.client.mixins.json
[17:14:13] [main/DEBUG] (FabricLoader/Mixin) Selecting config mixinextras.init.mixins.json
[17:14:13] [main/DEBUG] (FabricLoader/MixinExtras|Service) com.llamalad7.mixinextras.service.MixinExtrasServiceImpl(version=0.5.0) is taking over from null
[17:14:13] [main/DEBUG] (FabricLoader/Mixin) Registering new injector for @Inject with org.spongepowered.asm.mixin.injection.struct.CallbackInjectionInfo
[17:14:13] [main/DEBUG] (FabricLoader/Mixin) Registering new injector for @ModifyArg with org.spongepowered.asm.mixin.injection.struct.ModifyArgInjectionInfo
[17:14:13] [main/DEBUG] (FabricLoader/Mixin) Registering new injector for @ModifyArgs with org.spongepowered.asm.mixin.injection.struct.ModifyArgsInjectionInfo
[17:14:13] [main/DEBUG] (FabricLoader/Mixin) Registering new injector for @Redirect with org.spongepowered.asm.mixin.injection.struct.RedirectInjectionInfo
[17:14:13] [main/DEBUG] (FabricLoader/Mixin) Registering new injector for @ModifyVariable with org.spongepowered.asm.mixin.injection.struct.ModifyVariableInjectionInfo
[17:14:13] [main/DEBUG] (FabricLoader/Mixin) Registering new injector for @ModifyConstant with org.spongepowered.asm.mixin.injection.struct.ModifyConstantInjectionInfo
[17:14:13] [main/DEBUG] (FabricLoader/Mixin) Selecting config fabric-biome-api-v1.mixins.json
[17:14:13] [main/DEBUG] (FabricLoader/Mixin) Selecting config fabric-screen-handler-api-v1.mixins.json
[17:14:13] [main/DEBUG] (FabricLoader/Mixin) Selecting config fabric-message-api-v1.mixins.json
[17:14:13] [main/DEBUG] (FabricLoader/Mixin) Selecting config fabric-message-api-v1.client.mixins.json
[17:14:13] [main/DEBUG] (FabricLoader/Mixin) Selecting config effectual.mixins.json
[17:14:13] [main/DEBUG] (FabricLoader/Mixin) Selecting config fabric-object-builder-v1.mixins.json
[17:14:13] [main/DEBUG] (FabricLoader/Mixin) Selecting config fabric-object-builder-v1.client.mixins.json
[17:14:13] [main/DEBUG] (FabricLoader/Mixin) Selecting config tlib.mixins.json
[17:14:13] [main/DEBUG] (FabricLoader/Mixin) Remapping refMap tlib-common-common-refmap.json using remapper chain
[17:14:13] [main/DEBUG] (FabricLoader/Mixin) Selecting config fabric-rendering-fluids-v1.mixins.json
[17:14:13] [main/DEBUG] (FabricLoader/Mixin) Selecting config fabric-networking-api-v1.mixins.json
[17:14:13] [main/DEBUG] (FabricLoader/Mixin) Selecting config fabric-networking-api-v1.client.mixins.json
[17:14:13] [main/DEBUG] (FabricLoader/Mixin) Selecting config fabric-lifecycle-events-v1.mixins.json
[17:14:13] [main/DEBUG] (FabricLoader/Mixin) Selecting config fabric-lifecycle-events-v1.client.mixins.json
[17:14:13] [main/DEBUG] (FabricLoader/Mixin) Selecting config fabric-transfer-api-v1.mixins.json
[17:14:13] [main/DEBUG] (FabricLoader/Mixin) Selecting config fabric-block-api-v1.mixins.json
[17:14:13] [main/DEBUG] (FabricLoader/Mixin) Selecting config fabric-renderer-indigo.mixins.json
[17:14:13] [main/DEBUG] (FabricLoader/Mixin) Selecting config fabric-dimensions-v1.mixins.json
[17:14:13] [main/DEBUG] (FabricLoader/Mixin) Selecting config fabric-data-generation-api-v1.mixins.json
[17:14:13] [main/DEBUG] (FabricLoader/Mixin) Selecting config fabric-data-generation-api-v1.client.mixins.json
[17:14:13] [main/DEBUG] (FabricLoader/Mixin) Selecting config fabric-command-api-v2.mixins.json
[17:14:13] [main/DEBUG] (FabricLoader/Mixin) Selecting config fabric-command-api-v2.client.mixins.json
[17:14:13] [main/DEBUG] (FabricLoader/Mixin) Selecting config fabric-api-lookup-api-v1.mixins.json
[17:14:13] [main/DEBUG] (FabricLoader/Mixin) Selecting config fabric-events-interaction-v0.mixins.json
[17:14:13] [main/DEBUG] (FabricLoader/Mixin) Selecting config fabric-events-interaction-v0.client.mixins.json
[17:14:13] [main/DEBUG] (FabricLoader/Mixin) Selecting config fabric-sound-api-v1.mixins.json
[17:14:13] [main/DEBUG] (FabricLoader/Mixin) Selecting config fabric-content-registries-v0.mixins.json
[17:14:13] [main/DEBUG] (FabricLoader/Mixin) Selecting config fabric-registry-sync-v0.mixins.json
[17:14:13] [main/DEBUG] (FabricLoader/Mixin) Selecting config fabric-registry-sync-v0.client.mixins.json
[17:14:13] [main/DEBUG] (FabricLoader/Mixin) Selecting config fabric-item-api-v1.mixins.json
[17:14:13] [main/DEBUG] (FabricLoader/Mixin) Selecting config fabric-item-api-v1.client.mixins.json
[17:14:13] [main/DEBUG] (FabricLoader/Mixin) Selecting config fabric-data-attachment-api-v1.mixins.json
[17:14:13] [main/DEBUG] (FabricLoader/Mixin) Selecting config fabric-data-attachment-api-v1.client.mixins.json
[17:14:13] [main/DEBUG] (FabricLoader/Mixin) Selecting config fabric-key-binding-api-v1.mixins.json
[17:14:13] [main/DEBUG] (FabricLoader/Mixin) Selecting config fabric-resource-conditions-api-v1.mixins.json
[17:14:13] [main/DEBUG] (FabricLoader/Mixin) Selecting config fabric-tag-api-v1.mixins.json
[17:14:13] [main/DEBUG] (FabricLoader/Mixin) Selecting config fabric-client-gametest-api-v1.mixins.json
[17:14:13] [main/DEBUG] (FabricLoader/Mixin) Selecting config fabric-loot-api-v3.mixins.json
[17:14:13] [main/DEBUG] (FabricLoader/Mixin) Selecting config fabric-crash-report-info-v1.mixins.json
[17:14:13] [main/DEBUG] (FabricLoader/Mixin) Preparing fabric-game-rule-api-v1.mixins.json (7)
[17:14:13] [main/DEBUG] (FabricLoader/Mixin) @Mixin target net/minecraft/server/commands/GameRuleCommand$1 is public in fabric-game-rule-api-v1.mixins.json:GameRuleCommandVisitorMixin from mod fabric-game-rule-api-v1 and should be specified in value
[17:14:13] [main/DEBUG] (FabricLoader/Mixin) Preparing fabric-game-rule-api-v1.client.mixins.json (3)
[17:14:13] [main/DEBUG] (FabricLoader/Mixin) @Mixin target net/minecraft/client/gui/screens/worldselection/EditGameRulesScreen$RuleList$1 is public in fabric-game-rule-api-v1.client.mixins.json:RuleListWidgetVisitorMixin from mod fabric-game-rule-api-v1 and should be specified in value
[17:14:13] [main/DEBUG] (FabricLoader/Mixin) Preparing fabric-resource-loader-v1.mixins.json (5)
[17:14:13] [main/DEBUG] (FabricLoader/Mixin) Preparing fabric-resource-loader-v1.client.mixins.json (1)
[17:14:13] [main/DEBUG] (FabricLoader/Mixin) Preparing fabric-gametest-api-v1.mixins.json (4)
[17:14:13] [main/DEBUG] (FabricLoader/Mixin) Preparing fabric-recipe-api-v1.mixins.json (10)
[17:14:13] [main/DEBUG] (FabricLoader/Mixin) Preparing fabric-recipe-api-v1.client.mixins.json (4)
[17:14:13] [main/DEBUG] (FabricLoader/Mixin) Preparing mixins.modmenu.json (4)
[17:14:13] [main/DEBUG] (FabricLoader/Mixin) Preparing fabric-renderer-api-v1.mixins.json (27)
[17:14:13] [main/DEBUG] (FabricLoader/Mixin) @Mixin target net/minecraft/client/resources/model/ModelManager$1 is public in fabric-renderer-api-v1.mixins.json:client.sprite.BakedModelManager1Mixin from mod fabric-renderer-api-v1 and should be specified in value
[17:14:13] [main/DEBUG] (FabricLoader/Mixin) Preparing fabric-convention-tags-api-v2.mixins.json (1)
[17:14:13] [main/DEBUG] (FabricLoader/Mixin) Preparing fabric-entity-events-v1.mixins.json (7)
[17:14:14] [main/DEBUG] (FabricLoader/Mixin) Preparing fabric-serialization-api-v1.mixins.json (4)
[17:14:14] [main/DEBUG] (FabricLoader/Mixin) Preparing fabric-screen-api-v1.mixins.json (7)
[17:14:14] [main/DEBUG] (FabricLoader/Mixin) Preparing fabric-item-group-api-v1.mixins.json (3)
[17:14:14] [main/DEBUG] (FabricLoader/Mixin) Preparing fabric-item-group-api-v1.client.mixins.json (1)
[17:14:14] [main/DEBUG] (FabricLoader/Mixin) Preparing fabric-model-loading-api-v1.mixins.json (6)
[17:14:14] [main/DEBUG] (FabricLoader/Mixin) Preparing architectury-common.mixins.json (8)
[17:14:14] [main/DEBUG] (FabricLoader/Mixin) Preparing architectury.mixins.json (48)
[17:14:14] [main/DEBUG] (FabricLoader/Mixin) Preparing fabric-loot-api-v2.mixins.json (2)
[17:14:14] [main/DEBUG] (FabricLoader/Mixin) Preparing fabric-particles-v1.mixins.json (8)
[17:14:14] [main/DEBUG] (FabricLoader/Mixin) Preparing fabric-particles-v1.client.mixins.json (4)
[17:14:14] [main/DEBUG] (FabricLoader/Mixin) Preparing fabric-rendering-v1.mixins.json (38)
[17:14:14] [main/DEBUG] (FabricLoader/Mixin) @Mixin target net/minecraft/client/gui/screens/debug/DebugOptionsScreen$OptionEntry is public in fabric-rendering-v1.mixins.json:DebugOptionsScreenEntryMixin from mod fabric-rendering-v1 and should be specified in value
[17:14:14] [main/DEBUG] (FabricLoader/Mixin) @Mixin target net/minecraft/client/gui/screens/debug/DebugOptionsScreen$OptionList is public in fabric-rendering-v1.mixins.json:DebugOptionsScreenListWidgetMixin from mod fabric-rendering-v1 and should be specified in value
[17:14:14] [main/DEBUG] (FabricLoader/Mixin) @Mixin target net/minecraft/client/gui/render/GuiRenderer$Draw is public in fabric-rendering-v1.mixins.json:DrawAccessor from mod fabric-rendering-v1 and should be specified in value
[17:14:14] [main/DEBUG] (FabricLoader/Mixin) Preparing fabric-resource-loader-v0.mixins.json (11)
[17:14:14] [main/DEBUG] (FabricLoader/Mixin) Preparing fabric-resource-loader-v0.client.mixins.json (6)
[17:14:14] [main/DEBUG] (FabricLoader/Mixin) @Mixin target net/minecraft/client/Options$3 is public in fabric-resource-loader-v0.client.mixins.json:GameOptionsWriteVisitorMixin from mod fabric-resource-loader-v0 and should be specified in value
[17:14:14] [main/DEBUG] (FabricLoader/Mixin) Preparing fabric-block-view-api-v2.mixins.json (3)
[17:14:14] [main/DEBUG] (FabricLoader/Mixin) Preparing fabric-block-view-api-v2.client.mixins.json (3)
[17:14:14] [main/DEBUG] (FabricLoader/Mixin) Preparing mixinextras.init.mixins.json (0)
[17:14:14] [main/DEBUG] (FabricLoader/Mixin) Preparing fabric-biome-api-v1.mixins.json (9)
[17:14:14] [main/DEBUG] (FabricLoader/Mixin) @Mixin target net/minecraft/world/level/biome/MultiNoiseBiomeSourceParameterList$Preset$1 is public in fabric-biome-api-v1.mixins.json:NetherBiomePresetMixin from mod fabric-biome-api-v1 and should be specified in value
[17:14:14] [main/DEBUG] (FabricLoader/Mixin) Preparing fabric-screen-handler-api-v1.mixins.json (2)
[17:14:14] [main/DEBUG] (FabricLoader/Mixin) Preparing fabric-message-api-v1.mixins.json (2)
[17:14:14] [main/DEBUG] (FabricLoader/Mixin) Preparing fabric-message-api-v1.client.mixins.json (2)
[17:14:14] [main/DEBUG] (FabricLoader/Mixin) Preparing effectual.mixins.json (4)
[17:14:14] [main/DEBUG] (FabricLoader/Mixin) Preparing fabric-object-builder-v1.mixins.json (10)
[17:14:14] [main/DEBUG] (FabricLoader/Mixin) Preparing fabric-object-builder-v1.client.mixins.json (4)
[17:14:14] [main/DEBUG] (FabricLoader/Mixin) Preparing tlib.mixins.json (1)
[17:14:14] [main/DEBUG] (FabricLoader/Mixin) Preparing fabric-rendering-fluids-v1.mixins.json (1)
[17:14:14] [main/DEBUG] (FabricLoader/Mixin) Preparing fabric-networking-api-v1.mixins.json (24)
[17:14:14] [main/DEBUG] (FabricLoader/Mixin) @Mixin target net/minecraft/network/protocol/common/custom/CustomPacketPayload$1 is public in fabric-networking-api-v1.mixins.json:CustomPayloadPacketCodecMixin from mod fabric-networking-api-v1 and should be specified in value
[17:14:14] [main/DEBUG] (FabricLoader/Mixin) @Mixin target net/minecraft/server/level/ChunkMap$TrackedEntity is public in fabric-networking-api-v1.mixins.json:accessor.EntityTrackerAccessor from mod fabric-networking-api-v1 and should be specified in value
[17:14:14] [main/DEBUG] (FabricLoader/Mixin) Preparing fabric-networking-api-v1.client.mixins.json (9)
[17:14:14] [main/DEBUG] (FabricLoader/Mixin) Preparing fabric-lifecycle-events-v1.mixins.json (11)
[17:14:14] [main/DEBUG] (FabricLoader/Mixin) @Mixin target net/minecraft/server/level/ServerLevel$EntityCallbacks is public in fabric-lifecycle-events-v1.mixins.json:ServerWorldServerEntityHandlerMixin from mod fabric-lifecycle-events-v1 and should be specified in value
[17:14:14] [main/DEBUG] (FabricLoader/Mixin) Preparing fabric-lifecycle-events-v1.client.mixins.json (7)
[17:14:14] [main/DEBUG] (FabricLoader/Mixin) @Mixin target net/minecraft/client/multiplayer/ClientLevel$EntityCallbacks is public in fabric-lifecycle-events-v1.client.mixins.json:ClientWorldClientEntityHandlerMixin from mod fabric-lifecycle-events-v1 and should be specified in value
[17:14:14] [main/DEBUG] (FabricLoader/Mixin) Preparing fabric-transfer-api-v1.mixins.json (17)
[17:14:14] [main/DEBUG] (FabricLoader/Mixin) Preparing fabric-block-api-v1.mixins.json (5)
[17:14:14] [main/DEBUG] (FabricLoader/Mixin) @Mixin target net/minecraft/world/level/chunk/LevelChunkSection$1BlockCounter is public in fabric-block-api-v1.mixins.json:ChunkSectionBlockStateCounterMixin from mod fabric-block-api-v1 and should be specified in value
[17:14:14] [main/DEBUG] (FabricLoader/Mixin) Preparing fabric-renderer-indigo.mixins.json (11)
[17:14:14] [main/DEBUG] (FabricLoader/Mixin) Preparing fabric-dimensions-v1.mixins.json (4)
[17:14:14] [main/DEBUG] (FabricLoader/Mixin) Preparing fabric-data-generation-api-v1.mixins.json (17)
[17:14:14] [main/DEBUG] (FabricLoader/Mixin) @Mixin target net/minecraft/data/HashCache$ProviderCache is public in fabric-data-generation-api-v1.mixins.json:DataCacheCachedDataMixin from mod fabric-data-generation-api-v1 and should be specified in value
[17:14:14] [main/DEBUG] (FabricLoader/Mixin) @Mixin target net/minecraft/data/tags/TagAppender$1 is public in fabric-data-generation-api-v1.mixins.json:ProvidedTagBuilderMixin$ProvidedTagBuilder1Mixin from mod fabric-data-generation-api-v1 and should be specified in value
[17:14:14] [main/DEBUG] (FabricLoader/Mixin) @Mixin target net/minecraft/data/tags/TagAppender$2 is public in fabric-data-generation-api-v1.mixins.json:ProvidedTagBuilderMixin$ProvidedTagBuilder2Mixin from mod fabric-data-generation-api-v1 and should be specified in value
[17:14:14] [main/DEBUG] (FabricLoader/Mixin) Preparing fabric-data-generation-api-v1.client.mixins.json (4)
[17:14:14] [main/DEBUG] (FabricLoader/Mixin) Preparing fabric-command-api-v2.mixins.json (6)
[17:14:14] [main/DEBUG] (FabricLoader/Mixin) Preparing fabric-command-api-v2.client.mixins.json (2)
[17:14:14] [main/DEBUG] (FabricLoader/Mixin) Preparing fabric-api-lookup-api-v1.mixins.json (2)
[17:14:14] [main/DEBUG] (FabricLoader/Mixin) Preparing fabric-events-interaction-v0.mixins.json (5)
[17:14:14] [main/DEBUG] (FabricLoader/Mixin) @Mixin target net/minecraft/server/network/ServerGamePacketListenerImpl$1 is public in fabric-events-interaction-v0.mixins.json:ServerPlayNetworkHandlerInteractEntityHandlerMixin from mod fabric-events-interaction-v0 and should be specified in value
[17:14:14] [main/DEBUG] (FabricLoader/Mixin) Preparing fabric-events-interaction-v0.client.mixins.json (3)
[17:14:14] [main/DEBUG] (FabricLoader/Mixin) Preparing fabric-sound-api-v1.mixins.json (2)
[17:14:14] [main/DEBUG] (FabricLoader/Mixin) Preparing fabric-content-registries-v0.mixins.json (18)
[17:14:14] [main/DEBUG] (FabricLoader/Mixin) Preparing fabric-registry-sync-v0.mixins.json (16)
[17:14:14] [main/DEBUG] (FabricLoader/Mixin) Preparing fabric-registry-sync-v0.client.mixins.json (5)
[17:14:14] [main/DEBUG] (FabricLoader/Mixin) @Mixin target net/minecraft/client/multiplayer/RegistryDataCollector$ContentsCollector is public in fabric-registry-sync-v0.client.mixins.json:ClientRegistriesDynamicRegistriesAccessor from mod fabric-registry-sync-v0 and should be specified in value
[17:14:14] [main/DEBUG] (FabricLoader/Mixin) Preparing fabric-item-api-v1.mixins.json (17)
[17:14:14] [main/DEBUG] (FabricLoader/Mixin) Preparing fabric-item-api-v1.client.mixins.json (3)
[17:14:14] [main/DEBUG] (FabricLoader/Mixin) Preparing fabric-data-attachment-api-v1.mixins.json (14)
[17:14:14] [main/DEBUG] (FabricLoader/Mixin) Preparing fabric-data-attachment-api-v1.client.mixins.json (1)
[17:14:14] [main/DEBUG] (FabricLoader/Mixin) Preparing fabric-key-binding-api-v1.mixins.json (3)
[17:14:14] [main/DEBUG] (FabricLoader/Mixin) Preparing fabric-resource-conditions-api-v1.mixins.json (7)
[17:14:14] [main/DEBUG] (FabricLoader/Mixin) Preparing fabric-tag-api-v1.mixins.json (5)
[17:14:14] [main/DEBUG] (FabricLoader/Mixin) @Mixin target net/minecraft/core/MappedRegistry$2 is public in fabric-tag-api-v1.mixins.json:SimpleRegistry2Mixin from mod fabric-tag-api-v1 and should be specified in value
[17:14:14] [main/DEBUG] (FabricLoader/Mixin) @Mixin target net/minecraft/core/MappedRegistry$3 is public in fabric-tag-api-v1.mixins.json:SimpleRegistry3Mixin from mod fabric-tag-api-v1 and should be specified in value
[17:14:14] [main/DEBUG] (FabricLoader/Mixin) @Mixin target net/minecraft/core/MappedRegistry$TagSet$2 is public in fabric-tag-api-v1.mixins.json:SimpleRegistryTagLookup2Accessor from mod fabric-tag-api-v1 and should be specified in value
[17:14:14] [main/DEBUG] (FabricLoader/Mixin) Preparing fabric-client-gametest-api-v1.mixins.json (25)
[17:14:14] [main/DEBUG] (FabricLoader/Mixin) Preparing fabric-loot-api-v3.mixins.json (8)
[17:14:14] [main/DEBUG] (FabricLoader/Mixin) Preparing fabric-crash-report-info-v1.mixins.json (2)
[17:14:14] [main/DEBUG] (FabricLoader/Mixin) Inner class net/fabricmc/fabric/mixin/renderer/client/block/model/MultipartBlockStateModelMixin$1Key in net/fabricmc/fabric/mixin/renderer/client/block/model/MultipartBlockStateModelMixin on net/minecraft/client/renderer/block/model/multipart/MultiPartModel gets unique name net/minecraft/client/renderer/block/model/multipart/MultiPartModel$1Key$de3123267b2248b598b95726d415f886
[17:14:14] [main/DEBUG] (FabricLoader/Mixin) Inner class net/fabricmc/fabric/mixin/itemgroup/ItemGroupsMixin$1ItemGroupPosition in net/fabricmc/fabric/mixin/itemgroup/ItemGroupsMixin on net/minecraft/world/item/CreativeModeTabs gets unique name net/minecraft/world/item/CreativeModeTabs$1ItemGroupPosition$ddf3e5b49d044b4e947c39b9ccab498a
[17:14:14] [main/DEBUG] (FabricLoader/Mixin) Inner class net/fabricmc/fabric/mixin/transfer/ChiseledBookshelfBlockEntityMixin$1 in net/fabricmc/fabric/mixin/transfer/ChiseledBookshelfBlockEntityMixin on net/minecraft/world/level/block/entity/ChiseledBookShelfBlockEntity gets unique name net/minecraft/world/level/block/entity/ChiseledBookShelfBlockEntity$Anonymous$8b82d1baa5804d71b20de30383b5b63b
[17:14:14] [main/DEBUG] (FabricLoader/Mixin) Prepared 483 mixins in 0,445 sec (0,9ms avg) (0ms load, 0ms transform, 0ms plugin)
[17:14:14] [main/DEBUG] (io.netty.util.internal.logging.InternalLoggerFactory) Using SLF4J as the default logging framework
[17:14:14] [main/DEBUG] (io.netty.util.ResourceLeakDetector) -Dio.netty.leakDetection.level: simple
[17:14:14] [main/DEBUG] (io.netty.util.ResourceLeakDetector) -Dio.netty.leakDetection.targetRecords: 4
[17:14:14] [main/INFO] (FabricLoader/MixinExtras|Service) Initializing MixinExtras via com.llamalad7.mixinextras.service.MixinExtrasServiceImpl(version=0.5.0).
[17:14:14] [main/DEBUG] (FabricLoader/Mixin) Registering new injector for @SugarWrapper with com.llamalad7.mixinextras.sugar.impl.SugarWrapperInjectionInfo
[17:14:14] [main/DEBUG] (FabricLoader/Mixin) Registering new injector for @FactoryRedirectWrapper with com.llamalad7.mixinextras.wrapper.factory.FactoryRedirectWrapperInjectionInfo
[17:14:14] [main/DEBUG] (FabricLoader/Mixin) Registering new injector for @ExpressionInjectorWrapper with com.llamalad7.mixinextras.expression.impl.wrapper.ExpressionInjectorWrapperInjectionInfo
[17:14:14] [main/DEBUG] (FabricLoader/Mixin) Mixing TaggedChoiceMixin from fabric-dimensions-v1.mixins.json into com.mojang.datafixers.types.templates.TaggedChoice
[17:14:14] [main/DEBUG] (FabricLoader/Mixin) fabric-dimensions-v1.mixins.json:TaggedChoiceMixin from mod fabric-dimensions-v1->@Inject::onApply(Lcom/mojang/datafixers/util/Pair;Lorg/spongepowered/asm/mixin/injection/callback/CallbackInfoReturnable;)V does use it's CallbackInfoReturnable
[17:14:14] [main/DEBUG] (FabricLoader/Mixin) Mixing TaggedChoiceTaggedChoiceTypeMixin from fabric-dimensions-v1.mixins.json into com.mojang.datafixers.types.templates.TaggedChoice$TaggedChoiceType
[17:14:14] [main/DEBUG] (FabricLoader/Mixin) fabric-dimensions-v1.mixins.json:TaggedChoiceTaggedChoiceTypeMixin from mod fabric-dimensions-v1->@Inject::onGetCodec(Ljava/lang/Object;Lorg/spongepowered/asm/mixin/injection/callback/CallbackInfoReturnable;)V does use it's CallbackInfoReturnable
[17:14:14] [main/DEBUG] (FabricLoader/Mixin) Mixing Schema2832Mixin from fabric-dimensions-v1.mixins.json into net.minecraft.util.datafix.schemas.V2832
[17:14:14] [main/DEBUG] (FabricLoader/Mixin) Mixing SystemDetailsMixin from fabric-crash-report-info-v1.mixins.json into net.minecraft.SystemReport
[17:14:14] [main/DEBUG] (FabricLoader/Mixin) Renaming synthetic method lambda$appendMods$1(Lnet/fabricmc/loader/api/ModContainer;)Ljava/lang/String; to md7d776e$fabric-crash-report-info-v1$lambda$appendMods$1$0 in fabric-crash-report-info-v1.mixins.json:SystemDetailsMixin from mod fabric-crash-report-info-v1
[17:14:14] [main/DEBUG] (FabricLoader/Mixin) Renaming synthetic method lambda$fillSystemDetails$0()Ljava/lang/String; to md7d776e$fabric-crash-report-info-v1$lambda$fillSystemDetails$0$1 in fabric-crash-report-info-v1.mixins.json:SystemDetailsMixin from mod fabric-crash-report-info-v1
[17:14:14] [main/DEBUG] (FabricLoader/Mixin) fabric-crash-report-info-v1.mixins.json:SystemDetailsMixin from mod fabric-crash-report-info-v1->@Inject::fillSystemDetails(Lorg/spongepowered/asm/mixin/injection/callback/CallbackInfo;)V doesn't use it's CallbackInfo
[17:14:14] [main/DEBUG] (FabricLoader/Mixin) fabric-crash-report-info-v1.mixins.json:SystemDetailsMixin from mod fabric-crash-report-info-v1->@Inject::fillSystemDetails(Lorg/spongepowered/asm/mixin/injection/callback/CallbackInfo;)V has 0 override(s) in child classes
[17:14:14] [main/DEBUG] (FabricLoader/Mixin) fabric-crash-report-info-v1.mixins.json:SystemDetailsMixin from mod fabric-crash-report-info-v1->@Inject::fillSystemDetails(Lorg/spongepowered/asm/mixin/injection/callback/CallbackInfo;)V won't be passed a CallbackInfo as a result
[17:14:15] [Datafixer Bootstrap/INFO] (com.mojang.datafixers.DataFixerBuilder) 278 Datafixer optimizations took 322 milliseconds
[17:14:15] [main/DEBUG] (FabricLoader/Mixin) Mixing BootstrapMixin from fabric-registry-sync-v0.mixins.json into net.minecraft.server.Bootstrap
[17:14:15] [main/DEBUG] (FabricLoader/Mixin) Renaming synthetic method lambda$afterInitialize$1(Lnet/minecraft/world/level/material/Fluid;)Ljava/util/Collection; to md7d776e$fabric-registry-sync-v0$lambda$afterInitialize$1$0 in fabric-registry-sync-v0.mixins.json:BootstrapMixin from mod fabric-registry-sync-v0
[17:14:15] [main/DEBUG] (FabricLoader/Mixin) Renaming synthetic method lambda$afterInitialize$0(Lnet/minecraft/world/level/block/Block;)Ljava/util/Collection; to md7d776e$fabric-registry-sync-v0$lambda$afterInitialize$0$1 in fabric-registry-sync-v0.mixins.json:BootstrapMixin from mod fabric-registry-sync-v0
[17:14:15] [main/DEBUG] (FabricLoader/Mixin) fabric-registry-sync-v0.mixins.json:BootstrapMixin from mod fabric-registry-sync-v0->@Inject::afterInitialize(Lorg/spongepowered/asm/mixin/injection/callback/CallbackInfo;)V doesn't use it's CallbackInfo
[17:14:15] [main/DEBUG] (FabricLoader/Mixin) Mixing RegistryMixin from fabric-registry-sync-v0.mixins.json into net.minecraft.core.Registry
[17:14:15] [main/DEBUG] (FabricLoader/Mixin) Mixing RegistriesAccessor from fabric-registry-sync-v0.mixins.json into net.minecraft.core.registries.BuiltInRegistries
[17:14:15] [main/DEBUG] (FabricLoader/Mixin) Renaming @Accessor method getROOT()Lnet/minecraft/core/WritableRegistry; to getROOT$fabric-registry-sync-v0_$md$7d776e$0 in fabric-registry-sync-v0.mixins.json:RegistriesAccessor from mod fabric-registry-sync-v0
[17:14:15] [main/DEBUG] (FabricLoader/Mixin) Mixing RegistriesMixin from fabric-registry-sync-v0.mixins.json into net.minecraft.core.registries.BuiltInRegistries
[17:14:15] [main/DEBUG] (FabricLoader/Mixin) Mixing RegistriesMixin from fabric-item-api-v1.mixins.json into net.minecraft.core.registries.BuiltInRegistries
[17:14:15] [main/DEBUG] (FabricLoader/Mixin) fabric-registry-sync-v0.mixins.json:RegistriesMixin from mod fabric-registry-sync-v0->@Inject::init(Lorg/spongepowered/asm/mixin/injection/callback/CallbackInfo;)V does use it's CallbackInfo
[17:14:15] [main/DEBUG] (FabricLoader/Mixin) fabric-item-api-v1.mixins.json:RegistriesMixin from mod fabric-item-api-v1->@Inject::modifyDefaultItemComponents(Lorg/spongepowered/asm/mixin/injection/callback/CallbackInfo;)V doesn't use it's CallbackInfo
[17:14:15] [main/DEBUG] (FabricLoader/Mixin) Mixing SimpleRegistryAccessor from fabric-registry-sync-v0.mixins.json into net.minecraft.core.MappedRegistry
[17:14:15] [main/DEBUG] (FabricLoader/Mixin) Mixing SimpleRegistryMixin from fabric-registry-sync-v0.mixins.json into net.minecraft.core.MappedRegistry
[17:14:15] [main/DEBUG] (FabricLoader/Mixin) Renaming synthetic method lambda$init$4([Lnet/fabricmc/fabric/api/event/registry/RegistryIdRemapCallback;)Lnet/fabricmc/fabric/api/event/registry/RegistryIdRemapCallback; to md7d776e$fabric-registry-sync-v0$lambda$init$4$0 in fabric-registry-sync-v0.mixins.json:SimpleRegistryMixin from mod fabric-registry-sync-v0
[17:14:15] [main/DEBUG] (FabricLoader/Mixin) Renaming synthetic method lambda$init$3([Lnet/fabricmc/fabric/api/event/registry/RegistryIdRemapCallback;Lnet/fabricmc/fabric/api/event/registry/RegistryIdRemapCallback$RemapState;)V to md7d776e$fabric-registry-sync-v0$lambda$init$3$1 in fabric-registry-sync-v0.mixins.json:SimpleRegistryMixin from mod fabric-registry-sync-v0
[17:14:15] [main/DEBUG] (FabricLoader/Mixin) Renaming synthetic method lambda$init$2(ILnet/minecraft/resources/ResourceLocation;Ljava/lang/Object;)V to md7d776e$fabric-registry-sync-v0$lambda$init$2$2 in fabric-registry-sync-v0.mixins.json:SimpleRegistryMixin from mod fabric-registry-sync-v0
[17:14:15] [main/DEBUG] (FabricLoader/Mixin) Renaming synthetic method lambda$init$1([Lnet/fabricmc/fabric/api/event/registry/RegistryEntryAddedCallback;)Lnet/fabricmc/fabric/api/event/registry/RegistryEntryAddedCallback; to md7d776e$fabric-registry-sync-v0$lambda$init$1$3 in fabric-registry-sync-v0.mixins.json:SimpleRegistryMixin from mod fabric-registry-sync-v0
[17:14:15] [main/DEBUG] (FabricLoader/Mixin) Renaming synthetic method lambda$init$0([Lnet/fabricmc/fabric/api/event/registry/RegistryEntryAddedCallback;ILnet/minecraft/resources/ResourceLocation;Ljava/lang/Object;)V to md7d776e$fabric-registry-sync-v0$lambda$init$0$4 in fabric-registry-sync-v0.mixins.json:SimpleRegistryMixin from mod fabric-registry-sync-v0
[17:14:16] [main/DEBUG] (FabricLoader/Mixin) Mixing SimpleRegistryMixin from fabric-tag-api-v1.mixins.json into net.minecraft.core.MappedRegistry
[17:14:16] [main/DEBUG] (FabricLoader/Mixin) fabric-registry-sync-v0.mixins.json:SimpleRegistryMixin from mod fabric-registry-sync-v0->@Inject::init(Lnet/minecraft/resources/ResourceKey;Lcom/mojang/serialization/Lifecycle;ZLorg/spongepowered/asm/mixin/injection/callback/CallbackInfo;)V doesn't use it's CallbackInfo
[17:14:16] [main/DEBUG] (FabricLoader/Mixin) fabric-registry-sync-v0.mixins.json:SimpleRegistryMixin from mod fabric-registry-sync-v0->@Inject::init(Lnet/minecraft/resources/ResourceKey;Lcom/mojang/serialization/Lifecycle;ZLorg/spongepowered/asm/mixin/injection/callback/CallbackInfo;)V has 0 override(s) in child classes
[17:14:16] [main/DEBUG] (FabricLoader/Mixin) fabric-registry-sync-v0.mixins.json:SimpleRegistryMixin from mod fabric-registry-sync-v0->@Inject::init(Lnet/minecraft/resources/ResourceKey;Lcom/mojang/serialization/Lifecycle;ZLorg/spongepowered/asm/mixin/injection/callback/CallbackInfo;)V won't be passed a CallbackInfo as a result
[17:14:16] [main/DEBUG] (FabricLoader/Mixin) fabric-registry-sync-v0.mixins.json:SimpleRegistryMixin from mod fabric-registry-sync-v0->@Inject::set(Lnet/minecraft/resources/ResourceKey;Ljava/lang/Object;Lnet/minecraft/core/RegistrationInfo;Lorg/spongepowered/asm/mixin/injection/callback/CallbackInfoReturnable;)V does use it's CallbackInfoReturnable
[17:14:16] [main/DEBUG] (FabricLoader/Mixin) Mixing RegistryKeysMixin from fabric-registry-sync-v0.mixins.json into net.minecraft.core.registries.Registries
[17:14:16] [main/DEBUG] (FabricLoader/Mixin) Mixing ArgumentTypesAccessor from fabric-command-api-v2.mixins.json into net.minecraft.commands.synchronization.ArgumentTypeInfos
[17:14:16] [main/DEBUG] (FabricLoader/Mixin) Renaming @Accessor method fabric_getClassMap()Ljava/util/Map; to fabric_getClassMap$fabric-command-api-v2_$md$7d776e$0 in fabric-command-api-v2.mixins.json:ArgumentTypesAccessor from mod fabric-command-api-v2
[17:14:16] [main/DEBUG] (FabricLoader/Mixin) Mixing ItemGroupsMixin from fabric-item-group-api-v1.mixins.json into net.minecraft.world.item.CreativeModeTabs
[17:14:16] [main/DEBUG] (FabricLoader/Mixin) Renaming synthetic method lambda$paginateGroups$0(Lnet/minecraft/core/Holder$Reference;Lnet/minecraft/core/Holder$Reference;)I to md7d776e$fabric-item-group-api-v1$lambda$paginateGroups$0$0 in fabric-item-group-api-v1.mixins.json:ItemGroupsMixin from mod fabric-item-group-api-v1
[17:14:16] [main/DEBUG] (FabricLoader/Mixin) fabric-item-group-api-v1.mixins.json:ItemGroupsMixin from mod fabric-item-group-api-v1->@Inject::deferDuplicateCheck(Lorg/spongepowered/asm/mixin/injection/callback/CallbackInfo;)V does use it's CallbackInfo
[17:14:16] [main/DEBUG] (FabricLoader/Mixin) fabric-item-group-api-v1.mixins.json:ItemGroupsMixin from mod fabric-item-group-api-v1->@Inject::paginateGroups(Lorg/spongepowered/asm/mixin/injection/callback/CallbackInfo;)V doesn't use it's CallbackInfo
[17:14:16] [main/DEBUG] (FabricLoader/Mixin) Mixing ItemGroupAccessor from fabric-item-group-api-v1.mixins.json into net.minecraft.world.item.CreativeModeTab
[17:14:16] [main/DEBUG] (FabricLoader/Mixin) Mixing ItemGroupMixin from fabric-item-group-api-v1.mixins.json into net.minecraft.world.item.CreativeModeTab
[17:14:16] [main/DEBUG] (FabricLoader/Mixin) Renaming synthetic method lambda$getStacks$0(Lnet/minecraft/world/item/CreativeModeTab;)Ljava/lang/IllegalStateException; to md7d776e$fabric-item-group-api-v1$lambda$getStacks$0$0 in fabric-item-group-api-v1.mixins.json:ItemGroupMixin from mod fabric-item-group-api-v1
[17:14:16] [main/DEBUG] (FabricLoader/Mixin) fabric-item-group-api-v1.mixins.json:ItemGroupMixin from mod fabric-item-group-api-v1->@Inject::getStacks(Lnet/minecraft/world/item/CreativeModeTab$ItemDisplayParameters;Lorg/spongepowered/asm/mixin/injection/callback/CallbackInfo;)V doesn't use it's CallbackInfo
[17:14:16] [main/DEBUG] (FabricLoader/Mixin) fabric-item-group-api-v1.mixins.json:ItemGroupMixin from mod fabric-item-group-api-v1->@Inject::getStacks(Lnet/minecraft/world/item/CreativeModeTab$ItemDisplayParameters;Lorg/spongepowered/asm/mixin/injection/callback/CallbackInfo;)V has 0 override(s) in child classes
[17:14:16] [main/DEBUG] (FabricLoader/Mixin) fabric-item-group-api-v1.mixins.json:ItemGroupMixin from mod fabric-item-group-api-v1->@Inject::getStacks(Lnet/minecraft/world/item/CreativeModeTab$ItemDisplayParameters;Lorg/spongepowered/asm/mixin/injection/callback/CallbackInfo;)V won't be passed a CallbackInfo as a result
[17:14:16] [main/DEBUG] (FabricLoader/Mixin) Mixing FireBlockMixin from fabric-content-registries-v0.mixins.json into net.minecraft.world.level.block.FireBlock
[17:14:16] [main/DEBUG] (FabricLoader/Mixin) fabric-content-registries-v0.mixins.json:FireBlockMixin from mod fabric-content-registries-v0->@Inject::afterConstruct(Lnet/minecraft/world/level/block/state/BlockBehaviour$Properties;Lorg/spongepowered/asm/mixin/injection/callback/CallbackInfo;)V doesn't use it's CallbackInfo
[17:14:16] [main/DEBUG] (FabricLoader/Mixin) fabric-content-registries-v0.mixins.json:FireBlockMixin from mod fabric-content-registries-v0->@Inject::afterConstruct(Lnet/minecraft/world/level/block/state/BlockBehaviour$Properties;Lorg/spongepowered/asm/mixin/injection/callback/CallbackInfo;)V has 0 override(s) in child classes
[17:14:16] [main/DEBUG] (FabricLoader/Mixin) fabric-content-registries-v0.mixins.json:FireBlockMixin from mod fabric-content-registries-v0->@Inject::afterConstruct(Lnet/minecraft/world/level/block/state/BlockBehaviour$Properties;Lorg/spongepowered/asm/mixin/injection/callback/CallbackInfo;)V won't be passed a CallbackInfo as a result
[17:14:16] [main/DEBUG] (FabricLoader/Mixin) fabric-content-registries-v0.mixins.json:FireBlockMixin from mod fabric-content-registries-v0->@Inject::getFabricBurnChance(Lnet/minecraft/world/level/block/state/BlockState;Lorg/spongepowered/asm/mixin/injection/callback/CallbackInfoReturnable;)V does use it's CallbackInfoReturnable
[17:14:16] [main/DEBUG] (FabricLoader/Mixin) fabric-content-registries-v0.mixins.json:FireBlockMixin from mod fabric-content-registries-v0->@Inject::getFabricSpreadChance(Lnet/minecraft/world/level/block/state/BlockState;Lorg/spongepowered/asm/mixin/injection/callback/CallbackInfoReturnable;)V does use it's CallbackInfoReturnable
[17:14:16] [main/DEBUG] (FabricLoader/Mixin) Mixing inject.MixinBlock from architectury-common.mixins.json into net.minecraft.world.level.block.Block
[17:14:16] [main/DEBUG] (FabricLoader/Mixin) architectury-common.mixins.json:inject.MixinBlock from mod architectury: Class version 65 required is higher than the class version supported by the current version of Mixin (JAVA_16 supports class version 60)
[17:14:16] [main/DEBUG] (FabricLoader/Mixin) Mixing BlockMixin from fabric-block-api-v1.mixins.json into net.minecraft.world.level.block.Block
[17:14:16] [main/DEBUG] (FabricLoader/Mixin) Mixing AbstractBlockAccessor from fabric-content-registries-v0.mixins.json into net.minecraft.world.level.block.state.BlockBehaviour
[17:14:16] [main/DEBUG] (FabricLoader/Mixin) Mixing BlockViewMixin from fabric-block-view-api-v2.mixins.json into net.minecraft.world.level.BlockGetter
[17:14:16] [main/DEBUG] (FabricLoader/Mixin) Mixing WorldViewMixin from fabric-block-view-api-v2.mixins.json into net.minecraft.world.level.LevelReader
[17:14:16] [main/DEBUG] (FabricLoader/Mixin) Mixing EntityMixin from fabric-entity-events-v1.mixins.json into net.minecraft.world.entity.Entity
[17:14:16] [main/DEBUG] (FabricLoader/Mixin) Mixing MixinEntity from architectury.mixins.json into net.minecraft.world.entity.Entity
[17:14:16] [main/DEBUG] (FabricLoader/Mixin) architectury.mixins.json:MixinEntity from mod architectury: Class version 65 required is higher than the class version supported by the current version of Mixin (JAVA_16 supports class version 60)
[17:14:16] [main/DEBUG] (FabricLoader/Mixin) Mixing EntityMixin from fabric-particles-v1.mixins.json into net.minecraft.world.entity.Entity
[17:14:16] [main/DEBUG] (FabricLoader/Mixin) Mixing EntityMixin from effectual.mixins.json into net.minecraft.world.entity.Entity
[17:14:16] [main/DEBUG] (FabricLoader/Mixin) Mixing AttachmentTargetsMixin from fabric-data-attachment-api-v1.mixins.json into net.minecraft.world.entity.Entity
[17:14:16] [main/DEBUG] (FabricLoader/Mixin) Renaming synthetic method lambda$fabric_readAttachmentsFromNbt$3(Lnet/minecraft/world/level/storage/ValueInput;Lnet/fabricmc/fabric/api/attachment/v1/AttachmentType;Ljava/lang/Object;)V to md7d776e$fabric-data-attachment-api-v1$lambda$fabric_readAttachmentsFromNbt$3$0 in fabric-data-attachment-api-v1.mixins.json:AttachmentTargetsMixin from mod fabric-data-attachment-api-v1
[17:14:16] [main/DEBUG] (FabricLoader/Mixin) Renaming synthetic method lambda$onAttachedSet$2(Lnet/fabricmc/fabric/api/attachment/v1/AttachmentType;)Lnet/fabricmc/fabric/api/event/Event; to md7d776e$fabric-data-attachment-api-v1$lambda$onAttachedSet$2$1 in fabric-data-attachment-api-v1.mixins.json:AttachmentTargetsMixin from mod fabric-data-attachment-api-v1
[17:14:16] [main/DEBUG] (FabricLoader/Mixin) Renaming synthetic method lambda$onAttachedSet$1([Lnet/fabricmc/fabric/api/attachment/v1/AttachmentTarget$OnAttachedSet;)Lnet/fabricmc/fabric/api/attachment/v1/AttachmentTarget$OnAttachedSet; to md7d776e$fabric-data-attachment-api-v1$lambda$onAttachedSet$1$2 in fabric-data-attachment-api-v1.mixins.json:AttachmentTargetsMixin from mod fabric-data-attachment-api-v1
[17:14:16] [main/DEBUG] (FabricLoader/Mixin) Renaming synthetic method lambda$onAttachedSet$0([Lnet/fabricmc/fabric/api/attachment/v1/AttachmentTarget$OnAttachedSet;Ljava/lang/Object;Ljava/lang/Object;)V to md7d776e$fabric-data-attachment-api-v1$lambda$onAttachedSet$0$3 in fabric-data-attachment-api-v1.mixins.json:AttachmentTargetsMixin from mod fabric-data-attachment-api-v1
[17:14:16] [main/DEBUG] (FabricLoader/Mixin) Mixing EntityMixin from fabric-data-attachment-api-v1.mixins.json into net.minecraft.world.entity.Entity
[17:14:16] [main/DEBUG] (FabricLoader/Mixin) Renaming synthetic method lambda$fabric_syncChange$0(Lnet/fabricmc/fabric/api/attachment/v1/AttachmentSyncPredicate;Lnet/fabricmc/fabric/impl/attachment/sync/AttachmentChange;Lnet/minecraft/server/level/ServerPlayer;)V to md7d776e$fabric-data-attachment-api-v1$lambda$fabric_syncChange$0$4 in fabric-data-attachment-api-v1.mixins.json:EntityMixin from mod fabric-data-attachment-api-v1
[17:14:16] [main/DEBUG] (FabricLoader/Mixin) architectury.mixins.json:MixinEntity from mod architectury->@Inject::hurtClient(Lnet/minecraft/world/damagesource/DamageSource;Lorg/spongepowered/asm/mixin/injection/callback/CallbackInfoReturnable;)V does use it's CallbackInfoReturnable
[17:14:16] [main/DEBUG] (FabricLoader/Mixin) effectual.mixins.json:EntityMixin from mod effectual->@Inject::effectual$tick(Lorg/spongepowered/asm/mixin/injection/callback/CallbackInfo;)V doesn't use it's CallbackInfo
[17:14:16] [main/DEBUG] (FabricLoader/Mixin) effectual.mixins.json:EntityMixin from mod effectual->@Inject::effectual$tick(Lorg/spongepowered/asm/mixin/injection/callback/CallbackInfo;)V has 0 override(s) in child classes
[17:14:16] [main/DEBUG] (FabricLoader/Mixin) effectual.mixins.json:EntityMixin from mod effectual->@Inject::effectual$tick(Lorg/spongepowered/asm/mixin/injection/callback/CallbackInfo;)V won't be passed a CallbackInfo as a result
[17:14:16] [main/DEBUG] (FabricLoader/Mixin) fabric-data-attachment-api-v1.mixins.json:EntityMixin from mod fabric-data-attachment-api-v1->@Inject::readEntityAttachments(Lnet/minecraft/world/level/storage/ValueInput;Lorg/spongepowered/asm/mixin/injection/callback/CallbackInfo;)V doesn't use it's CallbackInfo
[17:14:16] [main/DEBUG] (FabricLoader/Mixin) fabric-data-attachment-api-v1.mixins.json:EntityMixin from mod fabric-data-attachment-api-v1->@Inject::readEntityAttachments(Lnet/minecraft/world/level/storage/ValueInput;Lorg/spongepowered/asm/mixin/injection/callback/CallbackInfo;)V has 0 override(s) in child classes
[17:14:16] [main/DEBUG] (FabricLoader/Mixin) fabric-data-attachment-api-v1.mixins.json:EntityMixin from mod fabric-data-attachment-api-v1->@Inject::readEntityAttachments(Lnet/minecraft/world/level/storage/ValueInput;Lorg/spongepowered/asm/mixin/injection/callback/CallbackInfo;)V won't be passed a CallbackInfo as a result
[17:14:16] [main/DEBUG] (FabricLoader/Mixin) fabric-data-attachment-api-v1.mixins.json:EntityMixin from mod fabric-data-attachment-api-v1->@Inject::writeEntityAttachments(Lnet/minecraft/world/level/storage/ValueOutput;Lorg/spongepowered/asm/mixin/injection/callback/CallbackInfo;)V doesn't use it's CallbackInfo
[17:14:16] [main/DEBUG] (FabricLoader/Mixin) fabric-data-attachment-api-v1.mixins.json:EntityMixin from mod fabric-data-attachment-api-v1->@Inject::writeEntityAttachments(Lnet/minecraft/world/level/storage/ValueOutput;Lorg/spongepowered/asm/mixin/injection/callback/CallbackInfo;)V has 0 override(s) in child classes
[17:14:16] [main/DEBUG] (FabricLoader/Mixin) fabric-data-attachment-api-v1.mixins.json:EntityMixin from mod fabric-data-attachment-api-v1->@Inject::writeEntityAttachments(Lnet/minecraft/world/level/storage/ValueOutput;Lorg/spongepowered/asm/mixin/injection/callback/CallbackInfo;)V won't be passed a CallbackInfo as a result
[17:14:16] [main/DEBUG] (FabricLoader/Mixin) Mixing PlayerEntityMixin from fabric-entity-events-v1.mixins.json into net.minecraft.world.entity.player.Player
[17:14:16] [main/DEBUG] (FabricLoader/Mixin) Mixing LivingDeathInvoker from architectury.mixins.json into net.minecraft.world.entity.player.Player
[17:14:16] [main/DEBUG] (FabricLoader/Mixin) architectury.mixins.json:LivingDeathInvoker from mod architectury: Class version 65 required is higher than the class version supported by the current version of Mixin (JAVA_16 supports class version 60)
[17:14:16] [main/DEBUG] (FabricLoader/Mixin) Mixing MixinPlayer from architectury.mixins.json into net.minecraft.world.entity.player.Player
[17:14:16] [main/DEBUG] (FabricLoader/Mixin) architectury.mixins.json:MixinPlayer from mod architectury: Class version 65 required is higher than the class version supported by the current version of Mixin (JAVA_16 supports class version 60)
[17:14:16] [main/DEBUG] (FabricLoader/Mixin) Mixing PlayerAttackInvoker from architectury.mixins.json into net.minecraft.world.entity.player.Player
[17:14:16] [main/DEBUG] (FabricLoader/Mixin) architectury.mixins.json:PlayerAttackInvoker from mod architectury: Class version 65 required is higher than the class version supported by the current version of Mixin (JAVA_16 supports class version 60)
[17:14:16] [main/DEBUG] (FabricLoader/Mixin) fabric-entity-events-v1.mixins.json:PlayerEntityMixin from mod fabric-entity-events-v1->@Inject::onTrySleep(Lnet/minecraft/core/BlockPos;Lorg/spongepowered/asm/mixin/injection/callback/CallbackInfoReturnable;)V does use it's CallbackInfoReturnable
[17:14:16] [main/DEBUG] (FabricLoader/Mixin) fabric-entity-events-v1.mixins.json:PlayerEntityMixin from mod fabric-entity-events-v1->@Inject::onIsSleepingLongEnough(Lorg/spongepowered/asm/mixin/injection/callback/CallbackInfoReturnable;)V does use it's CallbackInfoReturnable
[17:14:16] [main/DEBUG] (FabricLoader/Mixin) architectury.mixins.json:LivingDeathInvoker from mod architectury->@Inject::die(Lnet/minecraft/world/damagesource/DamageSource;Lorg/spongepowered/asm/mixin/injection/callback/CallbackInfo;)V does use it's CallbackInfo
[17:14:16] [main/DEBUG] (FabricLoader/Mixin) architectury.mixins.json:MixinPlayer from mod architectury->@Inject::preTick(Lorg/spongepowered/asm/mixin/injection/callback/CallbackInfo;)V doesn't use it's CallbackInfo
[17:14:16] [main/DEBUG] (FabricLoader/Mixin) architectury.mixins.json:MixinPlayer from mod architectury->@Inject::preTick(Lorg/spongepowered/asm/mixin/injection/callback/CallbackInfo;)V has 0 override(s) in child classes
[17:14:16] [main/DEBUG] (FabricLoader/Mixin) architectury.mixins.json:MixinPlayer from mod architectury->@Inject::preTick(Lorg/spongepowered/asm/mixin/injection/callback/CallbackInfo;)V won't be passed a CallbackInfo as a result
[17:14:16] [main/DEBUG] (FabricLoader/Mixin) architectury.mixins.json:MixinPlayer from mod architectury->@Inject::postTick(Lorg/spongepowered/asm/mixin/injection/callback/CallbackInfo;)V doesn't use it's CallbackInfo
[17:14:16] [main/DEBUG] (FabricLoader/Mixin) architectury.mixins.json:MixinPlayer from mod architectury->@Inject::postTick(Lorg/spongepowered/asm/mixin/injection/callback/CallbackInfo;)V has 0 override(s) in child classes
[17:14:16] [main/DEBUG] (FabricLoader/Mixin) architectury.mixins.json:MixinPlayer from mod architectury->@Inject::postTick(Lorg/spongepowered/asm/mixin/injection/callback/CallbackInfo;)V won't be passed a CallbackInfo as a result
[17:14:16] [main/DEBUG] (FabricLoader/Mixin) architectury.mixins.json:MixinPlayer from mod architectury->@Inject::drop(Lnet/minecraft/world/item/ItemStack;ZLorg/spongepowered/asm/mixin/injection/callback/CallbackInfoReturnable;)V does use it's CallbackInfoReturnable
[17:14:16] [main/DEBUG] (FabricLoader/Mixin) architectury.mixins.json:MixinPlayer from mod architectury->@Inject::entityInteract(Lnet/minecraft/world/entity/Entity;Lnet/minecraft/world/InteractionHand;Lorg/spongepowered/asm/mixin/injection/callback/CallbackInfoReturnable;)V does use it's CallbackInfoReturnable
[17:14:16] [main/DEBUG] (FabricLoader/Mixin) architectury.mixins.json:PlayerAttackInvoker from mod architectury->@Inject::hurtServer(Lnet/minecraft/server/level/ServerLevel;Lnet/minecraft/world/damagesource/DamageSource;FLorg/spongepowered/asm/mixin/injection/callback/CallbackInfoReturnable;)V does use it's CallbackInfoReturnable
[17:14:16] [main/DEBUG] (FabricLoader/Mixin) Mixing LivingEntityMixin from fabric-entity-events-v1.mixins.json into net.minecraft.world.entity.LivingEntity
[17:14:16] [main/DEBUG] (FabricLoader/Mixin) Mixing elytra.LivingEntityMixin from fabric-entity-events-v1.mixins.json into net.minecraft.world.entity.LivingEntity
[17:14:16] [main/DEBUG] (FabricLoader/Mixin) Mixing LivingDeathInvoker from architectury.mixins.json into net.minecraft.world.entity.LivingEntity
[17:14:16] [main/DEBUG] (FabricLoader/Mixin) architectury.mixins.json:LivingDeathInvoker from mod architectury: Class version 65 required is higher than the class version supported by the current version of Mixin (JAVA_16 supports class version 60)
[17:14:16] [main/DEBUG] (FabricLoader/Mixin) Mixing MixinLivingEntity from architectury.mixins.json into net.minecraft.world.entity.LivingEntity
[17:14:16] [main/DEBUG] (FabricLoader/Mixin) architectury.mixins.json:MixinLivingEntity from mod architectury: Class version 65 required is higher than the class version supported by the current version of Mixin (JAVA_16 supports class version 60)
[17:14:16] [main/DEBUG] (FabricLoader/Mixin) Mixing LivingEntityMixin from fabric-particles-v1.mixins.json into net.minecraft.world.entity.LivingEntity
[17:14:16] [main/DEBUG] (FabricLoader/Mixin) Mixing LivingEntityMixin from fabric-lifecycle-events-v1.mixins.json into net.minecraft.world.entity.LivingEntity
[17:14:16] [main/DEBUG] (FabricLoader/Mixin) Mixing LivingEntityMixin from fabric-block-api-v1.mixins.json into net.minecraft.world.entity.LivingEntity
[17:14:16] [main/DEBUG] (FabricLoader/Mixin) Mixing LivingEntityMixin from fabric-item-api-v1.mixins.json into net.minecraft.world.entity.LivingEntity
[17:14:16] [main/DEBUG] (FabricLoader/Mixin) fabric-entity-events-v1.mixins.json:LivingEntityMixin from mod fabric-entity-events-v1->@Inject::notifyDeath(Lnet/minecraft/world/damagesource/DamageSource;Lorg/spongepowered/asm/mixin/injection/callback/CallbackInfo;)V doesn't use it's CallbackInfo
[17:14:16] [main/DEBUG] (FabricLoader/Mixin) fabric-entity-events-v1.mixins.json:LivingEntityMixin from mod fabric-entity-events-v1->@Inject::notifyDeath(Lnet/minecraft/world/damagesource/DamageSource;Lorg/spongepowered/asm/mixin/injection/callback/CallbackInfo;)V has 0 override(s) in child classes
[17:14:16] [main/DEBUG] (FabricLoader/Mixin) fabric-entity-events-v1.mixins.json:LivingEntityMixin from mod fabric-entity-events-v1->@Inject::notifyDeath(Lnet/minecraft/world/damagesource/DamageSource;Lorg/spongepowered/asm/mixin/injection/callback/CallbackInfo;)V won't be passed a CallbackInfo as a result
[17:14:16] [main/DEBUG] (FabricLoader/Mixin) fabric-entity-events-v1.mixins.json:LivingEntityMixin from mod fabric-entity-events-v1->@Inject::beforeDamage(Lnet/minecraft/server/level/ServerLevel;Lnet/minecraft/world/damagesource/DamageSource;FLorg/spongepowered/asm/mixin/injection/callback/CallbackInfoReturnable;)V does use it's CallbackInfoReturnable
[17:14:16] [main/DEBUG] (FabricLoader/Mixin) fabric-entity-events-v1.mixins.json:LivingEntityMixin from mod fabric-entity-events-v1->@Inject::afterDamage(Lnet/minecraft/server/level/ServerLevel;Lnet/minecraft/world/damagesource/DamageSource;FLorg/spongepowered/asm/mixin/injection/callback/CallbackInfoReturnable;)V doesn't use it's CallbackInfoReturnable
[17:14:16] [main/DEBUG] (FabricLoader/Mixin) fabric-entity-events-v1.mixins.json:LivingEntityMixin from mod fabric-entity-events-v1->@Inject::afterDamage(Lnet/minecraft/server/level/ServerLevel;Lnet/minecraft/world/damagesource/DamageSource;FLorg/spongepowered/asm/mixin/injection/callback/CallbackInfoReturnable;)V has 0 override(s) in child classes
[17:14:16] [main/DEBUG] (FabricLoader/Mixin) fabric-entity-events-v1.mixins.json:LivingEntityMixin from mod fabric-entity-events-v1->@Inject::afterDamage(Lnet/minecraft/server/level/ServerLevel;Lnet/minecraft/world/damagesource/DamageSource;FLorg/spongepowered/asm/mixin/injection/callback/CallbackInfoReturnable;)V won't be passed a CallbackInfoReturnable as a result
[17:14:16] [main/DEBUG] (FabricLoader/Mixin) fabric-entity-events-v1.mixins.json:LivingEntityMixin from mod fabric-entity-events-v1->@Inject::onSleep(Lnet/minecraft/core/BlockPos;Lorg/spongepowered/asm/mixin/injection/callback/CallbackInfo;)V doesn't use it's CallbackInfo
[17:14:16] [main/DEBUG] (FabricLoader/Mixin) fabric-entity-events-v1.mixins.json:LivingEntityMixin from mod fabric-entity-events-v1->@Inject::onSleep(Lnet/minecraft/core/BlockPos;Lorg/spongepowered/asm/mixin/injection/callback/CallbackInfo;)V has 0 override(s) in child classes
[17:14:16] [main/DEBUG] (FabricLoader/Mixin) fabric-entity-events-v1.mixins.json:LivingEntityMixin from mod fabric-entity-events-v1->@Inject::onSleep(Lnet/minecraft/core/BlockPos;Lorg/spongepowered/asm/mixin/injection/callback/CallbackInfo;)V won't be passed a CallbackInfo as a result
[17:14:16] [main/DEBUG] (FabricLoader/Mixin) fabric-entity-events-v1.mixins.json:LivingEntityMixin from mod fabric-entity-events-v1->@Inject::onWakeUp(Lorg/spongepowered/asm/mixin/injection/callback/CallbackInfo;)V doesn't use it's CallbackInfo
[17:14:16] [main/DEBUG] (FabricLoader/Mixin) fabric-entity-events-v1.mixins.json:LivingEntityMixin from mod fabric-entity-events-v1->@Inject::onWakeUp(Lorg/spongepowered/asm/mixin/injection/callback/CallbackInfo;)V has 0 override(s) in child classes
[17:14:16] [main/DEBUG] (FabricLoader/Mixin) fabric-entity-events-v1.mixins.json:LivingEntityMixin from mod fabric-entity-events-v1->@Inject::onWakeUp(Lorg/spongepowered/asm/mixin/injection/callback/CallbackInfo;)V won't be passed a CallbackInfo as a result
[17:14:16] [main/DEBUG] (FabricLoader/Mixin) fabric-entity-events-v1.mixins.json:LivingEntityMixin from mod fabric-entity-events-v1->@Inject::onIsSleepingInBed(Lnet/minecraft/core/BlockPos;Lorg/spongepowered/asm/mixin/injection/callback/CallbackInfoReturnable;)V does use it's CallbackInfoReturnable
[17:14:16] [main/DEBUG] (FabricLoader/Mixin) fabric-entity-events-v1.mixins.json:elytra.LivingEntityMixin from mod fabric-entity-events-v1->@Inject::injectElytraTick(Lorg/spongepowered/asm/mixin/injection/callback/CallbackInfo;)V does use it's CallbackInfo
[17:14:16] [main/DEBUG] (FabricLoader/Mixin) fabric-entity-events-v1.mixins.json:elytra.LivingEntityMixin from mod fabric-entity-events-v1->@Inject::injectElytraCheck(Lorg/spongepowered/asm/mixin/injection/callback/CallbackInfoReturnable;)V does use it's CallbackInfoReturnable
[17:14:16] [main/DEBUG] (FabricLoader/Mixin) architectury.mixins.json:LivingDeathInvoker from mod architectury->@Inject::die(Lnet/minecraft/world/damagesource/DamageSource;Lorg/spongepowered/asm/mixin/injection/callback/CallbackInfo;)V does use it's CallbackInfo
[17:14:16] [main/DEBUG] (FabricLoader/Mixin) architectury.mixins.json:MixinLivingEntity from mod architectury->@Inject::hurtServer(Lnet/minecraft/server/level/ServerLevel;Lnet/minecraft/world/damagesource/DamageSource;FLorg/spongepowered/asm/mixin/injection/callback/CallbackInfoReturnable;)V does use it's CallbackInfoReturnable
[17:14:16] [main/DEBUG] (FabricLoader/Mixin) fabric-lifecycle-events-v1.mixins.json:LivingEntityMixin from mod fabric-lifecycle-events-v1->@Inject::getEquipmentChanges(Lorg/spongepowered/asm/mixin/injection/callback/CallbackInfoReturnable;)V doesn't use it's CallbackInfoReturnable
[17:14:16] [main/DEBUG] (FabricLoader/Mixin) fabric-lifecycle-events-v1.mixins.json:LivingEntityMixin from mod fabric-lifecycle-events-v1->@Inject::getEquipmentChanges(Lorg/spongepowered/asm/mixin/injection/callback/CallbackInfoReturnable;)V has 0 override(s) in child classes
[17:14:16] [main/DEBUG] (FabricLoader/Mixin) fabric-lifecycle-events-v1.mixins.json:LivingEntityMixin from mod fabric-lifecycle-events-v1->@Inject::getEquipmentChanges(Lorg/spongepowered/asm/mixin/injection/callback/CallbackInfoReturnable;)V won't be passed a CallbackInfoReturnable as a result
[17:14:16] [main/DEBUG] (FabricLoader/Mixin) fabric-block-api-v1.mixins.json:LivingEntityMixin from mod fabric-block-api-v1->@Inject::allowTaggedBlocksForTrapdoorClimbing(Lnet/minecraft/core/BlockPos;Lnet/minecraft/world/level/block/state/BlockState;Lorg/spongepowered/asm/mixin/injection/callback/CallbackInfoReturnable;)V does use it's CallbackInfoReturnable
[17:14:16] [main/DEBUG] (FabricLoader/Mixin) fabric-item-api-v1.mixins.json:LivingEntityMixin from mod fabric-item-api-v1->@Inject::onGetPreferredEquipmentSlot(Lnet/minecraft/world/item/ItemStack;Lorg/spongepowered/asm/mixin/injection/callback/CallbackInfoReturnable;)V does use it's CallbackInfoReturnable
[17:14:16] [main/DEBUG] (FabricLoader/Mixin) Mixing WorldMixin from fabric-lifecycle-events-v1.mixins.json into net.minecraft.world.level.Level
[17:14:16] [main/DEBUG] (FabricLoader/Mixin) Mixing AttachmentTargetsMixin from fabric-data-attachment-api-v1.mixins.json into net.minecraft.world.level.Level
[17:14:16] [main/DEBUG] (FabricLoader/Mixin) Mixing WorldMixin from fabric-data-attachment-api-v1.mixins.json into net.minecraft.world.level.Level
[17:14:16] [main/DEBUG] (FabricLoader/Mixin) Mixing MixinServerLevel from architectury.mixins.json into net.minecraft.server.level.ServerLevel
[17:14:16] [main/DEBUG] (FabricLoader/Mixin) architectury.mixins.json:MixinServerLevel from mod architectury: Class version 65 required is higher than the class version supported by the current version of Mixin (JAVA_16 supports class version 60)
[17:14:16] [main/DEBUG] (FabricLoader/Mixin) Mixing ServerWorldMixin from fabric-lifecycle-events-v1.mixins.json into net.minecraft.server.level.ServerLevel
[17:14:16] [main/DEBUG] (FabricLoader/Mixin) Mixing ServerWorldMixin from fabric-api-lookup-api-v1.mixins.json into net.minecraft.server.level.ServerLevel
[17:14:16] [main/DEBUG] (FabricLoader/Mixin) Renaming synthetic method lambda$fabric_invalidateCache$5(Ljava/util/Map$Entry;)Z to md7d776e$fabric-api-lookup-api-v1$lambda$fabric_invalidateCache$5$0 in fabric-api-lookup-api-v1.mixins.json:ServerWorldMixin from mod fabric-api-lookup-api-v1
[17:14:16] [main/DEBUG] (FabricLoader/Mixin) Renaming synthetic method lambda$fabric_invalidateCache$4(Ljava/lang/ref/WeakReference;)Z to md7d776e$fabric-api-lookup-api-v1$lambda$fabric_invalidateCache$4$1 in fabric-api-lookup-api-v1.mixins.json:ServerWorldMixin from mod fabric-api-lookup-api-v1
[17:14:16] [main/DEBUG] (FabricLoader/Mixin) Renaming synthetic method lambda$fabric_invalidateCache$3(Ljava/lang/ref/WeakReference;)V to md7d776e$fabric-api-lookup-api-v1$lambda$fabric_invalidateCache$3$2 in fabric-api-lookup-api-v1.mixins.json:ServerWorldMixin from mod fabric-api-lookup-api-v1
[17:14:16] [main/DEBUG] (FabricLoader/Mixin) Renaming synthetic method lambda$fabric_invalidateCache$2(Ljava/lang/ref/WeakReference;)Z to md7d776e$fabric-api-lookup-api-v1$lambda$fabric_invalidateCache$2$3 in fabric-api-lookup-api-v1.mixins.json:ServerWorldMixin from mod fabric-api-lookup-api-v1
[17:14:16] [main/DEBUG] (FabricLoader/Mixin) Renaming synthetic method lambda$fabric_registerCache$1(Ljava/lang/ref/WeakReference;)Z to md7d776e$fabric-api-lookup-api-v1$lambda$fabric_registerCache$1$4 in fabric-api-lookup-api-v1.mixins.json:ServerWorldMixin from mod fabric-api-lookup-api-v1
[17:14:16] [main/DEBUG] (FabricLoader/Mixin) Renaming synthetic method lambda$fabric_registerCache$0(Lnet/minecraft/core/BlockPos;)Ljava/util/List; to md7d776e$fabric-api-lookup-api-v1$lambda$fabric_registerCache$0$5 in fabric-api-lookup-api-v1.mixins.json:ServerWorldMixin from mod fabric-api-lookup-api-v1
[17:14:16] [main/DEBUG] (FabricLoader/Mixin) Mixing ServerWorldMixin from fabric-data-attachment-api-v1.mixins.json into net.minecraft.server.level.ServerLevel
[17:14:16] [main/DEBUG] (FabricLoader/Mixin) Renaming synthetic method lambda$fabric_syncChange$1(Lnet/fabricmc/fabric/api/attachment/v1/AttachmentType;Lnet/fabricmc/fabric/impl/attachment/sync/AttachmentChange;Lnet/minecraft/server/level/ServerPlayer;)V to md7d776e$fabric-data-attachment-api-v1$lambda$fabric_syncChange$1$6 in fabric-data-attachment-api-v1.mixins.json:ServerWorldMixin from mod fabric-data-attachment-api-v1
[17:14:16] [main/DEBUG] (FabricLoader/Mixin) Renaming synthetic method lambda$createAttachmentsPersistentState$0(Lnet/minecraft/server/level/ServerLevel;)Lnet/fabricmc/fabric/impl/attachment/AttachmentPersistentState; to md7d776e$fabric-data-attachment-api-v1$lambda$createAttachmentsPersistentState$0$7 in fabric-data-attachment-api-v1.mixins.json:ServerWorldMixin from mod fabric-data-attachment-api-v1
[17:14:16] [main/DEBUG] (FabricLoader/Mixin) architectury.mixins.json:MixinServerLevel from mod architectury->@Inject::save(Lnet/minecraft/util/ProgressListener;ZZLorg/spongepowered/asm/mixin/injection/callback/CallbackInfo;)V doesn't use it's CallbackInfo
[17:14:16] [main/DEBUG] (FabricLoader/Mixin) architectury.mixins.json:MixinServerLevel from mod architectury->@Inject::save(Lnet/minecraft/util/ProgressListener;ZZLorg/spongepowered/asm/mixin/injection/callback/CallbackInfo;)V has 0 override(s) in child classes
[17:14:16] [main/DEBUG] (FabricLoader/Mixin) architectury.mixins.json:MixinServerLevel from mod architectury->@Inject::save(Lnet/minecraft/util/ProgressListener;ZZLorg/spongepowered/asm/mixin/injection/callback/CallbackInfo;)V won't be passed a CallbackInfo as a result
[17:14:16] [main/DEBUG] (FabricLoader/Mixin) architectury.mixins.json:MixinServerLevel from mod architectury->@Inject::addEntity(Lnet/minecraft/world/entity/Entity;Lorg/spongepowered/asm/mixin/injection/callback/CallbackInfoReturnable;)V doesn't use it's CallbackInfoReturnable
[17:14:16] [main/DEBUG] (FabricLoader/Mixin) architectury.mixins.json:MixinServerLevel from mod architectury->@Inject::addEntity(Lnet/minecraft/world/entity/Entity;Lorg/spongepowered/asm/mixin/injection/callback/CallbackInfoReturnable;)V has 0 override(s) in child classes
[17:14:16] [main/DEBUG] (FabricLoader/Mixin) architectury.mixins.json:MixinServerLevel from mod architectury->@Inject::addEntity(Lnet/minecraft/world/entity/Entity;Lorg/spongepowered/asm/mixin/injection/callback/CallbackInfoReturnable;)V won't be passed a CallbackInfoReturnable as a result
[17:14:16] [main/DEBUG] (FabricLoader/Mixin) architectury.mixins.json:MixinServerLevel from mod architectury->@Inject::explodePre(Lnet/minecraft/world/entity/Entity;Lnet/minecraft/world/damagesource/DamageSource;Lnet/minecraft/world/level/ExplosionDamageCalculator;DDDFZLnet/minecraft/world/level/Level$ExplosionInteraction;Lnet/minecraft/core/particles/ParticleOptions;Lnet/minecraft/core/particles/ParticleOptions;Lnet/minecraft/util/random/WeightedList;Lnet/minecraft/core/Holder;Lorg/spongepowered/asm/mixin/injection/callback/CallbackInfo;)V does use it's CallbackInfo
[17:14:16] [main/DEBUG] (FabricLoader/Mixin) fabric-lifecycle-events-v1.mixins.json:ServerWorldMixin from mod fabric-lifecycle-events-v1->@Inject::startWorldTick(Ljava/util/function/BooleanSupplier;Lorg/spongepowered/asm/mixin/injection/callback/CallbackInfo;)V doesn't use it's CallbackInfo
[17:14:16] [main/DEBUG] (FabricLoader/Mixin) fabric-lifecycle-events-v1.mixins.json:ServerWorldMixin from mod fabric-lifecycle-events-v1->@Inject::startWorldTick(Ljava/util/function/BooleanSupplier;Lorg/spongepowered/asm/mixin/injection/callback/CallbackInfo;)V has 0 override(s) in child classes
[17:14:16] [main/DEBUG] (FabricLoader/Mixin) fabric-lifecycle-events-v1.mixins.json:ServerWorldMixin from mod fabric-lifecycle-events-v1->@Inject::startWorldTick(Ljava/util/function/BooleanSupplier;Lorg/spongepowered/asm/mixin/injection/callback/CallbackInfo;)V won't be passed a CallbackInfo as a result
[17:14:16] [main/DEBUG] (FabricLoader/Mixin) fabric-lifecycle-events-v1.mixins.json:ServerWorldMixin from mod fabric-lifecycle-events-v1->@Inject::endWorldTick(Ljava/util/function/BooleanSupplier;Lorg/spongepowered/asm/mixin/injection/callback/CallbackInfo;)V doesn't use it's CallbackInfo
[17:14:16] [main/DEBUG] (FabricLoader/Mixin) fabric-lifecycle-events-v1.mixins.json:ServerWorldMixin from mod fabric-lifecycle-events-v1->@Inject::endWorldTick(Ljava/util/function/BooleanSupplier;Lorg/spongepowered/asm/mixin/injection/callback/CallbackInfo;)V has 0 override(s) in child classes
[17:14:16] [main/DEBUG] (FabricLoader/Mixin) fabric-lifecycle-events-v1.mixins.json:ServerWorldMixin from mod fabric-lifecycle-events-v1->@Inject::endWorldTick(Ljava/util/function/BooleanSupplier;Lorg/spongepowered/asm/mixin/injection/callback/CallbackInfo;)V won't be passed a CallbackInfo as a result
[17:14:16] [main/DEBUG] (FabricLoader/Mixin) fabric-data-attachment-api-v1.mixins.json:ServerWorldMixin from mod fabric-data-attachment-api-v1->@Inject::createAttachmentsPersistentState(Lorg/spongepowered/asm/mixin/injection/callback/CallbackInfo;)V doesn't use it's CallbackInfo
[17:14:16] [main/DEBUG] (FabricLoader/Mixin) fabric-data-attachment-api-v1.mixins.json:ServerWorldMixin from mod fabric-data-attachment-api-v1->@Inject::createAttachmentsPersistentState(Lorg/spongepowered/asm/mixin/injection/callback/CallbackInfo;)V has 0 override(s) in child classes
[17:14:16] [main/DEBUG] (FabricLoader/Mixin) fabric-data-attachment-api-v1.mixins.json:ServerWorldMixin from mod fabric-data-attachment-api-v1->@Inject::createAttachmentsPersistentState(Lorg/spongepowered/asm/mixin/injection/callback/CallbackInfo;)V won't be passed a CallbackInfo as a result
[17:14:16] [main/DEBUG] (FabricLoader/Mixin) Mixing MixinItemEntity from architectury.mixins.json into net.minecraft.world.entity.item.ItemEntity
[17:14:16] [main/DEBUG] (FabricLoader/Mixin) architectury.mixins.json:MixinItemEntity from mod architectury: Class version 65 required is higher than the class version supported by the current version of Mixin (JAVA_16 supports class version 60)
[17:14:16] [main/DEBUG] (FabricLoader/Mixin) architectury.mixins.json:MixinItemEntity from mod architectury->@Inject::prePickup(Lnet/minecraft/world/entity/player/Player;Lorg/spongepowered/asm/mixin/injection/callback/CallbackInfo;)V does use it's CallbackInfo
[17:14:16] [main/DEBUG] (FabricLoader/Mixin) architectury.mixins.json:MixinItemEntity from mod architectury->@Inject::pickup(Lnet/minecraft/world/entity/player/Player;Lorg/spongepowered/asm/mixin/injection/callback/CallbackInfo;)V doesn't use it's CallbackInfo
[17:14:16] [main/DEBUG] (FabricLoader/Mixin) architectury.mixins.json:MixinItemEntity from mod architectury->@Inject::pickup(Lnet/minecraft/world/entity/player/Player;Lorg/spongepowered/asm/mixin/injection/callback/CallbackInfo;)V has 0 override(s) in child classes
[17:14:16] [main/DEBUG] (FabricLoader/Mixin) architectury.mixins.json:MixinItemEntity from mod architectury->@Inject::pickup(Lnet/minecraft/world/entity/player/Player;Lorg/spongepowered/asm/mixin/injection/callback/CallbackInfo;)V won't be passed a CallbackInfo as a result
[17:14:16] [main/DEBUG] (FabricLoader/Mixin) Mixing BlockStateMixin from fabric-block-api-v1.mixins.json into net.minecraft.world.level.block.state.BlockState
[17:14:16] [main/DEBUG] (FabricLoader/Mixin) Mixing AbstractBlockAbstractBlockStateMixin from fabric-content-registries-v0.mixins.json into net.minecraft.world.level.block.state.BlockBehaviour$BlockStateBase
[17:14:16] [main/DEBUG] (FabricLoader/Mixin) Mixing IdListMixin from fabric-registry-sync-v0.mixins.json into net.minecraft.core.IdMapper
[17:14:16] [main/DEBUG] (FabricLoader/Mixin) Renaming synthetic method lambda$fabric_remapIds$0(Lit/unimi/dsi/fastutil/ints/Int2IntMap;Ljava/lang/Object;Ljava/lang/Integer;)Ljava/lang/Integer; to md7d776e$fabric-registry-sync-v0$lambda$fabric_remapIds$0$0 in fabric-registry-sync-v0.mixins.json:IdListMixin from mod fabric-registry-sync-v0
[17:14:16] [main/DEBUG] (FabricLoader/Mixin) Mixing RegistryByteBufMixin from fabric-networking-api-v1.mixins.json into net.minecraft.network.RegistryFriendlyByteBuf
[17:14:16] [main/DEBUG] (FabricLoader/Mixin) Mixing BlocksMixin from fabric-registry-sync-v0.mixins.json into net.minecraft.world.level.block.Blocks
[17:14:16] [main/DEBUG] (FabricLoader/Mixin) Renaming synthetic method lambda$initShapeCache$0(ILnet/minecraft/resources/ResourceLocation;Lnet/minecraft/world/level/block/Block;)V to md7d776e$fabric-registry-sync-v0$lambda$initShapeCache$0$0 in fabric-registry-sync-v0.mixins.json:BlocksMixin from mod fabric-registry-sync-v0
[17:14:16] [main/DEBUG] (FabricLoader/Mixin) fabric-registry-sync-v0.mixins.json:BlocksMixin from mod fabric-registry-sync-v0->@Inject::initShapeCache(Lorg/spongepowered/asm/mixin/injection/callback/CallbackInfo;)V doesn't use it's CallbackInfo
[17:14:16] [main/DEBUG] (FabricLoader/Mixin) Mixing OxidizableMixin from fabric-content-registries-v0.mixins.json into net.minecraft.world.level.block.WeatheringCopper
[17:14:16] [main/DEBUG] (FabricLoader/Mixin) fabric-content-registries-v0.mixins.json:OxidizableMixin from mod fabric-content-registries-v0->@Inject::createOxidationLevelIncreasesMap(Lorg/spongepowered/asm/mixin/injection/callback/CallbackInfoReturnable;)V does use it's CallbackInfoReturnable
[17:14:16] [main/DEBUG] (FabricLoader/Mixin) Mixing CampfireBlockMixin from effectual.mixins.json into net.minecraft.world.level.block.CampfireBlock
[17:14:16] [main/DEBUG] (FabricLoader/Mixin) effectual.mixins.json:CampfireBlockMixin from mod effectual->@Inject::effectual$onAnimateTick(Lnet/minecraft/world/level/block/state/BlockState;Lnet/minecraft/world/level/Level;Lnet/minecraft/core/BlockPos;Lnet/minecraft/util/RandomSource;Lorg/spongepowered/asm/mixin/injection/callback/CallbackInfo;)V doesn't use it's CallbackInfo
[17:14:16] [main/DEBUG] (FabricLoader/Mixin) effectual.mixins.json:CampfireBlockMixin from mod effectual->@Inject::effectual$onAnimateTick(Lnet/minecraft/world/level/block/state/BlockState;Lnet/minecraft/world/level/Level;Lnet/minecraft/core/BlockPos;Lnet/minecraft/util/RandomSource;Lorg/spongepowered/asm/mixin/injection/callback/CallbackInfo;)V has 0 override(s) in child classes
[17:14:16] [main/DEBUG] (FabricLoader/Mixin) effectual.mixins.json:CampfireBlockMixin from mod effectual->@Inject::effectual$onAnimateTick(Lnet/minecraft/world/level/block/state/BlockState;Lnet/minecraft/world/level/Level;Lnet/minecraft/core/BlockPos;Lnet/minecraft/util/RandomSource;Lorg/spongepowered/asm/mixin/injection/callback/CallbackInfo;)V won't be passed a CallbackInfo as a result
[17:14:16] [main/DEBUG] (FabricLoader/Mixin) Mixing inject.MixinLiquidBlock from architectury-common.mixins.json into net.minecraft.world.level.block.LiquidBlock
[17:14:16] [main/DEBUG] (FabricLoader/Mixin) architectury-common.mixins.json:inject.MixinLiquidBlock from mod architectury: Class version 65 required is higher than the class version supported by the current version of Mixin (JAVA_16 supports class version 60)
[17:14:16] [main/DEBUG] (FabricLoader/Mixin) Mixing LiquidBlockAccessor from architectury.mixins.json into net.minecraft.world.level.block.LiquidBlock
[17:14:16] [main/DEBUG] (FabricLoader/Mixin) architectury.mixins.json:LiquidBlockAccessor from mod architectury: Class version 65 required is higher than the class version supported by the current version of Mixin (JAVA_16 supports class version 60)
[17:14:16] [main/DEBUG] (FabricLoader/Mixin) Mixing inject.MixinEntityType from architectury-common.mixins.json into net.minecraft.world.entity.EntityType
[17:14:16] [main/DEBUG] (FabricLoader/Mixin) architectury-common.mixins.json:inject.MixinEntityType from mod architectury: Class version 65 required is higher than the class version supported by the current version of Mixin (JAVA_16 supports class version 60)
[17:14:16] [main/DEBUG] (FabricLoader/Mixin) Mixing EntityTypeMixin from fabric-object-builder-v1.mixins.json into net.minecraft.world.entity.EntityType
[17:14:16] [main/DEBUG] (FabricLoader/Mixin) fabric-object-builder-v1.mixins.json:EntityTypeMixin from mod fabric-object-builder-api-v1->@Inject::onAlwaysUpdateVelocity(Lorg/spongepowered/asm/mixin/injection/callback/CallbackInfoReturnable;)V does use it's CallbackInfoReturnable
[17:14:16] [main/DEBUG] (FabricLoader/Mixin) fabric-object-builder-v1.mixins.json:EntityTypeMixin from mod fabric-object-builder-api-v1->@Inject::onCanPotentiallyExecuteCommands(Lorg/spongepowered/asm/mixin/injection/callback/CallbackInfoReturnable;)V does use it's CallbackInfoReturnable
[17:14:16] [main/DEBUG] (FabricLoader/Mixin) Mixing inject.MixinFluid from architectury-common.mixins.json into net.minecraft.world.level.material.Fluid
[17:14:16] [main/DEBUG] (FabricLoader/Mixin) architectury-common.mixins.json:inject.MixinFluid from mod architectury: Class version 65 required is higher than the class version supported by the current version of Mixin (JAVA_16 supports class version 60)
[17:14:16] [main/DEBUG] (FabricLoader/Mixin) Mixing FluidMixin from fabric-transfer-api-v1.mixins.json into net.minecraft.world.level.material.Fluid
[17:14:16] [main/DEBUG] (FabricLoader/Mixin) fabric-transfer-api-v1.mixins.json:FluidMixin from mod fabric-transfer-api-v1->@Inject::hookGetBucketFillSound(Lorg/spongepowered/asm/mixin/injection/callback/CallbackInfoReturnable;)V does use it's CallbackInfoReturnable
[17:14:16] [main/DEBUG] (FabricLoader/Mixin) Mixing ComponentMapBuilderMixin from fabric-item-api-v1.mixins.json into net.minecraft.core.component.DataComponentMap$Builder
[17:14:16] [main/DEBUG] (FabricLoader/Mixin) Mixing BlockEntityMixin from fabric-block-view-api-v2.mixins.json into net.minecraft.world.level.block.entity.BlockEntity
[17:14:16] [main/DEBUG] (FabricLoader/Mixin) Mixing AttachmentTargetsMixin from fabric-data-attachment-api-v1.mixins.json into net.minecraft.world.level.block.entity.BlockEntity
[17:14:16] [main/DEBUG] (FabricLoader/Mixin) Mixing BlockEntityMixin from fabric-data-attachment-api-v1.mixins.json into net.minecraft.world.level.block.entity.BlockEntity
[17:14:16] [main/DEBUG] (FabricLoader/Mixin) Renaming synthetic method lambda$fabric_syncChange$0(Lnet/fabricmc/fabric/api/attachment/v1/AttachmentType;Lnet/fabricmc/fabric/impl/attachment/sync/AttachmentChange;Lnet/minecraft/server/level/ServerPlayer;)V to md7d776e$fabric-data-attachment-api-v1$lambda$fabric_syncChange$0$0 in fabric-data-attachment-api-v1.mixins.json:BlockEntityMixin from mod fabric-data-attachment-api-v1
[17:14:16] [main/DEBUG] (FabricLoader/Mixin) fabric-data-attachment-api-v1.mixins.json:BlockEntityMixin from mod fabric-data-attachment-api-v1->@Inject::readBlockEntityAttachments(Lnet/minecraft/world/level/storage/ValueInput;Lorg/spongepowered/asm/mixin/injection/callback/CallbackInfo;)V doesn't use it's CallbackInfo
[17:14:16] [main/DEBUG] (FabricLoader/Mixin) fabric-data-attachment-api-v1.mixins.json:BlockEntityMixin from mod fabric-data-attachment-api-v1->@Inject::readBlockEntityAttachments(Lnet/minecraft/world/level/storage/ValueInput;Lorg/spongepowered/asm/mixin/injection/callback/CallbackInfo;)V has 0 override(s) in child classes
[17:14:16] [main/DEBUG] (FabricLoader/Mixin) fabric-data-attachment-api-v1.mixins.json:BlockEntityMixin from mod fabric-data-attachment-api-v1->@Inject::readBlockEntityAttachments(Lnet/minecraft/world/level/storage/ValueInput;Lorg/spongepowered/asm/mixin/injection/callback/CallbackInfo;)V won't be passed a CallbackInfo as a result
[17:14:16] [main/DEBUG] (FabricLoader/Mixin) fabric-data-attachment-api-v1.mixins.json:BlockEntityMixin from mod fabric-data-attachment-api-v1->@Inject::writeBlockEntityAttachments(Lnet/minecraft/world/level/storage/ValueOutput;Lorg/spongepowered/asm/mixin/injection/callback/CallbackInfo;)V doesn't use it's CallbackInfo
[17:14:16] [main/DEBUG] (FabricLoader/Mixin) fabric-data-attachment-api-v1.mixins.json:BlockEntityMixin from mod fabric-data-attachment-api-v1->@Inject::writeBlockEntityAttachments(Lnet/minecraft/world/level/storage/ValueOutput;Lorg/spongepowered/asm/mixin/injection/callback/CallbackInfo;)V has 0 override(s) in child classes
[17:14:16] [main/DEBUG] (FabricLoader/Mixin) fabric-data-attachment-api-v1.mixins.json:BlockEntityMixin from mod fabric-data-attachment-api-v1->@Inject::writeBlockEntityAttachments(Lnet/minecraft/world/level/storage/ValueOutput;Lorg/spongepowered/asm/mixin/injection/callback/CallbackInfo;)V won't be passed a CallbackInfo as a result
[17:14:16] [main/DEBUG] (FabricLoader/Mixin) Mixing MixinFallingBlockEntity from architectury.mixins.json into net.minecraft.world.entity.item.FallingBlockEntity
[17:14:16] [main/DEBUG] (FabricLoader/Mixin) architectury.mixins.json:MixinFallingBlockEntity from mod architectury: Class version 65 required is higher than the class version supported by the current version of Mixin (JAVA_16 supports class version 60)
[17:14:16] [main/DEBUG] (FabricLoader/Mixin) architectury.mixins.json:MixinFallingBlockEntity from mod architectury->@Inject::handleLand(Lorg/spongepowered/asm/mixin/injection/callback/CallbackInfo;)V doesn't use it's CallbackInfo
[17:14:16] [main/DEBUG] (FabricLoader/Mixin) architectury.mixins.json:MixinFallingBlockEntity from mod architectury->@Inject::handleLand(Lorg/spongepowered/asm/mixin/injection/callback/CallbackInfo;)V has 0 override(s) in child classes
[17:14:16] [main/DEBUG] (FabricLoader/Mixin) architectury.mixins.json:MixinFallingBlockEntity from mod architectury->@Inject::handleLand(Lorg/spongepowered/asm/mixin/injection/callback/CallbackInfo;)V won't be passed a CallbackInfo as a result
[17:14:16] [main/DEBUG] (FabricLoader/Mixin) Mixing BlockStateParticleEffectMixin from fabric-particles-v1.mixins.json into net.minecraft.core.particles.BlockParticleOption
[17:14:16] [main/DEBUG] (FabricLoader/Mixin) Mixing NamedScreenHandlerFactoryMixin from fabric-screen-handler-api-v1.mixins.json into net.minecraft.world.MenuProvider
[17:14:16] [main/DEBUG] (FabricLoader/Mixin) Mixing LockableContainerBlockEntityMixin from fabric-transfer-api-v1.mixins.json into net.minecraft.world.level.block.entity.BaseContainerBlockEntity
[17:14:16] [main/DEBUG] (FabricLoader/Mixin) Mixing DetectorRailBlockMixin from fabric-object-builder-v1.mixins.json into net.minecraft.world.level.block.DetectorRailBlock
[17:14:16] [main/DEBUG] (FabricLoader/Mixin) Renaming synthetic method lambda$getCustomComparatorOutput$0(Lnet/minecraft/world/entity/Entity;)Z to md7d776e$fabric-object-builder-api-v1$lambda$getCustomComparatorOutput$0$0 in fabric-object-builder-v1.mixins.json:DetectorRailBlockMixin from mod fabric-object-builder-api-v1
[17:14:16] [main/DEBUG] (FabricLoader/Mixin) fabric-object-builder-v1.mixins.json:DetectorRailBlockMixin from mod fabric-object-builder-api-v1->@Inject::getCustomComparatorOutput(Lnet/minecraft/world/level/block/state/BlockState;Lnet/minecraft/world/level/Level;Lnet/minecraft/core/BlockPos;Lnet/minecraft/core/Direction;Lorg/spongepowered/asm/mixin/injection/callback/CallbackInfoReturnable;)V does use it's CallbackInfoReturnable
[17:14:16] [main/DEBUG] (FabricLoader/Mixin) Mixing MobEntityMixin from fabric-entity-events-v1.mixins.json into net.minecraft.world.entity.Mob
[17:14:16] [main/DEBUG] (FabricLoader/Mixin) Mixing ChiseledBookshelfBlockEntityMixin from fabric-transfer-api-v1.mixins.json into net.minecraft.world.level.block.entity.ChiseledBookShelfBlockEntity
[17:14:16] [main/DEBUG] (FabricLoader/Mixin) fabric-transfer-api-v1.mixins.json:ChiseledBookshelfBlockEntityMixin from mod fabric-transfer-api-v1->@Inject::setStackBypass(ILnet/minecraft/world/item/ItemStack;Lorg/spongepowered/asm/mixin/injection/callback/CallbackInfo;)V does use it's CallbackInfo
[17:14:16] [main/DEBUG] (FabricLoader/Mixin) Mixing ListInventoryMixin from fabric-transfer-api-v1.mixins.json into net.minecraft.world.level.block.entity.ListBackedContainer
[17:14:16] [main/DEBUG] (FabricLoader/Mixin) Mixing ShelfBlockEntityMixin from fabric-transfer-api-v1.mixins.json into net.minecraft.world.level.block.entity.ShelfBlockEntity
[17:14:16] [main/DEBUG] (FabricLoader/Mixin) Mixing BlockEntityTypeMixin from fabric-object-builder-v1.mixins.json into net.minecraft.world.level.block.entity.BlockEntityType
[17:14:16] [main/DEBUG] (FabricLoader/Mixin) Mixing BlockEntityTypeAccessor from fabric-api-lookup-api-v1.mixins.json into net.minecraft.world.level.block.entity.BlockEntityType
[17:14:16] [main/DEBUG] (FabricLoader/Mixin) fabric-object-builder-v1.mixins.json:BlockEntityTypeMixin from mod fabric-object-builder-api-v1->@Inject::mutableBlocks(Lnet/minecraft/world/level/block/entity/BlockEntityType$BlockEntitySupplier;Ljava/util/Set;Lorg/spongepowered/asm/mixin/injection/callback/CallbackInfo;)V doesn't use it's CallbackInfo
[17:14:16] [main/DEBUG] (FabricLoader/Mixin) fabric-object-builder-v1.mixins.json:BlockEntityTypeMixin from mod fabric-object-builder-api-v1->@Inject::mutableBlocks(Lnet/minecraft/world/level/block/entity/BlockEntityType$BlockEntitySupplier;Ljava/util/Set;Lorg/spongepowered/asm/mixin/injection/callback/CallbackInfo;)V has 0 override(s) in child classes
[17:14:16] [main/DEBUG] (FabricLoader/Mixin) fabric-object-builder-v1.mixins.json:BlockEntityTypeMixin from mod fabric-object-builder-api-v1->@Inject::mutableBlocks(Lnet/minecraft/world/level/block/entity/BlockEntityType$BlockEntitySupplier;Ljava/util/Set;Lorg/spongepowered/asm/mixin/injection/callback/CallbackInfo;)V won't be passed a CallbackInfo as a result
[17:14:16] [main/DEBUG] (FabricLoader/Mixin) Mixing MixinFarmBlock from architectury.mixins.json into net.minecraft.world.level.block.FarmBlock
[17:14:16] [main/DEBUG] (FabricLoader/Mixin) architectury.mixins.json:MixinFarmBlock from mod architectury: Class version 65 required is higher than the class version supported by the current version of Mixin (JAVA_16 supports class version 60)
[17:14:16] [main/DEBUG] (FabricLoader/Mixin) architectury.mixins.json:MixinFarmBlock from mod architectury->@Inject::fallOn(Lnet/minecraft/world/level/Level;Lnet/minecraft/world/level/block/state/BlockState;Lnet/minecraft/core/BlockPos;Lnet/minecraft/world/entity/Entity;DLorg/spongepowered/asm/mixin/injection/callback/CallbackInfo;)V doesn't use it's CallbackInfo
[17:14:16] [main/DEBUG] (FabricLoader/Mixin) architectury.mixins.json:MixinFarmBlock from mod architectury->@Inject::fallOn(Lnet/minecraft/world/level/Level;Lnet/minecraft/world/level/block/state/BlockState;Lnet/minecraft/core/BlockPos;Lnet/minecraft/world/entity/Entity;DLorg/spongepowered/asm/mixin/injection/callback/CallbackInfo;)V has 0 override(s) in child classes
[17:14:16] [main/DEBUG] (FabricLoader/Mixin) architectury.mixins.json:MixinFarmBlock from mod architectury->@Inject::fallOn(Lnet/minecraft/world/level/Level;Lnet/minecraft/world/level/block/state/BlockState;Lnet/minecraft/core/BlockPos;Lnet/minecraft/world/entity/Entity;DLorg/spongepowered/asm/mixin/injection/callback/CallbackInfo;)V won't be passed a CallbackInfo as a result
[17:14:16] [main/DEBUG] (FabricLoader/Mixin) architectury.mixins.json:MixinFarmBlock from mod architectury->@Inject::turnToDirt(Lnet/minecraft/world/entity/Entity;Lnet/minecraft/world/level/block/state/BlockState;Lnet/minecraft/world/level/Level;Lnet/minecraft/core/BlockPos;Lorg/spongepowered/asm/mixin/injection/callback/CallbackInfo;)V does use it's CallbackInfo
[17:14:16] [main/DEBUG] (FabricLoader/Mixin) Mixing AbstractFurnaceBlockEntityMixin from fabric-transfer-api-v1.mixins.json into net.minecraft.world.level.block.entity.AbstractFurnaceBlockEntity
[17:14:16] [main/DEBUG] (FabricLoader/Mixin) Mixing AbstractFurnaceBlockEntityMixin from fabric-item-api-v1.mixins.json into net.minecraft.world.level.block.entity.AbstractFurnaceBlockEntity
[17:14:16] [main/DEBUG] (FabricLoader/Mixin) fabric-transfer-api-v1.mixins.json:AbstractFurnaceBlockEntityMixin from mod fabric-transfer-api-v1->@Inject::setStackSuppressUpdate(ILnet/minecraft/world/item/ItemStack;Lorg/spongepowered/asm/mixin/injection/callback/CallbackInfo;)V does use it's CallbackInfo
[17:14:16] [main/DEBUG] (FabricLoader/Mixin) fabric-item-api-v1.mixins.json:AbstractFurnaceBlockEntityMixin from mod fabric-item-api-v1->@Inject::getStackRemainder(Lnet/minecraft/server/level/ServerLevel;Lnet/minecraft/core/BlockPos;Lnet/minecraft/world/level/block/state/BlockState;Lnet/minecraft/world/level/block/entity/AbstractFurnaceBlockEntity;Lorg/spongepowered/asm/mixin/injection/callback/CallbackInfo;)V doesn't use it's CallbackInfo
[17:14:16] [main/DEBUG] (FabricLoader/Mixin) Mixing WoodTypeMixin from fabric-object-builder-v1.client.mixins.json into net.minecraft.world.level.block.state.properties.WoodType
[17:14:16] [main/DEBUG] (FabricLoader/Mixin) fabric-object-builder-v1.client.mixins.json:WoodTypeMixin from mod fabric-object-builder-api-v1->@Inject::onReturnRegister(Lnet/minecraft/world/level/block/state/properties/WoodType;Lorg/spongepowered/asm/mixin/injection/callback/CallbackInfoReturnable;)V doesn't use it's CallbackInfoReturnable
[17:14:16] [main/DEBUG] (FabricLoader/Mixin) Mixing JukeboxBlockEntityMixin from fabric-transfer-api-v1.mixins.json into net.minecraft.world.level.block.entity.JukeboxBlockEntity
[17:14:16] [main/DEBUG] (FabricLoader/Mixin) fabric-transfer-api-v1.mixins.json:JukeboxBlockEntityMixin from mod fabric-transfer-api-v1->@Inject::setStackBypass(Lnet/minecraft/world/item/ItemStack;Lorg/spongepowered/asm/mixin/injection/callback/CallbackInfo;)V does use it's CallbackInfo
[17:14:16] [main/DEBUG] (FabricLoader/Mixin) Mixing BrewingStandBlockEntityMixin from fabric-item-api-v1.mixins.json into net.minecraft.world.level.block.entity.BrewingStandBlockEntity
[17:14:16] [main/DEBUG] (FabricLoader/Mixin) fabric-item-api-v1.mixins.json:BrewingStandBlockEntityMixin from mod fabric-item-api-v1->@Inject::captureItemStack(Lnet/minecraft/world/level/Level;Lnet/minecraft/core/BlockPos;Lnet/minecraft/core/NonNullList;Lorg/spongepowered/asm/mixin/injection/callback/CallbackInfo;)V doesn't use it's CallbackInfo
[17:14:16] [main/DEBUG] (FabricLoader/Mixin) Mixing ItemStackMixin from fabric-item-api-v1.mixins.json into net.minecraft.world.item.ItemStack
[17:14:16] [main/DEBUG] (FabricLoader/Mixin) Renaming synthetic method lambda$hookDamage$0(Lorg/apache/commons/lang3/mutable/MutableBoolean;Ljava/util/function/Consumer;)V to md7d776e$fabric-item-api-v1$lambda$hookDamage$0$0 in fabric-item-api-v1.mixins.json:ItemStackMixin from mod fabric-item-api-v1
[17:14:16] [main/DEBUG] (FabricLoader/Mixin) Mixing ItemStackMixin from fabric-item-api-v1.client.mixins.json into net.minecraft.world.item.ItemStack
[17:14:16] [main/DEBUG] (FabricLoader/Mixin) fabric-item-api-v1.mixins.json:ItemStackMixin from mod fabric-item-api-v1->@Inject::preAttributeModifiers(Lnet/minecraft/world/item/Item$TooltipContext;Lnet/minecraft/world/item/component/TooltipDisplay;Lnet/minecraft/world/entity/player/Player;Lnet/minecraft/world/item/TooltipFlag;Ljava/util/function/Consumer;Lorg/spongepowered/asm/mixin/injection/callback/CallbackInfo;)V doesn't use it's CallbackInfo
[17:14:16] [main/DEBUG] (FabricLoader/Mixin) fabric-item-api-v1.mixins.json:ItemStackMixin from mod fabric-item-api-v1->@Inject::postTooltipsAdvanced(Lnet/minecraft/world/item/Item$TooltipContext;Lnet/minecraft/world/item/component/TooltipDisplay;Lnet/minecraft/world/entity/player/Player;Lnet/minecraft/world/item/TooltipFlag;Ljava/util/function/Consumer;Lorg/spongepowered/asm/mixin/injection/callback/CallbackInfo;)V doesn't use it's CallbackInfo
[17:14:16] [main/DEBUG] (FabricLoader/Mixin) fabric-item-api-v1.client.mixins.json:ItemStackMixin from mod fabric-item-api-v1->@Inject::getTooltip(Lnet/minecraft/world/item/Item$TooltipContext;Lnet/minecraft/world/entity/player/Player;Lnet/minecraft/world/item/TooltipFlag;Lorg/spongepowered/asm/mixin/injection/callback/CallbackInfoReturnable;)V does use it's CallbackInfoReturnable
[17:14:16] [main/DEBUG] (FabricLoader/Mixin) Mixing BiomeAccessor from architectury.mixins.json into net.minecraft.world.level.biome.Biome
[17:14:16] [main/DEBUG] (FabricLoader/Mixin) architectury.mixins.json:BiomeAccessor from mod architectury: Class version 65 required is higher than the class version supported by the current version of Mixin (JAVA_16 supports class version 60)
[17:14:17] [main/DEBUG] (FabricLoader/Mixin) Mixing AnvilScreenHandlerMixin from fabric-item-api-v1.mixins.json into net.minecraft.world.inventory.AnvilMenu
[17:14:17] [main/DEBUG] (FabricLoader/Mixin) Mixing HopperBlockEntityMixin from fabric-transfer-api-v1.mixins.json into net.minecraft.world.level.block.entity.HopperBlockEntity
[17:14:17] [main/DEBUG] (FabricLoader/Mixin) Renaming synthetic method lambda$hookExtract$1(Lnet/fabricmc/fabric/api/transfer/v1/item/ItemVariant;)Z to md7d776e$fabric-transfer-api-v1$lambda$hookExtract$1$0 in fabric-transfer-api-v1.mixins.json:HopperBlockEntityMixin from mod fabric-transfer-api-v1
[17:14:17] [main/DEBUG] (FabricLoader/Mixin) Renaming synthetic method lambda$hookInsert$0(Lnet/fabricmc/fabric/api/transfer/v1/item/ItemVariant;)Z to md7d776e$fabric-transfer-api-v1$lambda$hookInsert$0$1 in fabric-transfer-api-v1.mixins.json:HopperBlockEntityMixin from mod fabric-transfer-api-v1
[17:14:17] [main/DEBUG] (FabricLoader/Mixin) fabric-transfer-api-v1.mixins.json:HopperBlockEntityMixin from mod fabric-transfer-api-v1->@Inject::hookInsert(Lnet/minecraft/world/level/Level;Lnet/minecraft/core/BlockPos;Lnet/minecraft/world/level/block/entity/HopperBlockEntity;Lorg/spongepowered/asm/mixin/injection/callback/CallbackInfoReturnable;)V does use it's CallbackInfoReturnable
[17:14:17] [main/DEBUG] (FabricLoader/Mixin) fabric-transfer-api-v1.mixins.json:HopperBlockEntityMixin from mod fabric-transfer-api-v1->@Inject::hookExtract(Lnet/minecraft/world/level/Level;Lnet/minecraft/world/level/block/entity/Hopper;Lorg/spongepowered/asm/mixin/injection/callback/CallbackInfoReturnable;)V does use it's CallbackInfoReturnable
[17:14:17] [main/DEBUG] (FabricLoader/Mixin) Mixing DropperBlockMixin from fabric-transfer-api-v1.mixins.json into net.minecraft.world.level.block.DropperBlock
[17:14:17] [main/DEBUG] (FabricLoader/Mixin) Renaming synthetic method lambda$hookDispense$0(Lnet/fabricmc/fabric/api/transfer/v1/item/ItemVariant;)Z to md7d776e$fabric-transfer-api-v1$lambda$hookDispense$0$0 in fabric-transfer-api-v1.mixins.json:DropperBlockMixin from mod fabric-transfer-api-v1
[17:14:17] [main/DEBUG] (FabricLoader/Mixin) fabric-transfer-api-v1.mixins.json:DropperBlockMixin from mod fabric-transfer-api-v1->@Inject::hookDispense(Lnet/minecraft/server/level/ServerLevel;Lnet/minecraft/world/level/block/state/BlockState;Lnet/minecraft/core/BlockPos;Lorg/spongepowered/asm/mixin/injection/callback/CallbackInfo;)V does use it's CallbackInfo
[17:14:17] [main/DEBUG] (FabricLoader/Mixin) Mixing BannerBlockEntityMixin from fabric-data-attachment-api-v1.mixins.json into net.minecraft.world.level.block.entity.BannerBlockEntity
[17:14:17] [main/DEBUG] (FabricLoader/Mixin) Mixing CrafterBlockMixin from fabric-transfer-api-v1.mixins.json into net.minecraft.world.level.block.CrafterBlock
[17:14:17] [main/DEBUG] (FabricLoader/Mixin) fabric-transfer-api-v1.mixins.json:CrafterBlockMixin from mod fabric-transfer-api-v1->@Inject::transferOrSpawnStack(Lnet/minecraft/server/level/ServerLevel;Lnet/minecraft/core/BlockPos;Lnet/minecraft/world/level/block/entity/CrafterBlockEntity;Lnet/minecraft/world/item/ItemStack;Lnet/minecraft/world/level/block/state/BlockState;Lnet/minecraft/world/item/crafting/RecipeHolder;Lorg/spongepowered/asm/mixin/injection/callback/CallbackInfo;)V doesn't use it's CallbackInfo
[17:14:17] [main/DEBUG] (FabricLoader/Mixin) fabric-transfer-api-v1.mixins.json:CrafterBlockMixin from mod fabric-transfer-api-v1->@Inject::transferOrSpawnStack(Lnet/minecraft/server/level/ServerLevel;Lnet/minecraft/core/BlockPos;Lnet/minecraft/world/level/block/entity/CrafterBlockEntity;Lnet/minecraft/world/item/ItemStack;Lnet/minecraft/world/level/block/state/BlockState;Lnet/minecraft/world/item/crafting/RecipeHolder;Lorg/spongepowered/asm/mixin/injection/callback/CallbackInfo;)V has 0 override(s) in child classes
[17:14:17] [main/DEBUG] (FabricLoader/Mixin) fabric-transfer-api-v1.mixins.json:CrafterBlockMixin from mod fabric-transfer-api-v1->@Inject::transferOrSpawnStack(Lnet/minecraft/server/level/ServerLevel;Lnet/minecraft/core/BlockPos;Lnet/minecraft/world/level/block/entity/CrafterBlockEntity;Lnet/minecraft/world/item/ItemStack;Lnet/minecraft/world/level/block/state/BlockState;Lnet/minecraft/world/item/crafting/RecipeHolder;Lorg/spongepowered/asm/mixin/injection/callback/CallbackInfo;)V won't be passed a CallbackInfo as a result
[17:14:17] [main/DEBUG] (FabricLoader/Mixin) fabric-transfer-api-v1.mixins.json:CrafterBlockMixin from mod fabric-transfer-api-v1->@Inject::transferOrSpawnStack(Lnet/minecraft/server/level/ServerLevel;Lnet/minecraft/core/BlockPos;Lnet/minecraft/world/level/block/entity/CrafterBlockEntity;Lnet/minecraft/world/item/ItemStack;Lnet/minecraft/world/level/block/state/BlockState;Lnet/minecraft/world/item/crafting/RecipeHolder;Lorg/spongepowered/asm/mixin/injection/callback/CallbackInfo;)V doesn't use it's CallbackInfo
[17:14:17] [main/DEBUG] (FabricLoader/Mixin) fabric-transfer-api-v1.mixins.json:CrafterBlockMixin from mod fabric-transfer-api-v1->@Inject::transferOrSpawnStack(Lnet/minecraft/server/level/ServerLevel;Lnet/minecraft/core/BlockPos;Lnet/minecraft/world/level/block/entity/CrafterBlockEntity;Lnet/minecraft/world/item/ItemStack;Lnet/minecraft/world/level/block/state/BlockState;Lnet/minecraft/world/item/crafting/RecipeHolder;Lorg/spongepowered/asm/mixin/injection/callback/CallbackInfo;)V has 0 override(s) in child classes
[17:14:17] [main/DEBUG] (FabricLoader/Mixin) fabric-transfer-api-v1.mixins.json:CrafterBlockMixin from mod fabric-transfer-api-v1->@Inject::transferOrSpawnStack(Lnet/minecraft/server/level/ServerLevel;Lnet/minecraft/core/BlockPos;Lnet/minecraft/world/level/block/entity/CrafterBlockEntity;Lnet/minecraft/world/item/ItemStack;Lnet/minecraft/world/level/block/state/BlockState;Lnet/minecraft/world/item/crafting/RecipeHolder;Lorg/spongepowered/asm/mixin/injection/callback/CallbackInfo;)V won't be passed a CallbackInfo as a result
[17:14:17] [main/DEBUG] (FabricLoader/Mixin) fabric-transfer-api-v1.mixins.json:CrafterBlockMixin from mod fabric-transfer-api-v1->@Inject::transferOrSpawnStack(Lnet/minecraft/server/level/ServerLevel;Lnet/minecraft/core/BlockPos;Lnet/minecraft/world/level/block/entity/CrafterBlockEntity;Lnet/minecraft/world/item/ItemStack;Lnet/minecraft/world/level/block/state/BlockState;Lnet/minecraft/world/item/crafting/RecipeHolder;Lorg/spongepowered/asm/mixin/injection/callback/CallbackInfo;)V doesn't use it's CallbackInfo
[17:14:17] [main/DEBUG] (FabricLoader/Mixin) fabric-transfer-api-v1.mixins.json:CrafterBlockMixin from mod fabric-transfer-api-v1->@Inject::transferOrSpawnStack(Lnet/minecraft/server/level/ServerLevel;Lnet/minecraft/core/BlockPos;Lnet/minecraft/world/level/block/entity/CrafterBlockEntity;Lnet/minecraft/world/item/ItemStack;Lnet/minecraft/world/level/block/state/BlockState;Lnet/minecraft/world/item/crafting/RecipeHolder;Lorg/spongepowered/asm/mixin/injection/callback/CallbackInfo;)V has 0 override(s) in child classes
[17:14:17] [main/DEBUG] (FabricLoader/Mixin) fabric-transfer-api-v1.mixins.json:CrafterBlockMixin from mod fabric-transfer-api-v1->@Inject::transferOrSpawnStack(Lnet/minecraft/server/level/ServerLevel;Lnet/minecraft/core/BlockPos;Lnet/minecraft/world/level/block/entity/CrafterBlockEntity;Lnet/minecraft/world/item/ItemStack;Lnet/minecraft/world/level/block/state/BlockState;Lnet/minecraft/world/item/crafting/RecipeHolder;Lorg/spongepowered/asm/mixin/injection/callback/CallbackInfo;)V won't be passed a CallbackInfo as a result
[17:14:17] [main/DEBUG] (FabricLoader/Mixin) fabric-transfer-api-v1.mixins.json:CrafterBlockMixin from mod fabric-transfer-api-v1->@Inject::transferOrSpawnStack(Lnet/minecraft/server/level/ServerLevel;Lnet/minecraft/core/BlockPos;Lnet/minecraft/world/level/block/entity/CrafterBlockEntity;Lnet/minecraft/world/item/ItemStack;Lnet/minecraft/world/level/block/state/BlockState;Lnet/minecraft/world/item/crafting/RecipeHolder;Lorg/spongepowered/asm/mixin/injection/callback/CallbackInfo;)V doesn't use it's CallbackInfo
[17:14:17] [main/DEBUG] (FabricLoader/Mixin) fabric-transfer-api-v1.mixins.json:CrafterBlockMixin from mod fabric-transfer-api-v1->@Inject::transferOrSpawnStack(Lnet/minecraft/server/level/ServerLevel;Lnet/minecraft/core/BlockPos;Lnet/minecraft/world/level/block/entity/CrafterBlockEntity;Lnet/minecraft/world/item/ItemStack;Lnet/minecraft/world/level/block/state/BlockState;Lnet/minecraft/world/item/crafting/RecipeHolder;Lorg/spongepowered/asm/mixin/injection/callback/CallbackInfo;)V has 0 override(s) in child classes
[17:14:17] [main/DEBUG] (FabricLoader/Mixin) fabric-transfer-api-v1.mixins.json:CrafterBlockMixin from mod fabric-transfer-api-v1->@Inject::transferOrSpawnStack(Lnet/minecraft/server/level/ServerLevel;Lnet/minecraft/core/BlockPos;Lnet/minecraft/world/level/block/entity/CrafterBlockEntity;Lnet/minecraft/world/item/ItemStack;Lnet/minecraft/world/level/block/state/BlockState;Lnet/minecraft/world/item/crafting/RecipeHolder;Lorg/spongepowered/asm/mixin/injection/callback/CallbackInfo;)V won't be passed a CallbackInfo as a result
[17:14:17] [main/DEBUG] (FabricLoader/Mixin) Mixing inject.MixinItem from architectury-common.mixins.json into net.minecraft.world.item.Item
[17:14:17] [main/DEBUG] (FabricLoader/Mixin) architectury-common.mixins.json:inject.MixinItem from mod architectury: Class version 65 required is higher than the class version supported by the current version of Mixin (JAVA_16 supports class version 60)
[17:14:17] [main/DEBUG] (FabricLoader/Mixin) Mixing ItemMixin from fabric-transfer-api-v1.mixins.json into net.minecraft.world.item.Item
[17:14:17] [main/DEBUG] (FabricLoader/Mixin) Mixing ItemAccessor from fabric-item-api-v1.mixins.json into net.minecraft.world.item.Item
[17:14:17] [main/DEBUG] (FabricLoader/Mixin) Mixing ItemMixin from fabric-item-api-v1.mixins.json into net.minecraft.world.item.Item
[17:14:17] [main/DEBUG] (FabricLoader/Mixin) architectury-common.mixins.json:inject.MixinItem from mod architectury->@Inject::init(Lnet/minecraft/world/item/Item$Properties;Lorg/spongepowered/asm/mixin/injection/callback/CallbackInfo;)V doesn't use it's CallbackInfo
[17:14:17] [main/DEBUG] (FabricLoader/Mixin) architectury-common.mixins.json:inject.MixinItem from mod architectury->@Inject::init(Lnet/minecraft/world/item/Item$Properties;Lorg/spongepowered/asm/mixin/injection/callback/CallbackInfo;)V has 0 override(s) in child classes
[17:14:17] [main/DEBUG] (FabricLoader/Mixin) architectury-common.mixins.json:inject.MixinItem from mod architectury->@Inject::init(Lnet/minecraft/world/item/Item$Properties;Lorg/spongepowered/asm/mixin/injection/callback/CallbackInfo;)V won't be passed a CallbackInfo as a result
[17:14:17] [main/DEBUG] (FabricLoader/Mixin) fabric-item-api-v1.mixins.json:ItemMixin from mod fabric-item-api-v1->@Inject::onConstruct(Lnet/minecraft/world/item/Item$Properties;Lorg/spongepowered/asm/mixin/injection/callback/CallbackInfo;)V doesn't use it's CallbackInfo
[17:14:17] [main/DEBUG] (FabricLoader/Mixin) fabric-item-api-v1.mixins.json:ItemMixin from mod fabric-item-api-v1->@Inject::onConstruct(Lnet/minecraft/world/item/Item$Properties;Lorg/spongepowered/asm/mixin/injection/callback/CallbackInfo;)V has 0 override(s) in child classes
[17:14:17] [main/DEBUG] (FabricLoader/Mixin) fabric-item-api-v1.mixins.json:ItemMixin from mod fabric-item-api-v1->@Inject::onConstruct(Lnet/minecraft/world/item/Item$Properties;Lorg/spongepowered/asm/mixin/injection/callback/CallbackInfo;)V won't be passed a CallbackInfo as a result
[17:14:17] [main/DEBUG] (FabricLoader/Mixin) Mixing MixinBlockItem from architectury.mixins.json into net.minecraft.world.item.BlockItem
[17:14:17] [main/DEBUG] (FabricLoader/Mixin) architectury.mixins.json:MixinBlockItem from mod architectury: Class version 65 required is higher than the class version supported by the current version of Mixin (JAVA_16 supports class version 60)
[17:14:17] [main/DEBUG] (FabricLoader/Mixin) architectury.mixins.json:MixinBlockItem from mod architectury->@Inject::place(Lnet/minecraft/world/item/context/BlockPlaceContext;Lorg/spongepowered/asm/mixin/injection/callback/CallbackInfoReturnable;Lnet/minecraft/world/item/context/BlockPlaceContext;Lnet/minecraft/world/level/block/state/BlockState;)V does use it's CallbackInfoReturnable
[17:14:17] [main/DEBUG] (FabricLoader/Mixin) Mixing inject.MixinBucketItem from architectury-common.mixins.json into net.minecraft.world.item.BucketItem
[17:14:17] [main/DEBUG] (FabricLoader/Mixin) architectury-common.mixins.json:inject.MixinBucketItem from mod architectury: Class version 65 required is higher than the class version supported by the current version of Mixin (JAVA_16 supports class version 60)
[17:14:17] [main/DEBUG] (FabricLoader/Mixin) Mixing BucketItemAccessor from architectury.mixins.json into net.minecraft.world.item.BucketItem
[17:14:17] [main/DEBUG] (FabricLoader/Mixin) architectury.mixins.json:BucketItemAccessor from mod architectury: Class version 65 required is higher than the class version supported by the current version of Mixin (JAVA_16 supports class version 60)
[17:14:17] [main/DEBUG] (FabricLoader/Mixin) Mixing MixinBucketItem from architectury.mixins.json into net.minecraft.world.item.BucketItem
[17:14:17] [main/DEBUG] (FabricLoader/Mixin) architectury.mixins.json:MixinBucketItem from mod architectury: Class version 65 required is higher than the class version supported by the current version of Mixin (JAVA_16 supports class version 60)
[17:14:17] [main/DEBUG] (FabricLoader/Mixin) Mixing BucketItemAccessor from fabric-transfer-api-v1.mixins.json into net.minecraft.world.item.BucketItem
[17:14:17] [main/DEBUG] (FabricLoader/Mixin) Mixing BucketItemMixin from fabric-transfer-api-v1.mixins.json into net.minecraft.world.item.BucketItem
[17:14:17] [main/DEBUG] (FabricLoader/Mixin) architectury.mixins.json:MixinBucketItem from mod architectury->@Inject::fillBucket(Lnet/minecraft/world/level/Level;Lnet/minecraft/world/entity/player/Player;Lnet/minecraft/world/InteractionHand;Lorg/spongepowered/asm/mixin/injection/callback/CallbackInfoReturnable;Lnet/minecraft/world/item/ItemStack;Lnet/minecraft/world/phys/BlockHitResult;)V does use it's CallbackInfoReturnable
[17:14:17] [main/DEBUG] (FabricLoader/Mixin) Mixing HoeItemAccessor from fabric-content-registries-v0.mixins.json into net.minecraft.world.item.HoeItem
[17:14:17] [main/DEBUG] (FabricLoader/Mixin) Renaming @Accessor method getTillingActions()Ljava/util/Map; to getTillingActions$fabric-content-registries-v0_$md$7d776e$0 in fabric-content-registries-v0.mixins.json:HoeItemAccessor from mod fabric-content-registries-v0
[17:14:17] [main/DEBUG] (FabricLoader/Mixin) Mixing AxeItemAccessor from fabric-content-registries-v0.mixins.json into net.minecraft.world.item.AxeItem
[17:14:17] [main/DEBUG] (FabricLoader/Mixin) Renaming @Accessor method getStrippedBlocks()Ljava/util/Map; to getStrippedBlocks$fabric-content-registries-v0_$md$7d776e$0 in fabric-content-registries-v0.mixins.json:AxeItemAccessor from mod fabric-content-registries-v0
[17:14:17] [main/DEBUG] (FabricLoader/Mixin) Renaming @Accessor method setStrippedBlocks(Ljava/util/Map;)V to setStrippedBlocks$fabric-content-registries-v0_$md$7d776e$1 in fabric-content-registries-v0.mixins.json:AxeItemAccessor from mod fabric-content-registries-v0
[17:14:17] [main/DEBUG] (FabricLoader/Mixin) Mixing AxeItemMixin from fabric-content-registries-v0.mixins.json into net.minecraft.world.item.AxeItem
[17:14:17] [main/DEBUG] (FabricLoader/Mixin) Renaming synthetic method lambda$handleCustomStrippingBehavior$0(Lnet/fabricmc/fabric/api/registry/StrippableBlockRegistry$StrippingTransformer;Lnet/minecraft/world/level/block/state/BlockState;Lnet/minecraft/world/level/block/Block;)Lnet/minecraft/world/level/block/state/BlockState; to md7d776e$fabric-content-registries-v0$lambda$handleCustomStrippingBehavior$0$2 in fabric-content-registries-v0.mixins.json:AxeItemMixin from mod fabric-content-registries-v0
[17:14:17] [main/DEBUG] (FabricLoader/Mixin) Mixing ShovelItemAccessor from fabric-content-registries-v0.mixins.json into net.minecraft.world.item.ShovelItem
[17:14:17] [main/DEBUG] (FabricLoader/Mixin) Renaming @Accessor method getPathStates()Ljava/util/Map; to getPathStates$fabric-content-registries-v0_$md$7d776e$0 in fabric-content-registries-v0.mixins.json:ShovelItemAccessor from mod fabric-content-registries-v0
[17:14:17] [main/DEBUG] (FabricLoader/Mixin) Mixing inject.MixinItemProperties from architectury-common.mixins.json into net.minecraft.world.item.Item$Properties
[17:14:17] [main/DEBUG] (FabricLoader/Mixin) architectury-common.mixins.json:inject.MixinItemProperties from mod architectury: Class version 65 required is higher than the class version supported by the current version of Mixin (JAVA_16 supports class version 60)
[17:14:17] [main/DEBUG] (FabricLoader/Mixin) Mixing ItemSettingsMixin from fabric-item-api-v1.mixins.json into net.minecraft.world.item.Item$Properties
[17:14:17] [main/DEBUG] (FabricLoader/Mixin) Mixing TagKeyMixin from fabric-convention-tags-api-v2.mixins.json into net.minecraft.tags.TagKey
[17:14:17] [main/DEBUG] (FabricLoader/Mixin) Mixing WriteViewMixin from fabric-serialization-api-v1.mixins.json into net.minecraft.world.level.storage.ValueOutput
[17:14:17] [main/DEBUG] (FabricLoader/Mixin) Mixing BundleContentsComponentAccessor from fabric-transfer-api-v1.mixins.json into net.minecraft.world.item.component.BundleContents
[17:14:17] [main/DEBUG] (FabricLoader/Mixin) Renaming @Invoker method getOccupancy(Lnet/minecraft/world/item/ItemStack;)Lorg/apache/commons/lang3/math/Fraction; to getOccupancy$fabric-transfer-api-v1_$md$7d776e$0 in fabric-transfer-api-v1.mixins.json:BundleContentsComponentAccessor from mod fabric-transfer-api-v1
[17:14:17] [main/DEBUG] (FabricLoader/Mixin) Mixing EntityTypeBuilderMixin from fabric-object-builder-v1.mixins.json into net.minecraft.world.entity.EntityType$Builder
[17:14:17] [main/DEBUG] (FabricLoader/Mixin) fabric-object-builder-v1.mixins.json:EntityTypeBuilderMixin from mod fabric-object-builder-api-v1->@Inject::applyChildBuilders(Lnet/minecraft/resources/ResourceKey;Lorg/spongepowered/asm/mixin/injection/callback/CallbackInfoReturnable;)V does use it's CallbackInfoReturnable
[17:14:17] [main/DEBUG] (FabricLoader/Mixin) Mixing ServerPlayerEntityMixin from fabric-entity-events-v1.mixins.json into net.minecraft.server.level.ServerPlayer
[17:14:17] [main/DEBUG] (FabricLoader/Mixin) Mixing LivingDeathInvoker from architectury.mixins.json into net.minecraft.server.level.ServerPlayer
[17:14:17] [main/DEBUG] (FabricLoader/Mixin) architectury.mixins.json:LivingDeathInvoker from mod architectury: Class version 65 required is higher than the class version supported by the current version of Mixin (JAVA_16 supports class version 60)
[17:14:17] [main/DEBUG] (FabricLoader/Mixin) Mixing MixinServerPlayer from architectury.mixins.json into net.minecraft.server.level.ServerPlayer
[17:14:17] [main/DEBUG] (FabricLoader/Mixin) architectury.mixins.json:MixinServerPlayer from mod architectury: Class version 65 required is higher than the class version supported by the current version of Mixin (JAVA_16 supports class version 60)
[17:14:17] [main/DEBUG] (FabricLoader/Mixin) Mixing ServerPlayerEntityMixin from fabric-particles-v1.mixins.json into net.minecraft.server.level.ServerPlayer
[17:14:17] [main/DEBUG] (FabricLoader/Mixin) Mixing ServerPlayerEntityMixin from fabric-screen-handler-api-v1.mixins.json into net.minecraft.server.level.ServerPlayer
[17:14:17] [main/DEBUG] (FabricLoader/Mixin) Mixing ServerPlayerEntityMixin from fabric-events-interaction-v0.mixins.json into net.minecraft.server.level.ServerPlayer
[17:14:17] [main/DEBUG] (FabricLoader/Mixin) fabric-entity-events-v1.mixins.json:ServerPlayerEntityMixin from mod fabric-entity-events-v1->@Inject::callOnKillForPlayer(Lnet/minecraft/world/damagesource/DamageSource;Lorg/spongepowered/asm/mixin/injection/callback/CallbackInfo;)V doesn't use it's CallbackInfo
[17:14:17] [main/DEBUG] (FabricLoader/Mixin) fabric-entity-events-v1.mixins.json:ServerPlayerEntityMixin from mod fabric-entity-events-v1->@Inject::callOnKillForPlayer(Lnet/minecraft/world/damagesource/DamageSource;Lorg/spongepowered/asm/mixin/injection/callback/CallbackInfo;)V has 0 override(s) in child classes
[17:14:17] [main/DEBUG] (FabricLoader/Mixin) fabric-entity-events-v1.mixins.json:ServerPlayerEntityMixin from mod fabric-entity-events-v1->@Inject::callOnKillForPlayer(Lnet/minecraft/world/damagesource/DamageSource;Lorg/spongepowered/asm/mixin/injection/callback/CallbackInfo;)V won't be passed a CallbackInfo as a result
[17:14:17] [main/DEBUG] (FabricLoader/Mixin) fabric-entity-events-v1.mixins.json:ServerPlayerEntityMixin from mod fabric-entity-events-v1->@Inject::notifyDeath(Lnet/minecraft/world/damagesource/DamageSource;Lorg/spongepowered/asm/mixin/injection/callback/CallbackInfo;)V doesn't use it's CallbackInfo
[17:14:17] [main/DEBUG] (FabricLoader/Mixin) fabric-entity-events-v1.mixins.json:ServerPlayerEntityMixin from mod fabric-entity-events-v1->@Inject::notifyDeath(Lnet/minecraft/world/damagesource/DamageSource;Lorg/spongepowered/asm/mixin/injection/callback/CallbackInfo;)V has 0 override(s) in child classes
[17:14:17] [main/DEBUG] (FabricLoader/Mixin) fabric-entity-events-v1.mixins.json:ServerPlayerEntityMixin from mod fabric-entity-events-v1->@Inject::notifyDeath(Lnet/minecraft/world/damagesource/DamageSource;Lorg/spongepowered/asm/mixin/injection/callback/CallbackInfo;)V won't be passed a CallbackInfo as a result
[17:14:17] [main/DEBUG] (FabricLoader/Mixin) fabric-entity-events-v1.mixins.json:ServerPlayerEntityMixin from mod fabric-entity-events-v1->@Inject::afterWorldChanged(Lnet/minecraft/server/level/ServerLevel;Lorg/spongepowered/asm/mixin/injection/callback/CallbackInfo;)V doesn't use it's CallbackInfo
[17:14:17] [main/DEBUG] (FabricLoader/Mixin) fabric-entity-events-v1.mixins.json:ServerPlayerEntityMixin from mod fabric-entity-events-v1->@Inject::afterWorldChanged(Lnet/minecraft/server/level/ServerLevel;Lorg/spongepowered/asm/mixin/injection/callback/CallbackInfo;)V has 0 override(s) in child classes
[17:14:17] [main/DEBUG] (FabricLoader/Mixin) fabric-entity-events-v1.mixins.json:ServerPlayerEntityMixin from mod fabric-entity-events-v1->@Inject::afterWorldChanged(Lnet/minecraft/server/level/ServerLevel;Lorg/spongepowered/asm/mixin/injection/callback/CallbackInfo;)V won't be passed a CallbackInfo as a result
[17:14:17] [main/DEBUG] (FabricLoader/Mixin) fabric-entity-events-v1.mixins.json:ServerPlayerEntityMixin from mod fabric-entity-events-v1->@Inject::onCopyFrom(Lnet/minecraft/server/level/ServerPlayer;ZLorg/spongepowered/asm/mixin/injection/callback/CallbackInfo;)V doesn't use it's CallbackInfo
[17:14:17] [main/DEBUG] (FabricLoader/Mixin) fabric-entity-events-v1.mixins.json:ServerPlayerEntityMixin from mod fabric-entity-events-v1->@Inject::onCopyFrom(Lnet/minecraft/server/level/ServerPlayer;ZLorg/spongepowered/asm/mixin/injection/callback/CallbackInfo;)V has 0 override(s) in child classes
[17:14:17] [main/DEBUG] (FabricLoader/Mixin) fabric-entity-events-v1.mixins.json:ServerPlayerEntityMixin from mod fabric-entity-events-v1->@Inject::onCopyFrom(Lnet/minecraft/server/level/ServerPlayer;ZLorg/spongepowered/asm/mixin/injection/callback/CallbackInfo;)V won't be passed a CallbackInfo as a result
[17:14:17] [main/DEBUG] (FabricLoader/Mixin) architectury.mixins.json:LivingDeathInvoker from mod architectury->@Inject::die(Lnet/minecraft/world/damagesource/DamageSource;Lorg/spongepowered/asm/mixin/injection/callback/CallbackInfo;)V does use it's CallbackInfo
[17:14:17] [main/DEBUG] (FabricLoader/Mixin) architectury.mixins.json:MixinServerPlayer from mod architectury->@Inject::restoreFrom(Lnet/minecraft/server/level/ServerPlayer;ZLorg/spongepowered/asm/mixin/injection/callback/CallbackInfo;)V doesn't use it's CallbackInfo
[17:14:17] [main/DEBUG] (FabricLoader/Mixin) architectury.mixins.json:MixinServerPlayer from mod architectury->@Inject::restoreFrom(Lnet/minecraft/server/level/ServerPlayer;ZLorg/spongepowered/asm/mixin/injection/callback/CallbackInfo;)V has 0 override(s) in child classes
[17:14:17] [main/DEBUG] (FabricLoader/Mixin) architectury.mixins.json:MixinServerPlayer from mod architectury->@Inject::restoreFrom(Lnet/minecraft/server/level/ServerPlayer;ZLorg/spongepowered/asm/mixin/injection/callback/CallbackInfo;)V won't be passed a CallbackInfo as a result
[17:14:17] [main/DEBUG] (FabricLoader/Mixin) architectury.mixins.json:MixinServerPlayer from mod architectury->@Inject::openMenu(Lnet/minecraft/world/MenuProvider;Lorg/spongepowered/asm/mixin/injection/callback/CallbackInfoReturnable;)V does use it's CallbackInfoReturnable
[17:14:17] [main/DEBUG] (FabricLoader/Mixin) architectury.mixins.json:MixinServerPlayer from mod architectury->@Inject::openMenu(Lnet/minecraft/world/MenuProvider;Lorg/spongepowered/asm/mixin/injection/callback/CallbackInfoReturnable;)V does use it's CallbackInfoReturnable
[17:14:17] [main/DEBUG] (FabricLoader/Mixin) architectury.mixins.json:MixinServerPlayer from mod architectury->@Inject::openMenu(Lnet/minecraft/world/MenuProvider;Lorg/spongepowered/asm/mixin/injection/callback/CallbackInfoReturnable;)V does use it's CallbackInfoReturnable
[17:14:17] [main/DEBUG] (FabricLoader/Mixin) architectury.mixins.json:MixinServerPlayer from mod architectury->@Inject::openHorseInventory(Lnet/minecraft/world/entity/animal/horse/AbstractHorse;Lnet/minecraft/world/Container;Lorg/spongepowered/asm/mixin/injection/callback/CallbackInfo;)V doesn't use it's CallbackInfo
[17:14:17] [main/DEBUG] (FabricLoader/Mixin) architectury.mixins.json:MixinServerPlayer from mod architectury->@Inject::openHorseInventory(Lnet/minecraft/world/entity/animal/horse/AbstractHorse;Lnet/minecraft/world/Container;Lorg/spongepowered/asm/mixin/injection/callback/CallbackInfo;)V has 0 override(s) in child classes
[17:14:17] [main/DEBUG] (FabricLoader/Mixin) architectury.mixins.json:MixinServerPlayer from mod architectury->@Inject::openHorseInventory(Lnet/minecraft/world/entity/animal/horse/AbstractHorse;Lnet/minecraft/world/Container;Lorg/spongepowered/asm/mixin/injection/callback/CallbackInfo;)V won't be passed a CallbackInfo as a result
[17:14:17] [main/DEBUG] (FabricLoader/Mixin) architectury.mixins.json:MixinServerPlayer from mod architectury->@Inject::doCloseContainer(Lorg/spongepowered/asm/mixin/injection/callback/CallbackInfo;)V doesn't use it's CallbackInfo
[17:14:17] [main/DEBUG] (FabricLoader/Mixin) architectury.mixins.json:MixinServerPlayer from mod architectury->@Inject::doCloseContainer(Lorg/spongepowered/asm/mixin/injection/callback/CallbackInfo;)V has 0 override(s) in child classes
[17:14:17] [main/DEBUG] (FabricLoader/Mixin) architectury.mixins.json:MixinServerPlayer from mod architectury->@Inject::doCloseContainer(Lorg/spongepowered/asm/mixin/injection/callback/CallbackInfo;)V won't be passed a CallbackInfo as a result
[17:14:17] [main/DEBUG] (FabricLoader/Mixin) architectury.mixins.json:MixinServerPlayer from mod architectury->@Inject::changeDimension(Lnet/minecraft/server/level/ServerLevel;Lorg/spongepowered/asm/mixin/injection/callback/CallbackInfo;)V doesn't use it's CallbackInfo
[17:14:17] [main/DEBUG] (FabricLoader/Mixin) architectury.mixins.json:MixinServerPlayer from mod architectury->@Inject::changeDimension(Lnet/minecraft/server/level/ServerLevel;Lorg/spongepowered/asm/mixin/injection/callback/CallbackInfo;)V has 0 override(s) in child classes
[17:14:17] [main/DEBUG] (FabricLoader/Mixin) architectury.mixins.json:MixinServerPlayer from mod architectury->@Inject::changeDimension(Lnet/minecraft/server/level/ServerLevel;Lorg/spongepowered/asm/mixin/injection/callback/CallbackInfo;)V won't be passed a CallbackInfo as a result
[17:14:17] [main/DEBUG] (FabricLoader/Mixin) architectury.mixins.json:MixinServerPlayer from mod architectury->@Inject::dropItem(Lnet/minecraft/world/item/ItemStack;ZZLorg/spongepowered/asm/mixin/injection/callback/CallbackInfoReturnable;)V does use it's CallbackInfoReturnable
[17:14:17] [main/DEBUG] (FabricLoader/Mixin) fabric-screen-handler-api-v1.mixins.json:ServerPlayerEntityMixin from mod fabric-screen-handler-api-v1->@Inject::fabric_storeOpenedScreenHandler(Lnet/minecraft/world/MenuProvider;Lorg/spongepowered/asm/mixin/injection/callback/CallbackInfoReturnable;)V doesn't use it's CallbackInfoReturnable
[17:14:17] [main/DEBUG] (FabricLoader/Mixin) fabric-screen-handler-api-v1.mixins.json:ServerPlayerEntityMixin from mod fabric-screen-handler-api-v1->@Inject::fabric_storeOpenedScreenHandler(Lnet/minecraft/world/MenuProvider;Lorg/spongepowered/asm/mixin/injection/callback/CallbackInfoReturnable;)V has 0 override(s) in child classes
[17:14:17] [main/DEBUG] (FabricLoader/Mixin) fabric-screen-handler-api-v1.mixins.json:ServerPlayerEntityMixin from mod fabric-screen-handler-api-v1->@Inject::fabric_storeOpenedScreenHandler(Lnet/minecraft/world/MenuProvider;Lorg/spongepowered/asm/mixin/injection/callback/CallbackInfoReturnable;)V won't be passed a CallbackInfoReturnable as a result
[17:14:17] [main/DEBUG] (FabricLoader/Mixin) fabric-events-interaction-v0.mixins.json:ServerPlayerEntityMixin from mod fabric-events-interaction-v0->@Inject::onPlayerInteractEntity(Lnet/minecraft/world/entity/Entity;Lorg/spongepowered/asm/mixin/injection/callback/CallbackInfo;)V does use it's CallbackInfo
[17:14:17] [main/DEBUG] (FabricLoader/Mixin) fabric-events-interaction-v0.mixins.json:ServerPlayerEntityMixin from mod fabric-events-interaction-v0->@Inject::fakePlayerGameMode(Lnet/minecraft/world/level/GameType;Lorg/spongepowered/asm/mixin/injection/callback/CallbackInfoReturnable;)V does use it's CallbackInfoReturnable
[17:14:17] [main/DEBUG] (FabricLoader/Mixin) Mixing BreezeEntityMixin from fabric-particles-v1.mixins.json into net.minecraft.world.entity.monster.breeze.Breeze
[17:14:17] [main/DEBUG] (FabricLoader/Mixin) Mixing HorseTameInvoker from architectury.mixins.json into net.minecraft.world.entity.ai.goal.RunAroundLikeCrazyGoal
[17:14:17] [main/DEBUG] (FabricLoader/Mixin) architectury.mixins.json:HorseTameInvoker from mod architectury: Class version 65 required is higher than the class version supported by the current version of Mixin (JAVA_16 supports class version 60)
[17:14:17] [main/DEBUG] (FabricLoader/Mixin) architectury.mixins.json:HorseTameInvoker from mod architectury->@Inject::tick(Lorg/spongepowered/asm/mixin/injection/callback/CallbackInfo;)V does use it's CallbackInfo
[17:14:18] [main/DEBUG] (FabricLoader/Mixin) Mixing MixinTamableAnimal from architectury.mixins.json into net.minecraft.world.entity.TamableAnimal
[17:14:18] [main/DEBUG] (FabricLoader/Mixin) architectury.mixins.json:MixinTamableAnimal from mod architectury: Class version 65 required is higher than the class version supported by the current version of Mixin (JAVA_16 supports class version 60)
[17:14:18] [main/DEBUG] (FabricLoader/Mixin) architectury.mixins.json:MixinTamableAnimal from mod architectury->@Inject::tame(Lnet/minecraft/world/entity/player/Player;Lorg/spongepowered/asm/mixin/injection/callback/CallbackInfo;)V does use it's CallbackInfo
[17:14:18] [main/DEBUG] (FabricLoader/Mixin) Mixing VillagerEntityAccessor from fabric-content-registries-v0.mixins.json into net.minecraft.world.entity.npc.Villager
[17:14:18] [main/DEBUG] (FabricLoader/Mixin) Renaming @Accessor method fabric_setItemFoodValues(Ljava/util/Map;)V to fabric_setItemFoodValues$fabric-content-registries-v0_$md$7d776e$0 in fabric-content-registries-v0.mixins.json:VillagerEntityAccessor from mod fabric-content-registries-v0
[17:14:18] [main/DEBUG] (FabricLoader/Mixin) Mixing VillagerEntityMixin from fabric-content-registries-v0.mixins.json into net.minecraft.world.entity.npc.Villager
[17:14:18] [main/DEBUG] (FabricLoader/Mixin) Mixing MixinLightningBolt from architectury-common.mixins.json into net.minecraft.world.entity.LightningBolt
[17:14:18] [main/DEBUG] (FabricLoader/Mixin) architectury-common.mixins.json:MixinLightningBolt from mod architectury: Class version 65 required is higher than the class version supported by the current version of Mixin (JAVA_16 supports class version 60)
[17:14:18] [main/DEBUG] (FabricLoader/Mixin) architectury-common.mixins.json:MixinLightningBolt from mod architectury->@Inject::handleLightning(Lorg/spongepowered/asm/mixin/injection/callback/CallbackInfo;Ljava/util/List;)V doesn't use it's CallbackInfo
[17:14:18] [main/DEBUG] (FabricLoader/Mixin) architectury-common.mixins.json:MixinLightningBolt from mod architectury->@Inject::handleLightning(Lorg/spongepowered/asm/mixin/injection/callback/CallbackInfo;Ljava/util/List;)V has 0 override(s) in child classes
[17:14:18] [main/DEBUG] (FabricLoader/Mixin) architectury-common.mixins.json:MixinLightningBolt from mod architectury->@Inject::handleLightning(Lorg/spongepowered/asm/mixin/injection/callback/CallbackInfo;Ljava/util/List;)V won't be passed a CallbackInfo as a result
[17:14:18] [main/DEBUG] (FabricLoader/Mixin) Mixing TrackedDataHandlerRegistryAccessor from fabric-object-builder-v1.mixins.json into net.minecraft.network.syncher.EntityDataSerializers
[17:14:18] [main/DEBUG] (FabricLoader/Mixin) Renaming @Accessor method fabric_getDataHandlers()Lnet/minecraft/util/CrudeIncrementalIntIdentityHashBiMap; to fabric_getDataHandlers$fabric-object-builder-api-v1_$md$7d776e$0 in fabric-object-builder-v1.mixins.json:TrackedDataHandlerRegistryAccessor from mod fabric-object-builder-api-v1
[17:14:18] [main/DEBUG] (FabricLoader/Mixin) Mixing TrackedDataHandlerRegistryMixin from fabric-object-builder-v1.mixins.json into net.minecraft.network.syncher.EntityDataSerializers
[17:14:18] [main/DEBUG] (FabricLoader/Mixin) fabric-object-builder-v1.mixins.json:TrackedDataHandlerRegistryMixin from mod fabric-object-builder-api-v1->@Inject::storeVanillaHandlers(Lorg/spongepowered/asm/mixin/injection/callback/CallbackInfo;)V doesn't use it's CallbackInfo
[17:14:18] [main/DEBUG] (FabricLoader/Mixin) fabric-object-builder-v1.mixins.json:TrackedDataHandlerRegistryMixin from mod fabric-object-builder-api-v1->@Inject::onHeadRegister(Lnet/minecraft/network/syncher/EntityDataSerializer;Lorg/spongepowered/asm/mixin/injection/callback/CallbackInfo;)V doesn't use it's CallbackInfo
[17:14:18] [main/DEBUG] (FabricLoader/Mixin) Mixing AttachmentTargetsMixin from fabric-data-attachment-api-v1.mixins.json into net.minecraft.world.level.chunk.ChunkAccess
[17:14:18] [main/DEBUG] (FabricLoader/Mixin) Mixing ChunkMixin from fabric-data-attachment-api-v1.mixins.json into net.minecraft.world.level.chunk.ChunkAccess
[17:14:18] [main/DEBUG] (FabricLoader/Mixin) Mixing WorldChunkMixin from fabric-lifecycle-events-v1.client.mixins.json into net.minecraft.world.level.chunk.LevelChunk
[17:14:18] [main/DEBUG] (FabricLoader/Mixin) Mixing WorldChunkMixin from fabric-data-attachment-api-v1.mixins.json into net.minecraft.world.level.chunk.LevelChunk
[17:14:18] [main/DEBUG] (FabricLoader/Mixin) Renaming synthetic method lambda$fabric_syncChange$0(Lnet/fabricmc/fabric/api/attachment/v1/AttachmentType;Lnet/fabricmc/fabric/impl/attachment/sync/AttachmentChange;Lnet/minecraft/server/level/ServerPlayer;)V to md7d776e$fabric-data-attachment-api-v1$lambda$fabric_syncChange$0$0 in fabric-data-attachment-api-v1.mixins.json:WorldChunkMixin from mod fabric-data-attachment-api-v1
[17:14:18] [main/DEBUG] (FabricLoader/Mixin) fabric-lifecycle-events-v1.client.mixins.json:WorldChunkMixin from mod fabric-lifecycle-events-v1->@Inject::onRemoveBlockEntity(Lnet/minecraft/world/level/block/entity/BlockEntity;Lorg/spongepowered/asm/mixin/injection/callback/CallbackInfo;)V doesn't use it's CallbackInfo
[17:14:18] [main/DEBUG] (FabricLoader/Mixin) fabric-lifecycle-events-v1.client.mixins.json:WorldChunkMixin from mod fabric-lifecycle-events-v1->@Inject::onRemoveBlockEntity(Lnet/minecraft/world/level/block/entity/BlockEntity;Lorg/spongepowered/asm/mixin/injection/callback/CallbackInfo;)V has 0 override(s) in child classes
[17:14:18] [main/DEBUG] (FabricLoader/Mixin) fabric-lifecycle-events-v1.client.mixins.json:WorldChunkMixin from mod fabric-lifecycle-events-v1->@Inject::onRemoveBlockEntity(Lnet/minecraft/world/level/block/entity/BlockEntity;Lorg/spongepowered/asm/mixin/injection/callback/CallbackInfo;)V won't be passed a CallbackInfo as a result
[17:14:18] [main/DEBUG] (FabricLoader/Mixin) fabric-lifecycle-events-v1.client.mixins.json:WorldChunkMixin from mod fabric-lifecycle-events-v1->@Inject::onRemoveBlockEntity(Lnet/minecraft/core/BlockPos;Lorg/spongepowered/asm/mixin/injection/callback/CallbackInfo;)V doesn't use it's CallbackInfo
[17:14:18] [main/DEBUG] (FabricLoader/Mixin) fabric-lifecycle-events-v1.client.mixins.json:WorldChunkMixin from mod fabric-lifecycle-events-v1->@Inject::onRemoveBlockEntity(Lnet/minecraft/core/BlockPos;Lorg/spongepowered/asm/mixin/injection/callback/CallbackInfo;)V has 0 override(s) in child classes
[17:14:18] [main/DEBUG] (FabricLoader/Mixin) fabric-lifecycle-events-v1.client.mixins.json:WorldChunkMixin from mod fabric-lifecycle-events-v1->@Inject::onRemoveBlockEntity(Lnet/minecraft/core/BlockPos;Lorg/spongepowered/asm/mixin/injection/callback/CallbackInfo;)V won't be passed a CallbackInfo as a result
[17:14:18] [main/DEBUG] (FabricLoader/Mixin) fabric-data-attachment-api-v1.mixins.json:WorldChunkMixin from mod fabric-data-attachment-api-v1->@Inject::transferProtoChunkAttachment(Lnet/minecraft/server/level/ServerLevel;Lnet/minecraft/world/level/chunk/ProtoChunk;Lnet/minecraft/world/level/chunk/LevelChunk$PostLoadProcessor;Lorg/spongepowered/asm/mixin/injection/callback/CallbackInfo;)V doesn't use it's CallbackInfo
[17:14:18] [main/DEBUG] (FabricLoader/Mixin) fabric-data-attachment-api-v1.mixins.json:WorldChunkMixin from mod fabric-data-attachment-api-v1->@Inject::transferProtoChunkAttachment(Lnet/minecraft/server/level/ServerLevel;Lnet/minecraft/world/level/chunk/ProtoChunk;Lnet/minecraft/world/level/chunk/LevelChunk$PostLoadProcessor;Lorg/spongepowered/asm/mixin/injection/callback/CallbackInfo;)V has 0 override(s) in child classes
[17:14:18] [main/DEBUG] (FabricLoader/Mixin) fabric-data-attachment-api-v1.mixins.json:WorldChunkMixin from mod fabric-data-attachment-api-v1->@Inject::transferProtoChunkAttachment(Lnet/minecraft/server/level/ServerLevel;Lnet/minecraft/world/level/chunk/ProtoChunk;Lnet/minecraft/world/level/chunk/LevelChunk$PostLoadProcessor;Lorg/spongepowered/asm/mixin/injection/callback/CallbackInfo;)V won't be passed a CallbackInfo as a result
[17:14:18] [main/DEBUG] (net.fabricmc.fabric.impl.object.builder.FabricTrackedDataRegistryImpl) Stored 37 vanilla handlers
[17:14:18] [main/DEBUG] (FabricLoader/Mixin) Mixing MixinOcelot from architectury.mixins.json into net.minecraft.world.entity.animal.Ocelot
[17:14:18] [main/DEBUG] (FabricLoader/Mixin) architectury.mixins.json:MixinOcelot from mod architectury: Class version 65 required is higher than the class version supported by the current version of Mixin (JAVA_16 supports class version 60)
[17:14:18] [main/DEBUG] (FabricLoader/Mixin) architectury.mixins.json:MixinOcelot from mod architectury->@Inject::mobInteract(Lnet/minecraft/world/entity/player/Player;Lnet/minecraft/world/InteractionHand;Lorg/spongepowered/asm/mixin/injection/callback/CallbackInfoReturnable;)V does use it's CallbackInfoReturnable
[17:14:18] [main/DEBUG] (FabricLoader/Mixin) Mixing MixinBaseSpawner from architectury.mixins.json into net.minecraft.world.level.BaseSpawner
[17:14:18] [main/DEBUG] (FabricLoader/Mixin) architectury.mixins.json:MixinBaseSpawner from mod architectury: Class version 65 required is higher than the class version supported by the current version of Mixin (JAVA_16 supports class version 60)
[17:14:18] [main/DEBUG] (FabricLoader/Mixin) Mixing WardenEntityMixin from fabric-particles-v1.mixins.json into net.minecraft.world.entity.monster.warden.Warden
[17:14:18] [main/DEBUG] (FabricLoader/Mixin) Mixing ContainerComponentAccessor from fabric-transfer-api-v1.mixins.json into net.minecraft.world.item.component.ItemContainerContents
[17:14:18] [main/DEBUG] (FabricLoader/Mixin) Mixing LootTableAccessor from fabric-loot-api-v3.mixins.json into net.minecraft.world.level.storage.loot.LootTable
[17:14:18] [main/DEBUG] (FabricLoader/Mixin) Mixing LootTableMixin from fabric-loot-api-v3.mixins.json into net.minecraft.world.level.storage.loot.LootTable
[17:14:18] [main/DEBUG] (FabricLoader/Mixin) Mixing EnchantRandomlyLootFunctionMixin from fabric-item-api-v1.mixins.json into net.minecraft.world.level.storage.loot.functions.EnchantRandomlyFunction
[17:14:18] [main/DEBUG] (FabricLoader/Mixin) Mixing HoneycombItemMixin from fabric-content-registries-v0.mixins.json into net.minecraft.world.item.HoneycombItem
[17:14:18] [main/DEBUG] (FabricLoader/Mixin) fabric-content-registries-v0.mixins.json:HoneycombItemMixin from mod fabric-content-registries-v0->@Inject::createUnwaxedToWaxedMap(Lorg/spongepowered/asm/mixin/injection/callback/CallbackInfoReturnable;)V does use it's CallbackInfoReturnable
[17:14:18] [main/DEBUG] (FabricLoader/Mixin) Mixing BrushItemMixin from fabric-particles-v1.mixins.json into net.minecraft.world.item.BrushItem
[17:14:18] [main/DEBUG] (FabricLoader/Mixin) Mixing EntitySelectorOptionsAccessor from fabric-command-api-v2.mixins.json into net.minecraft.commands.arguments.selector.options.EntitySelectorOptions
[17:14:18] [main/DEBUG] (FabricLoader/Mixin) Renaming @Invoker method callPutOption(Ljava/lang/String;Lnet/minecraft/commands/arguments/selector/options/EntitySelectorOptions$Modifier;Ljava/util/function/Predicate;Lnet/minecraft/network/chat/Component;)V to callPutOption$fabric-command-api-v2_$md$7d776e$0 in fabric-command-api-v2.mixins.json:EntitySelectorOptionsAccessor from mod fabric-command-api-v2
[17:14:18] [main/DEBUG] (FabricLoader/Mixin) Mixing EntitySelectorReaderMixin from fabric-command-api-v2.mixins.json into net.minecraft.commands.arguments.selector.EntitySelectorParser
[17:14:18] [main/DEBUG] (FabricLoader/Mixin) Generating mapped inner class net/minecraft/world/level/block/entity/ChiseledBookShelfBlockEntity$Anonymous$8b82d1baa5804d71b20de30383b5b63b (originally net/fabricmc/fabric/mixin/transfer/ChiseledBookshelfBlockEntityMixin$1)
[17:14:18] [main/DEBUG] (FabricLoader/Mixin) Mixing SimpleInventoryMixin from fabric-transfer-api-v1.mixins.json into net.minecraft.world.SimpleContainer
[17:14:18] [main/DEBUG] (FabricLoader/Mixin) Mixing MixinFurnaceResultSlot from architectury.mixins.json into net.minecraft.world.inventory.FurnaceResultSlot
[17:14:18] [main/DEBUG] (FabricLoader/Mixin) architectury.mixins.json:MixinFurnaceResultSlot from mod architectury: Class version 65 required is higher than the class version supported by the current version of Mixin (JAVA_16 supports class version 60)
[17:14:18] [main/DEBUG] (FabricLoader/Mixin) architectury.mixins.json:MixinFurnaceResultSlot from mod architectury->@Inject::checkTakeAchievements(Lnet/minecraft/world/item/ItemStack;Lorg/spongepowered/asm/mixin/injection/callback/CallbackInfo;)V doesn't use it's CallbackInfo
[17:14:18] [main/DEBUG] (FabricLoader/Mixin) architectury.mixins.json:MixinFurnaceResultSlot from mod architectury->@Inject::checkTakeAchievements(Lnet/minecraft/world/item/ItemStack;Lorg/spongepowered/asm/mixin/injection/callback/CallbackInfo;)V has 0 override(s) in child classes
[17:14:18] [main/DEBUG] (FabricLoader/Mixin) architectury.mixins.json:MixinFurnaceResultSlot from mod architectury->@Inject::checkTakeAchievements(Lnet/minecraft/world/item/ItemStack;Lorg/spongepowered/asm/mixin/injection/callback/CallbackInfo;)V won't be passed a CallbackInfo as a result
[17:14:18] [main/DEBUG] (FabricLoader/Mixin) Mixing MixinResultSlot from architectury.mixins.json into net.minecraft.world.inventory.ResultSlot
[17:14:18] [main/DEBUG] (FabricLoader/Mixin) architectury.mixins.json:MixinResultSlot from mod architectury: Class version 65 required is higher than the class version supported by the current version of Mixin (JAVA_16 supports class version 60)
[17:14:18] [main/DEBUG] (FabricLoader/Mixin) architectury.mixins.json:MixinResultSlot from mod architectury->@Inject::craft(Lnet/minecraft/world/item/ItemStack;Lorg/spongepowered/asm/mixin/injection/callback/CallbackInfo;)V doesn't use it's CallbackInfo
[17:14:18] [main/DEBUG] (FabricLoader/Mixin) architectury.mixins.json:MixinResultSlot from mod architectury->@Inject::craft(Lnet/minecraft/world/item/ItemStack;Lorg/spongepowered/asm/mixin/injection/callback/CallbackInfo;)V has 0 override(s) in child classes
[17:14:18] [main/DEBUG] (FabricLoader/Mixin) architectury.mixins.json:MixinResultSlot from mod architectury->@Inject::craft(Lnet/minecraft/world/item/ItemStack;Lorg/spongepowered/asm/mixin/injection/callback/CallbackInfo;)V won't be passed a CallbackInfo as a result
[17:14:18] [main/DEBUG] (FabricLoader/Mixin) Mixing CraftingRecipeMixin from fabric-item-api-v1.mixins.json into net.minecraft.world.item.crafting.CraftingRecipe
[17:14:18] [main/DEBUG] (FabricLoader/Mixin) Mixing ingredient.IngredientMixin from fabric-recipe-api-v1.mixins.json into net.minecraft.world.item.crafting.Ingredient
[17:14:18] [main/DEBUG] (FabricLoader/Mixin) Renaming synthetic method lambda$injectCodec$2(Lnet/minecraft/world/item/crafting/Ingredient;)Lcom/mojang/datafixers/util/Either; to md7d776e$fabric-recipe-api-v1$lambda$injectCodec$2$0 in fabric-recipe-api-v1.mixins.json:ingredient.IngredientMixin from mod fabric-recipe-api-v1
[17:14:18] [main/DEBUG] (FabricLoader/Mixin) Renaming synthetic method lambda$injectCodec$1(Lcom/mojang/datafixers/util/Either;)Lnet/minecraft/world/item/crafting/Ingredient; to md7d776e$fabric-recipe-api-v1$lambda$injectCodec$1$1 in fabric-recipe-api-v1.mixins.json:ingredient.IngredientMixin from mod fabric-recipe-api-v1
[17:14:18] [main/DEBUG] (FabricLoader/Mixin) Renaming synthetic method lambda$injectCodec$0(Lnet/minecraft/world/item/crafting/Ingredient;)Lnet/minecraft/world/item/crafting/Ingredient; to md7d776e$fabric-recipe-api-v1$lambda$injectCodec$0$2 in fabric-recipe-api-v1.mixins.json:ingredient.IngredientMixin from mod fabric-recipe-api-v1
[17:14:18] [main/DEBUG] (FabricLoader/Mixin) fabric-recipe-api-v1.mixins.json:ingredient.IngredientMixin from mod fabric-recipe-api-v1->@Inject::injectCodec(Lorg/spongepowered/asm/mixin/injection/callback/CallbackInfo;)V doesn't use it's CallbackInfo
[17:14:18] [main/DEBUG] (FabricLoader/Mixin) fabric-recipe-api-v1.mixins.json:ingredient.IngredientMixin from mod fabric-recipe-api-v1->@Inject::onGetEntries(Lnet/minecraft/world/item/crafting/Ingredient;Lorg/spongepowered/asm/mixin/injection/callback/CallbackInfoReturnable;)V does use it's CallbackInfoReturnable
[17:14:18] [main/DEBUG] (FabricLoader/Mixin) fabric-recipe-api-v1.mixins.json:ingredient.IngredientMixin from mod fabric-recipe-api-v1->@Inject::onGetEntries(Lnet/minecraft/world/item/crafting/Ingredient;Lorg/spongepowered/asm/mixin/injection/callback/CallbackInfoReturnable;)V does use it's CallbackInfoReturnable
[17:14:18] [main/DEBUG] (FabricLoader/Mixin) fabric-recipe-api-v1.mixins.json:ingredient.IngredientMixin from mod fabric-recipe-api-v1->@Inject::onGetEntries(Lnet/minecraft/world/item/crafting/Ingredient;Lorg/spongepowered/asm/mixin/injection/callback/CallbackInfoReturnable;)V does use it's CallbackInfoReturnable
[17:14:18] [main/DEBUG] (FabricLoader/Mixin) fabric-recipe-api-v1.mixins.json:ingredient.IngredientMixin from mod fabric-recipe-api-v1->@Inject::onHeadEquals(Ljava/lang/Object;Lorg/spongepowered/asm/mixin/injection/callback/CallbackInfoReturnable;)V does use it's CallbackInfoReturnable
[17:14:18] [main/DEBUG] (FabricLoader/Mixin) Mixing ingredient.ShapelessRecipeMixin from fabric-recipe-api-v1.mixins.json into net.minecraft.world.item.crafting.ShapelessRecipe
[17:14:18] [main/DEBUG] (FabricLoader/Mixin) fabric-recipe-api-v1.mixins.json:ingredient.ShapelessRecipeMixin from mod fabric-recipe-api-v1->@Inject::cacheRequiresTesting(Ljava/lang/String;Lnet/minecraft/world/item/crafting/CraftingBookCategory;Lnet/minecraft/world/item/ItemStack;Ljava/util/List;Lorg/spongepowered/asm/mixin/injection/callback/CallbackInfo;)V doesn't use it's CallbackInfo
[17:14:18] [main/DEBUG] (FabricLoader/Mixin) fabric-recipe-api-v1.mixins.json:ingredient.ShapelessRecipeMixin from mod fabric-recipe-api-v1->@Inject::cacheRequiresTesting(Ljava/lang/String;Lnet/minecraft/world/item/crafting/CraftingBookCategory;Lnet/minecraft/world/item/ItemStack;Ljava/util/List;Lorg/spongepowered/asm/mixin/injection/callback/CallbackInfo;)V has 0 override(s) in child classes
[17:14:18] [main/DEBUG] (FabricLoader/Mixin) fabric-recipe-api-v1.mixins.json:ingredient.ShapelessRecipeMixin from mod fabric-recipe-api-v1->@Inject::cacheRequiresTesting(Ljava/lang/String;Lnet/minecraft/world/item/crafting/CraftingBookCategory;Lnet/minecraft/world/item/ItemStack;Ljava/util/List;Lorg/spongepowered/asm/mixin/injection/callback/CallbackInfo;)V won't be passed a CallbackInfo as a result
[17:14:18] [main/DEBUG] (FabricLoader/Mixin) fabric-recipe-api-v1.mixins.json:ingredient.ShapelessRecipeMixin from mod fabric-recipe-api-v1->@Inject::customIngredientMatch(Lnet/minecraft/world/item/crafting/CraftingInput;Lnet/minecraft/world/level/Level;Lorg/spongepowered/asm/mixin/injection/callback/CallbackInfoReturnable;)V does use it's CallbackInfoReturnable
[17:14:18] [main/DEBUG] (FabricLoader/Mixin) Mixing ChunkGeneratingMixin from fabric-lifecycle-events-v1.mixins.json into net.minecraft.world.level.chunk.status.ChunkStatusTasks
[17:14:18] [main/DEBUG] (FabricLoader/Mixin) fabric-lifecycle-events-v1.mixins.json:ChunkGeneratingMixin from mod fabric-lifecycle-events-v1->@Inject::onChunkLoad(Lnet/minecraft/world/level/chunk/ChunkAccess;Lnet/minecraft/world/level/chunk/status/WorldGenContext;Lnet/minecraft/server/level/GenerationChunkHolder;Lorg/spongepowered/asm/mixin/injection/callback/CallbackInfoReturnable;)V does use it's CallbackInfoReturnable
[17:14:18] [main/DEBUG] (FabricLoader/Mixin) Mixing StructureTemplateManagerMixin from fabric-gametest-api-v1.mixins.json into net.minecraft.world.level.levelgen.structure.templatesystem.StructureTemplateManager
[17:14:18] [main/DEBUG] (FabricLoader/Mixin) fabric-gametest-api-v1.mixins.json:StructureTemplateManagerMixin from mod fabric-gametest-api-v1->@Inject::addFabricTemplateProvider(Lnet/minecraft/server/packs/resources/ResourceManager;Lnet/minecraft/world/level/storage/LevelStorageSource$LevelStorageAccess;Lcom/mojang/datafixers/DataFixer;Lnet/minecraft/core/HolderGetter;Lorg/spongepowered/asm/mixin/injection/callback/CallbackInfo;)V doesn't use it's CallbackInfo
[17:14:18] [main/DEBUG] (FabricLoader/Mixin) fabric-gametest-api-v1.mixins.json:StructureTemplateManagerMixin from mod fabric-gametest-api-v1->@Inject::addFabricTemplateProvider(Lnet/minecraft/server/packs/resources/ResourceManager;Lnet/minecraft/world/level/storage/LevelStorageSource$LevelStorageAccess;Lcom/mojang/datafixers/DataFixer;Lnet/minecraft/core/HolderGetter;Lorg/spongepowered/asm/mixin/injection/callback/CallbackInfo;)V has 0 override(s) in child classes
[17:14:18] [main/DEBUG] (FabricLoader/Mixin) fabric-gametest-api-v1.mixins.json:StructureTemplateManagerMixin from mod fabric-gametest-api-v1->@Inject::addFabricTemplateProvider(Lnet/minecraft/server/packs/resources/ResourceManager;Lnet/minecraft/world/level/storage/LevelStorageSource$LevelStorageAccess;Lcom/mojang/datafixers/DataFixer;Lnet/minecraft/core/HolderGetter;Lorg/spongepowered/asm/mixin/injection/callback/CallbackInfo;)V won't be passed a CallbackInfo as a result
[17:14:19] [main/DEBUG] (FabricLoader/Mixin) Mixing BiomeSourceMixin from fabric-biome-api-v1.mixins.json into net.minecraft.world.level.biome.BiomeSource
[17:14:19] [main/DEBUG] (FabricLoader/Mixin) Mixing MultiNoiseBiomeSourceMixin from fabric-biome-api-v1.mixins.json into net.minecraft.world.level.biome.MultiNoiseBiomeSource
[17:14:19] [main/DEBUG] (FabricLoader/Mixin) Mixing NetherBiomePresetMixin from fabric-biome-api-v1.mixins.json into net.minecraft.world.level.biome.MultiNoiseBiomeSourceParameterList$Preset$1
[17:14:19] [main/DEBUG] (FabricLoader/Mixin) fabric-biome-api-v1.mixins.json:NetherBiomePresetMixin from mod fabric-biome-api-v1->@Inject::apply(Ljava/util/function/Function;Lorg/spongepowered/asm/mixin/injection/callback/CallbackInfoReturnable;)V does use it's CallbackInfoReturnable
[17:14:19] [main/DEBUG] (FabricLoader/Mixin) Mixing RegistryOpsAccessor from fabric-resource-conditions-api-v1.mixins.json into net.minecraft.resources.RegistryOps
[17:14:19] [main/DEBUG] (FabricLoader/Mixin) Mixing TheEndBiomeSourceMixin from fabric-biome-api-v1.mixins.json into net.minecraft.world.level.biome.TheEndBiomeSource
[17:14:19] [main/DEBUG] (FabricLoader/Mixin) Renaming synthetic method lambda$init$1(Lnet/minecraft/core/HolderGetter;)Lnet/fabricmc/fabric/impl/biome/TheEndBiomeData$Overrides; to md7d776e$fabric-biome-api-v1$lambda$init$1$0 in fabric-biome-api-v1.mixins.json:TheEndBiomeSourceMixin from mod fabric-biome-api-v1
[17:14:19] [main/DEBUG] (FabricLoader/Mixin) Renaming synthetic method lambda$modifyCodec$0(Lcom/mojang/serialization/codecs/RecordCodecBuilder$Instance;)Lcom/mojang/datafixers/kinds/App; to md7d776e$fabric-biome-api-v1$lambda$modifyCodec$0$1 in fabric-biome-api-v1.mixins.json:TheEndBiomeSourceMixin from mod fabric-biome-api-v1
[17:14:19] [main/DEBUG] (FabricLoader/Mixin) fabric-biome-api-v1.mixins.json:TheEndBiomeSourceMixin from mod fabric-biome-api-v1->@Inject::modifyCodec(Lorg/spongepowered/asm/mixin/injection/callback/CallbackInfo;)V doesn't use it's CallbackInfo
[17:14:19] [main/DEBUG] (FabricLoader/Mixin) fabric-biome-api-v1.mixins.json:TheEndBiomeSourceMixin from mod fabric-biome-api-v1->@Inject::rememberLookup(Lnet/minecraft/core/HolderGetter;Lorg/spongepowered/asm/mixin/injection/callback/CallbackInfoReturnable;)V doesn't use it's CallbackInfoReturnable
[17:14:19] [main/DEBUG] (FabricLoader/Mixin) fabric-biome-api-v1.mixins.json:TheEndBiomeSourceMixin from mod fabric-biome-api-v1->@Inject::clearLookup(Lnet/minecraft/core/HolderGetter;Lorg/spongepowered/asm/mixin/injection/callback/CallbackInfoReturnable;)V doesn't use it's CallbackInfoReturnable
[17:14:19] [main/DEBUG] (FabricLoader/Mixin) fabric-biome-api-v1.mixins.json:TheEndBiomeSourceMixin from mod fabric-biome-api-v1->@Inject::init(Lnet/minecraft/core/Holder;Lnet/minecraft/core/Holder;Lnet/minecraft/core/Holder;Lnet/minecraft/core/Holder;Lnet/minecraft/core/Holder;Lorg/spongepowered/asm/mixin/injection/callback/CallbackInfo;)V doesn't use it's CallbackInfo
[17:14:19] [main/DEBUG] (FabricLoader/Mixin) fabric-biome-api-v1.mixins.json:TheEndBiomeSourceMixin from mod fabric-biome-api-v1->@Inject::init(Lnet/minecraft/core/Holder;Lnet/minecraft/core/Holder;Lnet/minecraft/core/Holder;Lnet/minecraft/core/Holder;Lnet/minecraft/core/Holder;Lorg/spongepowered/asm/mixin/injection/callback/CallbackInfo;)V has 0 override(s) in child classes
[17:14:19] [main/DEBUG] (FabricLoader/Mixin) fabric-biome-api-v1.mixins.json:TheEndBiomeSourceMixin from mod fabric-biome-api-v1->@Inject::init(Lnet/minecraft/core/Holder;Lnet/minecraft/core/Holder;Lnet/minecraft/core/Holder;Lnet/minecraft/core/Holder;Lnet/minecraft/core/Holder;Lorg/spongepowered/asm/mixin/injection/callback/CallbackInfo;)V won't be passed a CallbackInfo as a result
[17:14:19] [main/DEBUG] (FabricLoader/Mixin) fabric-biome-api-v1.mixins.json:TheEndBiomeSourceMixin from mod fabric-biome-api-v1->@Inject::getWeightedEndBiome(IIILnet/minecraft/world/level/biome/Climate$Sampler;Lorg/spongepowered/asm/mixin/injection/callback/CallbackInfoReturnable;)V does use it's CallbackInfoReturnable
[17:14:19] [main/DEBUG] (FabricLoader/Mixin) fabric-biome-api-v1.mixins.json:TheEndBiomeSourceMixin from mod fabric-biome-api-v1->@Inject::getWeightedEndBiome(IIILnet/minecraft/world/level/biome/Climate$Sampler;Lorg/spongepowered/asm/mixin/injection/callback/CallbackInfoReturnable;)V does use it's CallbackInfoReturnable
[17:14:19] [main/DEBUG] (FabricLoader/Mixin) fabric-biome-api-v1.mixins.json:TheEndBiomeSourceMixin from mod fabric-biome-api-v1->@Inject::getWeightedEndBiome(IIILnet/minecraft/world/level/biome/Climate$Sampler;Lorg/spongepowered/asm/mixin/injection/callback/CallbackInfoReturnable;)V does use it's CallbackInfoReturnable
[17:14:19] [main/DEBUG] (FabricLoader/Mixin) fabric-biome-api-v1.mixins.json:TheEndBiomeSourceMixin from mod fabric-biome-api-v1->@Inject::getWeightedEndBiome(IIILnet/minecraft/world/level/biome/Climate$Sampler;Lorg/spongepowered/asm/mixin/injection/callback/CallbackInfoReturnable;)V does use it's CallbackInfoReturnable
[17:14:19] [main/DEBUG] (FabricLoader/Mixin) fabric-biome-api-v1.mixins.json:TheEndBiomeSourceMixin from mod fabric-biome-api-v1->@Inject::getWeightedEndBiome(IIILnet/minecraft/world/level/biome/Climate$Sampler;Lorg/spongepowered/asm/mixin/injection/callback/CallbackInfoReturnable;)V does use it's CallbackInfoReturnable
[17:14:19] [main/DEBUG] (FabricLoader/Mixin) Mixing DebugChunkGeneratorAccessor from fabric-registry-sync-v0.mixins.json into net.minecraft.world.level.levelgen.DebugLevelSource
[17:14:19] [main/DEBUG] (FabricLoader/Mixin) Renaming @Accessor method setBLOCK_STATES(Ljava/util/List;)V to setBLOCK_STATES$fabric-registry-sync-v0_$md$7d776e$0 in fabric-registry-sync-v0.mixins.json:DebugChunkGeneratorAccessor from mod fabric-registry-sync-v0
[17:14:19] [main/DEBUG] (FabricLoader/Mixin) Renaming @Accessor method setX_SIDE_LENGTH(I)V to setX_SIDE_LENGTH$fabric-registry-sync-v0_$md$7d776e$1 in fabric-registry-sync-v0.mixins.json:DebugChunkGeneratorAccessor from mod fabric-registry-sync-v0
[17:14:19] [main/DEBUG] (FabricLoader/Mixin) Renaming @Accessor method setZ_SIDE_LENGTH(I)V to setZ_SIDE_LENGTH$fabric-registry-sync-v0_$md$7d776e$2 in fabric-registry-sync-v0.mixins.json:DebugChunkGeneratorAccessor from mod fabric-registry-sync-v0
[17:14:19] [main/DEBUG] (FabricLoader/Mixin) Mixing GameRuleRpcDispatcherTypedRuleMixin from fabric-game-rule-api-v1.mixins.json into net.minecraft.server.jsonrpc.methods.GameRulesService$TypedRule
[17:14:19] [main/DEBUG] (FabricLoader/Mixin) Renaming synthetic method lambda$static$3(Lnet/minecraft/server/jsonrpc/methods/GameRulesService$TypedRule;)Lcom/mojang/datafixers/util/Either; to md7d776e$fabric-game-rule-api-v1$lambda$static$3$0 in fabric-game-rule-api-v1.mixins.json:GameRuleRpcDispatcherTypedRuleMixin from mod fabric-game-rule-api-v1
[17:14:19] [main/DEBUG] (FabricLoader/Mixin) Renaming synthetic method lambda$static$2(Lcom/mojang/datafixers/util/Either;)Lnet/minecraft/server/jsonrpc/methods/GameRulesService$TypedRule; to md7d776e$fabric-game-rule-api-v1$lambda$static$2$1 in fabric-game-rule-api-v1.mixins.json:GameRuleRpcDispatcherTypedRuleMixin from mod fabric-game-rule-api-v1
[17:14:19] [main/DEBUG] (FabricLoader/Mixin) Renaming synthetic method lambda$static$1(Lcom/mojang/serialization/codecs/RecordCodecBuilder$Instance;)Lcom/mojang/datafixers/kinds/App; to md7d776e$fabric-game-rule-api-v1$lambda$static$1$2 in fabric-game-rule-api-v1.mixins.json:GameRuleRpcDispatcherTypedRuleMixin from mod fabric-game-rule-api-v1
[17:14:19] [main/DEBUG] (FabricLoader/Mixin) Renaming synthetic method lambda$static$0(Lnet/minecraft/server/jsonrpc/methods/GameRulesService$TypedRule;)Lnet/fabricmc/fabric/impl/gamerule/rpc/FabricGameRuleType; to md7d776e$fabric-game-rule-api-v1$lambda$static$0$3 in fabric-game-rule-api-v1.mixins.json:GameRuleRpcDispatcherTypedRuleMixin from mod fabric-game-rule-api-v1
[17:14:19] [main/DEBUG] (FabricLoader/Mixin) Mixing GameRulesBooleanRuleAccessor from fabric-game-rule-api-v1.mixins.json into net.minecraft.world.level.GameRules$BooleanValue
[17:14:19] [main/DEBUG] (FabricLoader/Mixin) Renaming @Invoker method invokeCreate(ZLjava/util/function/BiConsumer;)Lnet/minecraft/world/level/GameRules$Type; to invokeCreate$fabric-game-rule-api-v1_$md$7d776e$0 in fabric-game-rule-api-v1.mixins.json:GameRulesBooleanRuleAccessor from mod fabric-game-rule-api-v1
[17:14:19] [main/DEBUG] (FabricLoader/Mixin) Mixing GameRulesAccessor from fabric-game-rule-api-v1.mixins.json into net.minecraft.world.level.GameRules
[17:14:19] [main/DEBUG] (FabricLoader/Mixin) Renaming @Invoker method callRegister(Ljava/lang/String;Lnet/minecraft/world/level/GameRules$Category;Lnet/minecraft/world/level/GameRules$Type;)Lnet/minecraft/world/level/GameRules$Key; to callRegister$fabric-game-rule-api-v1_$md$7d776e$0 in fabric-game-rule-api-v1.mixins.json:GameRulesAccessor from mod fabric-game-rule-api-v1
[17:14:19] [main/DEBUG] (FabricLoader/Mixin) Renaming @Accessor method getRuleTypes()Ljava/util/Map; to getRuleTypes$fabric-game-rule-api-v1_$md$7d776e$1 in fabric-game-rule-api-v1.mixins.json:GameRulesAccessor from mod fabric-game-rule-api-v1
[17:14:19] [main/DEBUG] (FabricLoader/Mixin) Mixing GameRulesKeyMixin from fabric-game-rule-api-v1.mixins.json into net.minecraft.world.level.GameRules$Key
[17:14:19] [main/DEBUG] (FabricLoader/Mixin) Mixing MinecraftServerMixin from fabric-resource-loader-v1.mixins.json into net.minecraft.server.MinecraftServer
[17:14:19] [main/DEBUG] (FabricLoader/Mixin) Mixing MinecraftServerMixin from fabric-resource-loader-v0.mixins.json into net.minecraft.server.MinecraftServer
[17:14:19] [main/DEBUG] (FabricLoader/Mixin) Renaming synthetic method lambda$init$0(Lnet/minecraft/server/packs/PackResources;)Ljava/util/stream/Stream; to md7d776e$fabric-resource-loader-v0$lambda$init$0$0 in fabric-resource-loader-v0.mixins.json:MinecraftServerMixin from mod fabric-resource-loader-v0
[17:14:19] [main/DEBUG] (FabricLoader/Mixin) Mixing modification.MinecraftServerMixin from fabric-biome-api-v1.mixins.json into net.minecraft.server.MinecraftServer
[17:14:19] [main/DEBUG] (FabricLoader/Mixin) Mixing MinecraftServerMixin from fabric-message-api-v1.mixins.json into net.minecraft.server.MinecraftServer
[17:14:19] [main/DEBUG] (FabricLoader/Mixin) Renaming synthetic method lambda$onGetChatDecorator$0(Lnet/minecraft/server/level/ServerPlayer;Lnet/minecraft/network/chat/Component;)Lnet/minecraft/network/chat/Component; to md7d776e$fabric-message-api-v1$lambda$onGetChatDecorator$0$1 in fabric-message-api-v1.mixins.json:MinecraftServerMixin from mod fabric-message-api-v1
[17:14:19] [main/DEBUG] (FabricLoader/Mixin) Mixing MinecraftServerMixin from fabric-lifecycle-events-v1.mixins.json into net.minecraft.server.MinecraftServer
[17:14:19] [main/DEBUG] (FabricLoader/Mixin) Renaming synthetic method lambda$endResourceReload$0(Ljava/lang/Void;Ljava/lang/Throwable;)Ljava/lang/Void; to md7d776e$fabric-lifecycle-events-v1$lambda$endResourceReload$0$2 in fabric-lifecycle-events-v1.mixins.json:MinecraftServerMixin from mod fabric-lifecycle-events-v1
[17:14:19] [main/DEBUG] (FabricLoader/Mixin) fabric-resource-loader-v0.mixins.json:MinecraftServerMixin from mod fabric-resource-loader-v0->@Inject::init(Ljava/lang/Thread;Lnet/minecraft/world/level/storage/LevelStorageSource$LevelStorageAccess;Lnet/minecraft/server/packs/repository/PackRepository;Lnet/minecraft/server/WorldStem;Ljava/net/Proxy;Lcom/mojang/datafixers/DataFixer;Lnet/minecraft/server/Services;Lnet/minecraft/server/level/progress/LevelLoadListener;Lorg/spongepowered/asm/mixin/injection/callback/CallbackInfo;)V doesn't use it's CallbackInfo
[17:14:19] [main/DEBUG] (FabricLoader/Mixin) fabric-resource-loader-v0.mixins.json:MinecraftServerMixin from mod fabric-resource-loader-v0->@Inject::init(Ljava/lang/Thread;Lnet/minecraft/world/level/storage/LevelStorageSource$LevelStorageAccess;Lnet/minecraft/server/packs/repository/PackRepository;Lnet/minecraft/server/WorldStem;Ljava/net/Proxy;Lcom/mojang/datafixers/DataFixer;Lnet/minecraft/server/Services;Lnet/minecraft/server/level/progress/LevelLoadListener;Lorg/spongepowered/asm/mixin/injection/callback/CallbackInfo;)V has 0 override(s) in child classes
[17:14:19] [main/DEBUG] (FabricLoader/Mixin) fabric-resource-loader-v0.mixins.json:MinecraftServerMixin from mod fabric-resource-loader-v0->@Inject::init(Ljava/lang/Thread;Lnet/minecraft/world/level/storage/LevelStorageSource$LevelStorageAccess;Lnet/minecraft/server/packs/repository/PackRepository;Lnet/minecraft/server/WorldStem;Ljava/net/Proxy;Lcom/mojang/datafixers/DataFixer;Lnet/minecraft/server/Services;Lnet/minecraft/server/level/progress/LevelLoadListener;Lorg/spongepowered/asm/mixin/injection/callback/CallbackInfo;)V won't be passed a CallbackInfo as a result
[17:14:19] [main/DEBUG] (FabricLoader/Mixin) fabric-biome-api-v1.mixins.json:modification.MinecraftServerMixin from mod fabric-biome-api-v1->@Inject::finalizeWorldGen(Lorg/spongepowered/asm/mixin/injection/callback/CallbackInfo;)V doesn't use it's CallbackInfo
[17:14:19] [main/DEBUG] (FabricLoader/Mixin) fabric-biome-api-v1.mixins.json:modification.MinecraftServerMixin from mod fabric-biome-api-v1->@Inject::finalizeWorldGen(Lorg/spongepowered/asm/mixin/injection/callback/CallbackInfo;)V has 0 override(s) in child classes
[17:14:19] [main/DEBUG] (FabricLoader/Mixin) fabric-biome-api-v1.mixins.json:modification.MinecraftServerMixin from mod fabric-biome-api-v1->@Inject::finalizeWorldGen(Lorg/spongepowered/asm/mixin/injection/callback/CallbackInfo;)V won't be passed a CallbackInfo as a result
[17:14:19] [main/DEBUG] (FabricLoader/Mixin) fabric-message-api-v1.mixins.json:MinecraftServerMixin from mod fabric-message-api-v1->@Inject::onGetChatDecorator(Lorg/spongepowered/asm/mixin/injection/callback/CallbackInfoReturnable;)V does use it's CallbackInfoReturnable
[17:14:19] [main/DEBUG] (FabricLoader/Mixin) fabric-lifecycle-events-v1.mixins.json:MinecraftServerMixin from mod fabric-lifecycle-events-v1->@Inject::beforeSetupServer(Lorg/spongepowered/asm/mixin/injection/callback/CallbackInfo;)V doesn't use it's CallbackInfo
[17:14:19] [main/DEBUG] (FabricLoader/Mixin) fabric-lifecycle-events-v1.mixins.json:MinecraftServerMixin from mod fabric-lifecycle-events-v1->@Inject::beforeSetupServer(Lorg/spongepowered/asm/mixin/injection/callback/CallbackInfo;)V has 0 override(s) in child classes
[17:14:19] [main/DEBUG] (FabricLoader/Mixin) fabric-lifecycle-events-v1.mixins.json:MinecraftServerMixin from mod fabric-lifecycle-events-v1->@Inject::beforeSetupServer(Lorg/spongepowered/asm/mixin/injection/callback/CallbackInfo;)V won't be passed a CallbackInfo as a result
[17:14:19] [main/DEBUG] (FabricLoader/Mixin) fabric-lifecycle-events-v1.mixins.json:MinecraftServerMixin from mod fabric-lifecycle-events-v1->@Inject::afterSetupServer(Lorg/spongepowered/asm/mixin/injection/callback/CallbackInfo;)V doesn't use it's CallbackInfo
[17:14:19] [main/DEBUG] (FabricLoader/Mixin) fabric-lifecycle-events-v1.mixins.json:MinecraftServerMixin from mod fabric-lifecycle-events-v1->@Inject::afterSetupServer(Lorg/spongepowered/asm/mixin/injection/callback/CallbackInfo;)V has 0 override(s) in child classes
[17:14:19] [main/DEBUG] (FabricLoader/Mixin) fabric-lifecycle-events-v1.mixins.json:MinecraftServerMixin from mod fabric-lifecycle-events-v1->@Inject::afterSetupServer(Lorg/spongepowered/asm/mixin/injection/callback/CallbackInfo;)V won't be passed a CallbackInfo as a result
[17:14:19] [main/DEBUG] (FabricLoader/Mixin) fabric-lifecycle-events-v1.mixins.json:MinecraftServerMixin from mod fabric-lifecycle-events-v1->@Inject::beforeShutdownServer(Lorg/spongepowered/asm/mixin/injection/callback/CallbackInfo;)V doesn't use it's CallbackInfo
[17:14:19] [main/DEBUG] (FabricLoader/Mixin) fabric-lifecycle-events-v1.mixins.json:MinecraftServerMixin from mod fabric-lifecycle-events-v1->@Inject::beforeShutdownServer(Lorg/spongepowered/asm/mixin/injection/callback/CallbackInfo;)V has 0 override(s) in child classes
[17:14:19] [main/DEBUG] (FabricLoader/Mixin) fabric-lifecycle-events-v1.mixins.json:MinecraftServerMixin from mod fabric-lifecycle-events-v1->@Inject::beforeShutdownServer(Lorg/spongepowered/asm/mixin/injection/callback/CallbackInfo;)V won't be passed a CallbackInfo as a result
[17:14:19] [main/DEBUG] (FabricLoader/Mixin) fabric-lifecycle-events-v1.mixins.json:MinecraftServerMixin from mod fabric-lifecycle-events-v1->@Inject::afterShutdownServer(Lorg/spongepowered/asm/mixin/injection/callback/CallbackInfo;)V doesn't use it's CallbackInfo
[17:14:19] [main/DEBUG] (FabricLoader/Mixin) fabric-lifecycle-events-v1.mixins.json:MinecraftServerMixin from mod fabric-lifecycle-events-v1->@Inject::afterShutdownServer(Lorg/spongepowered/asm/mixin/injection/callback/CallbackInfo;)V has 0 override(s) in child classes
[17:14:19] [main/DEBUG] (FabricLoader/Mixin) fabric-lifecycle-events-v1.mixins.json:MinecraftServerMixin from mod fabric-lifecycle-events-v1->@Inject::afterShutdownServer(Lorg/spongepowered/asm/mixin/injection/callback/CallbackInfo;)V won't be passed a CallbackInfo as a result
[17:14:19] [main/DEBUG] (FabricLoader/Mixin) fabric-lifecycle-events-v1.mixins.json:MinecraftServerMixin from mod fabric-lifecycle-events-v1->@Inject::onStartTick(Ljava/util/function/BooleanSupplier;Lorg/spongepowered/asm/mixin/injection/callback/CallbackInfo;)V doesn't use it's CallbackInfo
[17:14:19] [main/DEBUG] (FabricLoader/Mixin) fabric-lifecycle-events-v1.mixins.json:MinecraftServerMixin from mod fabric-lifecycle-events-v1->@Inject::onStartTick(Ljava/util/function/BooleanSupplier;Lorg/spongepowered/asm/mixin/injection/callback/CallbackInfo;)V has 0 override(s) in child classes
[17:14:19] [main/DEBUG] (FabricLoader/Mixin) fabric-lifecycle-events-v1.mixins.json:MinecraftServerMixin from mod fabric-lifecycle-events-v1->@Inject::onStartTick(Ljava/util/function/BooleanSupplier;Lorg/spongepowered/asm/mixin/injection/callback/CallbackInfo;)V won't be passed a CallbackInfo as a result
[17:14:19] [main/DEBUG] (FabricLoader/Mixin) fabric-lifecycle-events-v1.mixins.json:MinecraftServerMixin from mod fabric-lifecycle-events-v1->@Inject::onEndTick(Ljava/util/function/BooleanSupplier;Lorg/spongepowered/asm/mixin/injection/callback/CallbackInfo;)V doesn't use it's CallbackInfo
[17:14:19] [main/DEBUG] (FabricLoader/Mixin) fabric-lifecycle-events-v1.mixins.json:MinecraftServerMixin from mod fabric-lifecycle-events-v1->@Inject::onEndTick(Ljava/util/function/BooleanSupplier;Lorg/spongepowered/asm/mixin/injection/callback/CallbackInfo;)V has 0 override(s) in child classes
[17:14:19] [main/DEBUG] (FabricLoader/Mixin) fabric-lifecycle-events-v1.mixins.json:MinecraftServerMixin from mod fabric-lifecycle-events-v1->@Inject::onEndTick(Ljava/util/function/BooleanSupplier;Lorg/spongepowered/asm/mixin/injection/callback/CallbackInfo;)V won't be passed a CallbackInfo as a result
[17:14:19] [main/DEBUG] (FabricLoader/Mixin) fabric-lifecycle-events-v1.mixins.json:MinecraftServerMixin from mod fabric-lifecycle-events-v1->@Inject::onUnloadWorldAtShutdown(Lorg/spongepowered/asm/mixin/injection/callback/CallbackInfo;)V doesn't use it's CallbackInfo
[17:14:19] [main/DEBUG] (FabricLoader/Mixin) fabric-lifecycle-events-v1.mixins.json:MinecraftServerMixin from mod fabric-lifecycle-events-v1->@Inject::onUnloadWorldAtShutdown(Lorg/spongepowered/asm/mixin/injection/callback/CallbackInfo;)V has 0 override(s) in child classes
[17:14:19] [main/DEBUG] (FabricLoader/Mixin) fabric-lifecycle-events-v1.mixins.json:MinecraftServerMixin from mod fabric-lifecycle-events-v1->@Inject::onUnloadWorldAtShutdown(Lorg/spongepowered/asm/mixin/injection/callback/CallbackInfo;)V won't be passed a CallbackInfo as a result
[17:14:19] [main/DEBUG] (FabricLoader/Mixin) fabric-lifecycle-events-v1.mixins.json:MinecraftServerMixin from mod fabric-lifecycle-events-v1->@Inject::startResourceReload(Ljava/util/Collection;Lorg/spongepowered/asm/mixin/injection/callback/CallbackInfoReturnable;)V doesn't use it's CallbackInfoReturnable
[17:14:19] [main/DEBUG] (FabricLoader/Mixin) fabric-lifecycle-events-v1.mixins.json:MinecraftServerMixin from mod fabric-lifecycle-events-v1->@Inject::startResourceReload(Ljava/util/Collection;Lorg/spongepowered/asm/mixin/injection/callback/CallbackInfoReturnable;)V has 0 override(s) in child classes
[17:14:19] [main/DEBUG] (FabricLoader/Mixin) fabric-lifecycle-events-v1.mixins.json:MinecraftServerMixin from mod fabric-lifecycle-events-v1->@Inject::startResourceReload(Ljava/util/Collection;Lorg/spongepowered/asm/mixin/injection/callback/CallbackInfoReturnable;)V won't be passed a CallbackInfoReturnable as a result
[17:14:19] [main/DEBUG] (FabricLoader/Mixin) fabric-lifecycle-events-v1.mixins.json:MinecraftServerMixin from mod fabric-lifecycle-events-v1->@Inject::endResourceReload(Ljava/util/Collection;Lorg/spongepowered/asm/mixin/injection/callback/CallbackInfoReturnable;)V does use it's CallbackInfoReturnable
[17:14:19] [main/DEBUG] (FabricLoader/Mixin) fabric-lifecycle-events-v1.mixins.json:MinecraftServerMixin from mod fabric-lifecycle-events-v1->@Inject::startSave(ZZZLorg/spongepowered/asm/mixin/injection/callback/CallbackInfoReturnable;)V doesn't use it's CallbackInfoReturnable
[17:14:19] [main/DEBUG] (FabricLoader/Mixin) fabric-lifecycle-events-v1.mixins.json:MinecraftServerMixin from mod fabric-lifecycle-events-v1->@Inject::startSave(ZZZLorg/spongepowered/asm/mixin/injection/callback/CallbackInfoReturnable;)V has 0 override(s) in child classes
[17:14:19] [main/DEBUG] (FabricLoader/Mixin) fabric-lifecycle-events-v1.mixins.json:MinecraftServerMixin from mod fabric-lifecycle-events-v1->@Inject::startSave(ZZZLorg/spongepowered/asm/mixin/injection/callback/CallbackInfoReturnable;)V won't be passed a CallbackInfoReturnable as a result
[17:14:19] [main/DEBUG] (FabricLoader/Mixin) fabric-lifecycle-events-v1.mixins.json:MinecraftServerMixin from mod fabric-lifecycle-events-v1->@Inject::endSave(ZZZLorg/spongepowered/asm/mixin/injection/callback/CallbackInfoReturnable;)V doesn't use it's CallbackInfoReturnable
[17:14:19] [main/DEBUG] (FabricLoader/Mixin) fabric-lifecycle-events-v1.mixins.json:MinecraftServerMixin from mod fabric-lifecycle-events-v1->@Inject::endSave(ZZZLorg/spongepowered/asm/mixin/injection/callback/CallbackInfoReturnable;)V has 0 override(s) in child classes
[17:14:19] [main/DEBUG] (FabricLoader/Mixin) fabric-lifecycle-events-v1.mixins.json:MinecraftServerMixin from mod fabric-lifecycle-events-v1->@Inject::endSave(ZZZLorg/spongepowered/asm/mixin/injection/callback/CallbackInfoReturnable;)V won't be passed a CallbackInfoReturnable as a result
[17:14:19] [main/DEBUG] (FabricLoader/Mixin) Mixing client.item.BasicItemModelUnbakedMixin from fabric-renderer-api-v1.mixins.json into net.minecraft.client.renderer.item.BlockModelWrapper$Unbaked
[17:14:19] [main/DEBUG] (FabricLoader/Mixin) Mixing client.item.BasicItemModelMixin from fabric-renderer-api-v1.mixins.json into net.minecraft.client.renderer.item.BlockModelWrapper
[17:14:19] [main/DEBUG] (FabricLoader/Mixin) Renaming synthetic method lambda$fabric_setMesh$0(Lnet/fabricmc/fabric/api/renderer/v1/model/SpriteFinder;Lnet/fabricmc/fabric/api/renderer/v1/mesh/QuadView;)V to md7d776e$fabric-renderer-api-v1$lambda$fabric_setMesh$0$0 in fabric-renderer-api-v1.mixins.json:client.item.BasicItemModelMixin from mod fabric-renderer-api-v1
[17:14:19] [main/DEBUG] (FabricLoader/Mixin) fabric-renderer-api-v1.mixins.json:client.item.BasicItemModelMixin from mod fabric-renderer-api-v1->@Inject::onReturnUpdate(Lorg/spongepowered/asm/mixin/injection/callback/CallbackInfo;)V doesn't use it's CallbackInfo
[17:14:19] [main/DEBUG] (FabricLoader/Mixin) fabric-renderer-api-v1.mixins.json:client.item.BasicItemModelMixin from mod fabric-renderer-api-v1->@Inject::onReturnUpdate(Lorg/spongepowered/asm/mixin/injection/callback/CallbackInfo;)V has 0 override(s) in child classes
[17:14:19] [main/DEBUG] (FabricLoader/Mixin) fabric-renderer-api-v1.mixins.json:client.item.BasicItemModelMixin from mod fabric-renderer-api-v1->@Inject::onReturnUpdate(Lorg/spongepowered/asm/mixin/injection/callback/CallbackInfo;)V won't be passed a CallbackInfo as a result
[17:14:19] [main/DEBUG] (FabricLoader/Mixin) Mixing SpecialModelTypesMixin from fabric-rendering-v1.mixins.json into net.minecraft.client.renderer.special.SpecialModelRenderers
[17:14:19] [main/DEBUG] (FabricLoader/Mixin) fabric-rendering-v1.mixins.json:SpecialModelTypesMixin from mod fabric-rendering-v1->@Inject::onReturnClinit(Lorg/spongepowered/asm/mixin/injection/callback/CallbackInfo;)V doesn't use it's CallbackInfo
[17:14:19] [main/DEBUG] (FabricLoader/Mixin) Mixing TexturedRenderLayersMixin from fabric-object-builder-v1.client.mixins.json into net.minecraft.client.renderer.Sheets
[17:14:19] [main/DEBUG] (FabricLoader/Mixin) fabric-object-builder-v1.client.mixins.json:TexturedRenderLayersMixin from mod fabric-object-builder-api-v1->@Inject::onReturnClinit(Lorg/spongepowered/asm/mixin/injection/callback/CallbackInfo;)V doesn't use it's CallbackInfo
[17:14:19] [main/DEBUG] (FabricLoader/Mixin) Mixing client.sprite.SpriteAtlasTextureMixin from fabric-renderer-api-v1.mixins.json into net.minecraft.client.renderer.texture.TextureAtlas
[17:14:19] [main/DEBUG] (FabricLoader/Mixin) fabric-renderer-api-v1.mixins.json:client.sprite.SpriteAtlasTextureMixin from mod fabric-renderer-api-v1->@Inject::uploadHook(Lnet/minecraft/client/renderer/texture/SpriteLoader$Preparations;Lorg/spongepowered/asm/mixin/injection/callback/CallbackInfo;)V doesn't use it's CallbackInfo
[17:14:19] [main/DEBUG] (FabricLoader/Mixin) fabric-renderer-api-v1.mixins.json:client.sprite.SpriteAtlasTextureMixin from mod fabric-renderer-api-v1->@Inject::uploadHook(Lnet/minecraft/client/renderer/texture/SpriteLoader$Preparations;Lorg/spongepowered/asm/mixin/injection/callback/CallbackInfo;)V has 0 override(s) in child classes
[17:14:19] [main/DEBUG] (FabricLoader/Mixin) fabric-renderer-api-v1.mixins.json:client.sprite.SpriteAtlasTextureMixin from mod fabric-renderer-api-v1->@Inject::uploadHook(Lnet/minecraft/client/renderer/texture/SpriteLoader$Preparations;Lorg/spongepowered/asm/mixin/injection/callback/CallbackInfo;)V won't be passed a CallbackInfo as a result
[17:14:19] [main/DEBUG] (FabricLoader/Mixin) Mixing RenderPipelineSnippetMixin from fabric-rendering-v1.mixins.json into com.mojang.blaze3d.pipeline.RenderPipeline$Snippet
[17:14:19] [main/DEBUG] (FabricLoader/Mixin) Mixing RenderPipelineMixin from fabric-rendering-v1.mixins.json into com.mojang.blaze3d.pipeline.RenderPipeline
[17:14:19] [main/DEBUG] (FabricLoader/Mixin) Mixing RenderPipelineBuilderMixin from fabric-rendering-v1.mixins.json into com.mojang.blaze3d.pipeline.RenderPipeline$Builder
[17:14:19] [main/DEBUG] (FabricLoader/Mixin) Renaming synthetic method lambda$copyUsePipelineDrawModeForGuiToSnippet$1(Lcom/llamalad7/mixinextras/injector/wrapoperation/Operation;Ljava/util/Optional;Ljava/util/Optional;Ljava/util/Optional;Ljava/util/Optional;Ljava/util/Optional;Ljava/util/Optional;Ljava/util/Optional;Ljava/util/Optional;Ljava/util/Optional;Ljava/util/Optional;Ljava/util/Optional;Ljava/util/Optional;Ljava/util/Optional;Ljava/util/Optional;Ljava/util/Optional;)Lcom/mojang/blaze3d/pipeline/RenderPipeline$Snippet; to md7d776e$fabric-rendering-v1$lambda$copyUsePipelineDrawModeForGuiToSnippet$1$0 in fabric-rendering-v1.mixins.json:RenderPipelineBuilderMixin from mod fabric-rendering-v1
[17:14:19] [main/DEBUG] (FabricLoader/Mixin) Renaming synthetic method lambda$copyUsePipelineDrawModeForGuiFromSnippet$0(Ljava/lang/Boolean;)V to md7d776e$fabric-rendering-v1$lambda$copyUsePipelineDrawModeForGuiFromSnippet$0$1 in fabric-rendering-v1.mixins.json:RenderPipelineBuilderMixin from mod fabric-rendering-v1
[17:14:19] [main/DEBUG] (FabricLoader/Mixin) fabric-rendering-v1.mixins.json:RenderPipelineBuilderMixin from mod fabric-rendering-v1->@Inject::copyUsePipelineDrawModeForGuiFromSnippet(Lcom/mojang/blaze3d/pipeline/RenderPipeline$Snippet;Lorg/spongepowered/asm/mixin/injection/callback/CallbackInfo;)V doesn't use it's CallbackInfo
[17:14:19] [main/DEBUG] (FabricLoader/Mixin) fabric-rendering-v1.mixins.json:RenderPipelineBuilderMixin from mod fabric-rendering-v1->@Inject::copyUsePipelineDrawModeForGuiFromSnippet(Lcom/mojang/blaze3d/pipeline/RenderPipeline$Snippet;Lorg/spongepowered/asm/mixin/injection/callback/CallbackInfo;)V has 0 override(s) in child classes
[17:14:19] [main/DEBUG] (FabricLoader/Mixin) fabric-rendering-v1.mixins.json:RenderPipelineBuilderMixin from mod fabric-rendering-v1->@Inject::copyUsePipelineDrawModeForGuiFromSnippet(Lcom/mojang/blaze3d/pipeline/RenderPipeline$Snippet;Lorg/spongepowered/asm/mixin/injection/callback/CallbackInfo;)V won't be passed a CallbackInfo as a result
[17:14:19] [main/DEBUG] (FabricLoader/Mixin) Mixing ItemRendererAccessor from fabric-renderer-indigo.mixins.json into net.minecraft.client.renderer.entity.ItemRenderer
[17:14:19] [main/DEBUG] (FabricLoader/Mixin) Renaming @Invoker method fabric_getDynamicDisplayGlintConsumer(Lnet/minecraft/client/renderer/MultiBufferSource;Lnet/minecraft/client/renderer/RenderType;Lcom/mojang/blaze3d/vertex/PoseStack$Pose;)Lcom/mojang/blaze3d/vertex/VertexConsumer; to fabric_getDynamicDisplayGlintConsumer$fabric-renderer-indigo_$md$7d776e$0 in fabric-renderer-indigo.mixins.json:ItemRendererAccessor from mod fabric-renderer-indigo
[17:14:19] [main/DEBUG] (FabricLoader/Mixin) Mixing RenderStateMixin from fabric-rendering-v1.mixins.json into net.minecraft.client.renderer.blockentity.state.BlockEntityRenderState
[17:14:19] [main/DEBUG] (FabricLoader/Mixin) Mixing ModelMixin from fabric-rendering-v1.mixins.json into net.minecraft.client.model.Model
[17:14:19] [main/DEBUG] (FabricLoader/Mixin) Renaming synthetic method lambda$copyTransforms$0(Ljava/lang/String;Lnet/minecraft/client/model/geom/ModelPart;)V to md7d776e$fabric-rendering-v1$lambda$copyTransforms$0$0 in fabric-rendering-v1.mixins.json:ModelMixin from mod fabric-rendering-v1
[17:14:19] [main/DEBUG] (FabricLoader/Mixin) fabric-rendering-v1.mixins.json:ModelMixin from mod fabric-rendering-v1->@Inject::fillChildPartMap(Lnet/minecraft/client/model/geom/ModelPart;Ljava/util/function/Function;Lorg/spongepowered/asm/mixin/injection/callback/CallbackInfo;)V doesn't use it's CallbackInfo
[17:14:19] [main/DEBUG] (FabricLoader/Mixin) fabric-rendering-v1.mixins.json:ModelMixin from mod fabric-rendering-v1->@Inject::fillChildPartMap(Lnet/minecraft/client/model/geom/ModelPart;Ljava/util/function/Function;Lorg/spongepowered/asm/mixin/injection/callback/CallbackInfo;)V has 0 override(s) in child classes
[17:14:19] [main/DEBUG] (FabricLoader/Mixin) fabric-rendering-v1.mixins.json:ModelMixin from mod fabric-rendering-v1->@Inject::fillChildPartMap(Lnet/minecraft/client/model/geom/ModelPart;Ljava/util/function/Function;Lorg/spongepowered/asm/mixin/injection/callback/CallbackInfo;)V won't be passed a CallbackInfo as a result
[17:14:19] [main/DEBUG] (FabricLoader/Mixin) Mixing KeyBindingAccessor from fabric-events-interaction-v0.client.mixins.json into net.minecraft.client.KeyMapping
[17:14:19] [main/DEBUG] (FabricLoader/Mixin) Mixing KeyBindingAccessor from fabric-key-binding-api-v1.mixins.json into net.minecraft.client.KeyMapping
[17:14:19] [main/DEBUG] (FabricLoader/Mixin) Mixing AtlasSourceManagerAccessor from fabric-rendering-v1.mixins.json into net.minecraft.client.renderer.texture.atlas.SpriteSources
[17:14:19] [main/DEBUG] (FabricLoader/Mixin) Renaming @Accessor method getAtlasSourceCodecs()Lnet/minecraft/util/ExtraCodecs$LateBoundIdMapper; to getAtlasSourceCodecs$fabric-rendering-v1_$md$7d776e$0 in fabric-rendering-v1.mixins.json:AtlasSourceManagerAccessor from mod fabric-rendering-v1
[17:14:19] [main/DEBUG] (FabricLoader/Mixin) Mixing ScreenAccessor from fabric-screen-api-v1.mixins.json into net.minecraft.client.gui.screens.Screen
[17:14:19] [main/DEBUG] (FabricLoader/Mixin) Mixing ScreenMixin from fabric-screen-api-v1.mixins.json into net.minecraft.client.gui.screens.Screen
[17:14:19] [main/DEBUG] (FabricLoader/Mixin) Mixing client.MixinScreen from architectury.mixins.json into net.minecraft.client.gui.screens.Screen
[17:14:19] [main/DEBUG] (FabricLoader/Mixin) architectury.mixins.json:client.MixinScreen from mod architectury: Class version 65 required is higher than the class version supported by the current version of Mixin (JAVA_16 supports class version 60)
[17:14:19] [main/DEBUG] (FabricLoader/Mixin) fabric-screen-api-v1.mixins.json:ScreenMixin from mod fabric-screen-api-v1->@Inject::renderWithTooltip(Lnet/minecraft/client/gui/GuiGraphics;IIFLorg/spongepowered/asm/mixin/injection/callback/CallbackInfo;)V doesn't use it's CallbackInfo
[17:14:19] [main/DEBUG] (FabricLoader/Mixin) fabric-screen-api-v1.mixins.json:ScreenMixin from mod fabric-screen-api-v1->@Inject::beforeInitScreen(Lnet/minecraft/client/Minecraft;IILorg/spongepowered/asm/mixin/injection/callback/CallbackInfo;)V doesn't use it's CallbackInfo
[17:14:19] [main/DEBUG] (FabricLoader/Mixin) fabric-screen-api-v1.mixins.json:ScreenMixin from mod fabric-screen-api-v1->@Inject::beforeInitScreen(Lnet/minecraft/client/Minecraft;IILorg/spongepowered/asm/mixin/injection/callback/CallbackInfo;)V has 0 override(s) in child classes
[17:14:19] [main/DEBUG] (FabricLoader/Mixin) fabric-screen-api-v1.mixins.json:ScreenMixin from mod fabric-screen-api-v1->@Inject::beforeInitScreen(Lnet/minecraft/client/Minecraft;IILorg/spongepowered/asm/mixin/injection/callback/CallbackInfo;)V won't be passed a CallbackInfo as a result
[17:14:19] [main/DEBUG] (FabricLoader/Mixin) fabric-screen-api-v1.mixins.json:ScreenMixin from mod fabric-screen-api-v1->@Inject::afterInitScreen(Lnet/minecraft/client/Minecraft;IILorg/spongepowered/asm/mixin/injection/callback/CallbackInfo;)V doesn't use it's CallbackInfo
[17:14:19] [main/DEBUG] (FabricLoader/Mixin) fabric-screen-api-v1.mixins.json:ScreenMixin from mod fabric-screen-api-v1->@Inject::afterInitScreen(Lnet/minecraft/client/Minecraft;IILorg/spongepowered/asm/mixin/injection/callback/CallbackInfo;)V has 0 override(s) in child classes
[17:14:19] [main/DEBUG] (FabricLoader/Mixin) fabric-screen-api-v1.mixins.json:ScreenMixin from mod fabric-screen-api-v1->@Inject::afterInitScreen(Lnet/minecraft/client/Minecraft;IILorg/spongepowered/asm/mixin/injection/callback/CallbackInfo;)V won't be passed a CallbackInfo as a result
[17:14:19] [main/DEBUG] (FabricLoader/Mixin) fabric-screen-api-v1.mixins.json:ScreenMixin from mod fabric-screen-api-v1->@Inject::beforeResizeScreen(Lnet/minecraft/client/Minecraft;IILorg/spongepowered/asm/mixin/injection/callback/CallbackInfo;)V doesn't use it's CallbackInfo
[17:14:19] [main/DEBUG] (FabricLoader/Mixin) fabric-screen-api-v1.mixins.json:ScreenMixin from mod fabric-screen-api-v1->@Inject::beforeResizeScreen(Lnet/minecraft/client/Minecraft;IILorg/spongepowered/asm/mixin/injection/callback/CallbackInfo;)V has 0 override(s) in child classes
[17:14:19] [main/DEBUG] (FabricLoader/Mixin) fabric-screen-api-v1.mixins.json:ScreenMixin from mod fabric-screen-api-v1->@Inject::beforeResizeScreen(Lnet/minecraft/client/Minecraft;IILorg/spongepowered/asm/mixin/injection/callback/CallbackInfo;)V won't be passed a CallbackInfo as a result
[17:14:19] [main/DEBUG] (FabricLoader/Mixin) fabric-screen-api-v1.mixins.json:ScreenMixin from mod fabric-screen-api-v1->@Inject::afterResizeScreen(Lnet/minecraft/client/Minecraft;IILorg/spongepowered/asm/mixin/injection/callback/CallbackInfo;)V doesn't use it's CallbackInfo
[17:14:19] [main/DEBUG] (FabricLoader/Mixin) fabric-screen-api-v1.mixins.json:ScreenMixin from mod fabric-screen-api-v1->@Inject::afterResizeScreen(Lnet/minecraft/client/Minecraft;IILorg/spongepowered/asm/mixin/injection/callback/CallbackInfo;)V has 0 override(s) in child classes
[17:14:19] [main/DEBUG] (FabricLoader/Mixin) fabric-screen-api-v1.mixins.json:ScreenMixin from mod fabric-screen-api-v1->@Inject::afterResizeScreen(Lnet/minecraft/client/Minecraft;IILorg/spongepowered/asm/mixin/injection/callback/CallbackInfo;)V won't be passed a CallbackInfo as a result
[17:14:19] [main/DEBUG] (FabricLoader/Mixin) architectury.mixins.json:client.MixinScreen from mod architectury->@Inject::preInit(Lnet/minecraft/client/Minecraft;IILorg/spongepowered/asm/mixin/injection/callback/CallbackInfo;)V does use it's CallbackInfo
[17:14:19] [main/DEBUG] (FabricLoader/Mixin) architectury.mixins.json:client.MixinScreen from mod architectury->@Inject::postInit(Lorg/spongepowered/asm/mixin/injection/callback/CallbackInfo;)V doesn't use it's CallbackInfo
[17:14:19] [main/DEBUG] (FabricLoader/Mixin) architectury.mixins.json:client.MixinScreen from mod architectury->@Inject::postInit(Lorg/spongepowered/asm/mixin/injection/callback/CallbackInfo;)V has 0 override(s) in child classes
[17:14:19] [main/DEBUG] (FabricLoader/Mixin) architectury.mixins.json:client.MixinScreen from mod architectury->@Inject::postInit(Lorg/spongepowered/asm/mixin/injection/callback/CallbackInfo;)V won't be passed a CallbackInfo as a result
[17:14:19] [main/DEBUG] (FabricLoader/Mixin) architectury.mixins.json:client.MixinScreen from mod architectury->@Inject::preInit2(Lorg/spongepowered/asm/mixin/injection/callback/CallbackInfo;)V does use it's CallbackInfo
[17:14:19] [main/DEBUG] (FabricLoader/Mixin) architectury.mixins.json:client.MixinScreen from mod architectury->@Inject::postInit2(Lorg/spongepowered/asm/mixin/injection/callback/CallbackInfo;)V doesn't use it's CallbackInfo
[17:14:19] [main/DEBUG] (FabricLoader/Mixin) architectury.mixins.json:client.MixinScreen from mod architectury->@Inject::postInit2(Lorg/spongepowered/asm/mixin/injection/callback/CallbackInfo;)V has 0 override(s) in child classes
[17:14:19] [main/DEBUG] (FabricLoader/Mixin) architectury.mixins.json:client.MixinScreen from mod architectury->@Inject::postInit2(Lorg/spongepowered/asm/mixin/injection/callback/CallbackInfo;)V won't be passed a CallbackInfo as a result
[17:14:19] [main/DEBUG] (FabricLoader/Mixin) Mixing client.MixinClientLevel from architectury.mixins.json into net.minecraft.client.multiplayer.ClientLevel
[17:14:19] [main/DEBUG] (FabricLoader/Mixin) architectury.mixins.json:client.MixinClientLevel from mod architectury: Class version 65 required is higher than the class version supported by the current version of Mixin (JAVA_16 supports class version 60)
[17:14:19] [main/DEBUG] (FabricLoader/Mixin) Mixing ClientWorldMixin from fabric-rendering-v1.mixins.json into net.minecraft.client.multiplayer.ClientLevel
[17:14:19] [main/DEBUG] (FabricLoader/Mixin) Renaming synthetic method lambda$new$1(Lnet/minecraft/world/level/ColorResolver;)Lnet/minecraft/client/color/block/BlockTintCache; to md7d776e$fabric-rendering-v1$lambda$new$1$0 in fabric-rendering-v1.mixins.json:ClientWorldMixin from mod fabric-rendering-v1
[17:14:19] [main/DEBUG] (FabricLoader/Mixin) Renaming synthetic method lambda$new$0(Lnet/minecraft/world/level/ColorResolver;Lnet/minecraft/core/BlockPos;)I to md7d776e$fabric-rendering-v1$lambda$new$0$1 in fabric-rendering-v1.mixins.json:ClientWorldMixin from mod fabric-rendering-v1
[17:14:19] [main/DEBUG] (FabricLoader/Mixin) Mixing ClientWorldMixin from fabric-lifecycle-events-v1.client.mixins.json into net.minecraft.client.multiplayer.ClientLevel
[17:14:19] [main/DEBUG] (FabricLoader/Mixin) architectury.mixins.json:client.MixinClientLevel from mod architectury->@Inject::construct(Lnet/minecraft/client/multiplayer/ClientPacketListener;Lnet/minecraft/client/multiplayer/ClientLevel$ClientLevelData;Lnet/minecraft/resources/ResourceKey;Lnet/minecraft/core/Holder;IILnet/minecraft/client/renderer/LevelRenderer;ZJILorg/spongepowered/asm/mixin/injection/callback/CallbackInfo;)V doesn't use it's CallbackInfo
[17:14:19] [main/DEBUG] (FabricLoader/Mixin) architectury.mixins.json:client.MixinClientLevel from mod architectury->@Inject::construct(Lnet/minecraft/client/multiplayer/ClientPacketListener;Lnet/minecraft/client/multiplayer/ClientLevel$ClientLevelData;Lnet/minecraft/resources/ResourceKey;Lnet/minecraft/core/Holder;IILnet/minecraft/client/renderer/LevelRenderer;ZJILorg/spongepowered/asm/mixin/injection/callback/CallbackInfo;)V has 0 override(s) in child classes
[17:14:19] [main/DEBUG] (FabricLoader/Mixin) architectury.mixins.json:client.MixinClientLevel from mod architectury->@Inject::construct(Lnet/minecraft/client/multiplayer/ClientPacketListener;Lnet/minecraft/client/multiplayer/ClientLevel$ClientLevelData;Lnet/minecraft/resources/ResourceKey;Lnet/minecraft/core/Holder;IILnet/minecraft/client/renderer/LevelRenderer;ZJILorg/spongepowered/asm/mixin/injection/callback/CallbackInfo;)V won't be passed a CallbackInfo as a result
[17:14:19] [main/DEBUG] (FabricLoader/Mixin) architectury.mixins.json:client.MixinClientLevel from mod architectury->@Inject::addEntity(Lnet/minecraft/world/entity/Entity;Lorg/spongepowered/asm/mixin/injection/callback/CallbackInfo;)V does use it's CallbackInfo
[17:14:19] [main/DEBUG] (FabricLoader/Mixin) fabric-rendering-v1.mixins.json:ClientWorldMixin from mod fabric-rendering-v1->@Inject::onResetChunkColor(Lnet/minecraft/world/level/ChunkPos;Lorg/spongepowered/asm/mixin/injection/callback/CallbackInfo;)V doesn't use it's CallbackInfo
[17:14:19] [main/DEBUG] (FabricLoader/Mixin) fabric-rendering-v1.mixins.json:ClientWorldMixin from mod fabric-rendering-v1->@Inject::onResetChunkColor(Lnet/minecraft/world/level/ChunkPos;Lorg/spongepowered/asm/mixin/injection/callback/CallbackInfo;)V has 0 override(s) in child classes
[17:14:19] [main/DEBUG] (FabricLoader/Mixin) fabric-rendering-v1.mixins.json:ClientWorldMixin from mod fabric-rendering-v1->@Inject::onResetChunkColor(Lnet/minecraft/world/level/ChunkPos;Lorg/spongepowered/asm/mixin/injection/callback/CallbackInfo;)V won't be passed a CallbackInfo as a result
[17:14:19] [main/DEBUG] (FabricLoader/Mixin) fabric-rendering-v1.mixins.json:ClientWorldMixin from mod fabric-rendering-v1->@Inject::onReloadColor(Lorg/spongepowered/asm/mixin/injection/callback/CallbackInfo;)V doesn't use it's CallbackInfo
[17:14:19] [main/DEBUG] (FabricLoader/Mixin) fabric-rendering-v1.mixins.json:ClientWorldMixin from mod fabric-rendering-v1->@Inject::onReloadColor(Lorg/spongepowered/asm/mixin/injection/callback/CallbackInfo;)V has 0 override(s) in child classes
[17:14:19] [main/DEBUG] (FabricLoader/Mixin) fabric-rendering-v1.mixins.json:ClientWorldMixin from mod fabric-rendering-v1->@Inject::onReloadColor(Lorg/spongepowered/asm/mixin/injection/callback/CallbackInfo;)V won't be passed a CallbackInfo as a result
[17:14:19] [main/DEBUG] (FabricLoader/Mixin) fabric-lifecycle-events-v1.client.mixins.json:ClientWorldMixin from mod fabric-lifecycle-events-v1->@Inject::tickWorldAfterBlockEntities(Lorg/spongepowered/asm/mixin/injection/callback/CallbackInfo;)V doesn't use it's CallbackInfo
[17:14:19] [main/DEBUG] (FabricLoader/Mixin) fabric-lifecycle-events-v1.client.mixins.json:ClientWorldMixin from mod fabric-lifecycle-events-v1->@Inject::tickWorldAfterBlockEntities(Lorg/spongepowered/asm/mixin/injection/callback/CallbackInfo;)V has 0 override(s) in child classes
[17:14:19] [main/DEBUG] (FabricLoader/Mixin) fabric-lifecycle-events-v1.client.mixins.json:ClientWorldMixin from mod fabric-lifecycle-events-v1->@Inject::tickWorldAfterBlockEntities(Lorg/spongepowered/asm/mixin/injection/callback/CallbackInfo;)V won't be passed a CallbackInfo as a result
[17:14:19] [main/DEBUG] (FabricLoader/Mixin) fabric-lifecycle-events-v1.client.mixins.json:ClientWorldMixin from mod fabric-lifecycle-events-v1->@Inject::startWorldTick(Lorg/spongepowered/asm/mixin/injection/callback/CallbackInfo;)V doesn't use it's CallbackInfo
[17:14:19] [main/DEBUG] (FabricLoader/Mixin) fabric-lifecycle-events-v1.client.mixins.json:ClientWorldMixin from mod fabric-lifecycle-events-v1->@Inject::startWorldTick(Lorg/spongepowered/asm/mixin/injection/callback/CallbackInfo;)V has 0 override(s) in child classes
[17:14:19] [main/DEBUG] (FabricLoader/Mixin) fabric-lifecycle-events-v1.client.mixins.json:ClientWorldMixin from mod fabric-lifecycle-events-v1->@Inject::startWorldTick(Lorg/spongepowered/asm/mixin/injection/callback/CallbackInfo;)V won't be passed a CallbackInfo as a result
[17:14:19] [main/DEBUG] (FabricLoader/Mixin) Mixing AccessorClickableWidget from mixins.modmenu.json into net.minecraft.client.gui.components.AbstractWidget
[17:14:19] [main/DEBUG] (FabricLoader/Mixin) Mixing DefaultAttributeRegistryAccessor from fabric-object-builder-v1.mixins.json into net.minecraft.world.entity.ai.attributes.DefaultAttributes
[17:14:19] [main/DEBUG] (FabricLoader/Mixin) Renaming @Accessor method getRegistry()Ljava/util/Map; to getRegistry$fabric-object-builder-api-v1_$md$7d776e$0 in fabric-object-builder-v1.mixins.json:DefaultAttributeRegistryAccessor from mod fabric-object-builder-api-v1
[17:14:19] [main/DEBUG] (FabricLoader/Mixin) Mixing DefaultAttributeRegistryMixin from fabric-object-builder-v1.mixins.json into net.minecraft.world.entity.ai.attributes.DefaultAttributes
[17:14:19] [main/DEBUG] (FabricLoader/Mixin) fabric-object-builder-v1.mixins.json:DefaultAttributeRegistryMixin from mod fabric-object-builder-api-v1->@Inject::injectAttributes(Lorg/spongepowered/asm/mixin/injection/callback/CallbackInfo;)V doesn't use it's CallbackInfo
[17:14:19] [Render thread/DEBUG] (FabricLoader/Mixin) Mixing MinecraftClientMixin from fabric-screen-api-v1.mixins.json into net.minecraft.client.Minecraft
[17:14:19] [Render thread/DEBUG] (FabricLoader/Mixin) Renaming @Unique field LOGGERLorg/slf4j/Logger; to fd7d776e$fabric-screen-api-v1$LOGGER$0 in fabric-screen-api-v1.mixins.json:MinecraftClientMixin from mod fabric-screen-api-v1
[17:14:19] [Render thread/DEBUG] (FabricLoader/Mixin) Mixing client.MixinMinecraft from architectury.mixins.json into net.minecraft.client.Minecraft
[17:14:19] [Render thread/DEBUG] (FabricLoader/Mixin) architectury.mixins.json:client.MixinMinecraft from mod architectury: Class version 65 required is higher than the class version supported by the current version of Mixin (JAVA_16 supports class version 60)
[17:14:19] [Render thread/DEBUG] (FabricLoader/Mixin) Mixing accessor.MinecraftClientAccessor from fabric-networking-api-v1.client.mixins.json into net.minecraft.client.Minecraft
[17:14:19] [Render thread/DEBUG] (FabricLoader/Mixin) Mixing MinecraftClientMixin from fabric-lifecycle-events-v1.client.mixins.json into net.minecraft.client.Minecraft
[17:14:19] [Render thread/DEBUG] (FabricLoader/Mixin) Mixing MinecraftClientMixin from fabric-data-generation-api-v1.client.mixins.json into net.minecraft.client.Minecraft
[17:14:19] [Render thread/DEBUG] (FabricLoader/Mixin) Mixing MinecraftClientMixin from fabric-events-interaction-v0.client.mixins.json into net.minecraft.client.Minecraft
[17:14:19] [Render thread/DEBUG] (FabricLoader/Mixin) Mixing MinecraftClientMixin from fabric-registry-sync-v0.client.mixins.json into net.minecraft.client.Minecraft
[17:14:19] [Render thread/DEBUG] (FabricLoader/Mixin) fabric-screen-api-v1.mixins.json:MinecraftClientMixin from mod fabric-screen-api-v1->@Inject::checkThreadOnDev(Lnet/minecraft/client/gui/screens/Screen;Lorg/spongepowered/asm/mixin/injection/callback/CallbackInfo;)V doesn't use it's CallbackInfo
[17:14:19] [Render thread/DEBUG] (FabricLoader/Mixin) fabric-screen-api-v1.mixins.json:MinecraftClientMixin from mod fabric-screen-api-v1->@Inject::checkThreadOnDev(Lnet/minecraft/client/gui/screens/Screen;Lorg/spongepowered/asm/mixin/injection/callback/CallbackInfo;)V has 0 override(s) in child classes
[17:14:19] [Render thread/DEBUG] (FabricLoader/Mixin) fabric-screen-api-v1.mixins.json:MinecraftClientMixin from mod fabric-screen-api-v1->@Inject::checkThreadOnDev(Lnet/minecraft/client/gui/screens/Screen;Lorg/spongepowered/asm/mixin/injection/callback/CallbackInfo;)V won't be passed a CallbackInfo as a result
[17:14:19] [Render thread/DEBUG] (FabricLoader/Mixin) fabric-screen-api-v1.mixins.json:MinecraftClientMixin from mod fabric-screen-api-v1->@Inject::onScreenRemove(Lnet/minecraft/client/gui/screens/Screen;Lorg/spongepowered/asm/mixin/injection/callback/CallbackInfo;)V doesn't use it's CallbackInfo
[17:14:19] [Render thread/DEBUG] (FabricLoader/Mixin) fabric-screen-api-v1.mixins.json:MinecraftClientMixin from mod fabric-screen-api-v1->@Inject::onScreenRemove(Lnet/minecraft/client/gui/screens/Screen;Lorg/spongepowered/asm/mixin/injection/callback/CallbackInfo;)V has 0 override(s) in child classes
[17:14:19] [Render thread/DEBUG] (FabricLoader/Mixin) fabric-screen-api-v1.mixins.json:MinecraftClientMixin from mod fabric-screen-api-v1->@Inject::onScreenRemove(Lnet/minecraft/client/gui/screens/Screen;Lorg/spongepowered/asm/mixin/injection/callback/CallbackInfo;)V won't be passed a CallbackInfo as a result
[17:14:19] [Render thread/DEBUG] (FabricLoader/Mixin) fabric-screen-api-v1.mixins.json:MinecraftClientMixin from mod fabric-screen-api-v1->@Inject::onScreenRemoveBecauseStopping(Lorg/spongepowered/asm/mixin/injection/callback/CallbackInfo;)V doesn't use it's CallbackInfo
[17:14:19] [Render thread/DEBUG] (FabricLoader/Mixin) fabric-screen-api-v1.mixins.json:MinecraftClientMixin from mod fabric-screen-api-v1->@Inject::onScreenRemoveBecauseStopping(Lorg/spongepowered/asm/mixin/injection/callback/CallbackInfo;)V has 0 override(s) in child classes
[17:14:19] [Render thread/DEBUG] (FabricLoader/Mixin) fabric-screen-api-v1.mixins.json:MinecraftClientMixin from mod fabric-screen-api-v1->@Inject::onScreenRemoveBecauseStopping(Lorg/spongepowered/asm/mixin/injection/callback/CallbackInfo;)V won't be passed a CallbackInfo as a result
[17:14:19] [Render thread/DEBUG] (FabricLoader/Mixin) fabric-screen-api-v1.mixins.json:MinecraftClientMixin from mod fabric-screen-api-v1->@Inject::beforeScreenTick(Lorg/spongepowered/asm/mixin/injection/callback/CallbackInfo;)V doesn't use it's CallbackInfo
[17:14:19] [Render thread/DEBUG] (FabricLoader/Mixin) fabric-screen-api-v1.mixins.json:MinecraftClientMixin from mod fabric-screen-api-v1->@Inject::beforeScreenTick(Lorg/spongepowered/asm/mixin/injection/callback/CallbackInfo;)V has 0 override(s) in child classes
[17:14:19] [Render thread/DEBUG] (FabricLoader/Mixin) fabric-screen-api-v1.mixins.json:MinecraftClientMixin from mod fabric-screen-api-v1->@Inject::beforeScreenTick(Lorg/spongepowered/asm/mixin/injection/callback/CallbackInfo;)V won't be passed a CallbackInfo as a result
[17:14:19] [Render thread/DEBUG] (FabricLoader/Mixin) fabric-screen-api-v1.mixins.json:MinecraftClientMixin from mod fabric-screen-api-v1->@Inject::afterScreenTick(Lorg/spongepowered/asm/mixin/injection/callback/CallbackInfo;)V doesn't use it's CallbackInfo
[17:14:19] [Render thread/DEBUG] (FabricLoader/Mixin) fabric-screen-api-v1.mixins.json:MinecraftClientMixin from mod fabric-screen-api-v1->@Inject::afterScreenTick(Lorg/spongepowered/asm/mixin/injection/callback/CallbackInfo;)V has 0 override(s) in child classes
[17:14:19] [Render thread/DEBUG] (FabricLoader/Mixin) fabric-screen-api-v1.mixins.json:MinecraftClientMixin from mod fabric-screen-api-v1->@Inject::afterScreenTick(Lorg/spongepowered/asm/mixin/injection/callback/CallbackInfo;)V won't be passed a CallbackInfo as a result
[17:14:19] [Render thread/DEBUG] (FabricLoader/Mixin) fabric-screen-api-v1.mixins.json:MinecraftClientMixin from mod fabric-screen-api-v1->@Inject::beforeLoadingScreenTick(Lorg/spongepowered/asm/mixin/injection/callback/CallbackInfo;)V doesn't use it's CallbackInfo
[17:14:19] [Render thread/DEBUG] (FabricLoader/Mixin) fabric-screen-api-v1.mixins.json:MinecraftClientMixin from mod fabric-screen-api-v1->@Inject::beforeLoadingScreenTick(Lorg/spongepowered/asm/mixin/injection/callback/CallbackInfo;)V has 0 override(s) in child classes
[17:14:19] [Render thread/DEBUG] (FabricLoader/Mixin) fabric-screen-api-v1.mixins.json:MinecraftClientMixin from mod fabric-screen-api-v1->@Inject::beforeLoadingScreenTick(Lorg/spongepowered/asm/mixin/injection/callback/CallbackInfo;)V won't be passed a CallbackInfo as a result
[17:14:19] [Render thread/DEBUG] (FabricLoader/Mixin) fabric-screen-api-v1.mixins.json:MinecraftClientMixin from mod fabric-screen-api-v1->@Inject::afterLoadingScreenTick(Lorg/spongepowered/asm/mixin/injection/callback/CallbackInfo;)V doesn't use it's CallbackInfo
[17:14:19] [Render thread/DEBUG] (FabricLoader/Mixin) fabric-screen-api-v1.mixins.json:MinecraftClientMixin from mod fabric-screen-api-v1->@Inject::afterLoadingScreenTick(Lorg/spongepowered/asm/mixin/injection/callback/CallbackInfo;)V has 0 override(s) in child classes
[17:14:19] [Render thread/DEBUG] (FabricLoader/Mixin) fabric-screen-api-v1.mixins.json:MinecraftClientMixin from mod fabric-screen-api-v1->@Inject::afterLoadingScreenTick(Lorg/spongepowered/asm/mixin/injection/callback/CallbackInfo;)V won't be passed a CallbackInfo as a result
[17:14:19] [Render thread/DEBUG] (FabricLoader/Mixin) architectury.mixins.json:client.MixinMinecraft from mod architectury->@Inject::handleLogin(Lnet/minecraft/client/gui/screens/Screen;ZLorg/spongepowered/asm/mixin/injection/callback/CallbackInfo;)V doesn't use it's CallbackInfo
[17:14:19] [Render thread/DEBUG] (FabricLoader/Mixin) architectury.mixins.json:client.MixinMinecraft from mod architectury->@Inject::handleLogin(Lnet/minecraft/client/gui/screens/Screen;ZLorg/spongepowered/asm/mixin/injection/callback/CallbackInfo;)V has 0 override(s) in child classes
[17:14:19] [Render thread/DEBUG] (FabricLoader/Mixin) architectury.mixins.json:client.MixinMinecraft from mod architectury->@Inject::handleLogin(Lnet/minecraft/client/gui/screens/Screen;ZLorg/spongepowered/asm/mixin/injection/callback/CallbackInfo;)V won't be passed a CallbackInfo as a result
[17:14:19] [Render thread/DEBUG] (FabricLoader/Mixin) architectury.mixins.json:client.MixinMinecraft from mod architectury->@Inject::rightClickAir(Lorg/spongepowered/asm/mixin/injection/callback/CallbackInfo;[Lnet/minecraft/world/InteractionHand;IILnet/minecraft/world/InteractionHand;Lnet/minecraft/world/item/ItemStack;)V doesn't use it's CallbackInfo
[17:14:19] [Render thread/DEBUG] (FabricLoader/Mixin) architectury.mixins.json:client.MixinMinecraft from mod architectury->@Inject::rightClickAir(Lorg/spongepowered/asm/mixin/injection/callback/CallbackInfo;[Lnet/minecraft/world/InteractionHand;IILnet/minecraft/world/InteractionHand;Lnet/minecraft/world/item/ItemStack;)V has 0 override(s) in child classes
[17:14:19] [Render thread/DEBUG] (FabricLoader/Mixin) architectury.mixins.json:client.MixinMinecraft from mod architectury->@Inject::rightClickAir(Lorg/spongepowered/asm/mixin/injection/callback/CallbackInfo;[Lnet/minecraft/world/InteractionHand;IILnet/minecraft/world/InteractionHand;Lnet/minecraft/world/item/ItemStack;)V won't be passed a CallbackInfo as a result
[17:14:19] [Render thread/DEBUG] (FabricLoader/Mixin) architectury.mixins.json:client.MixinMinecraft from mod architectury->@Inject::leftClickAir(Lorg/spongepowered/asm/mixin/injection/callback/CallbackInfoReturnable;)V doesn't use it's CallbackInfoReturnable
[17:14:19] [Render thread/DEBUG] (FabricLoader/Mixin) architectury.mixins.json:client.MixinMinecraft from mod architectury->@Inject::leftClickAir(Lorg/spongepowered/asm/mixin/injection/callback/CallbackInfoReturnable;)V has 0 override(s) in child classes
[17:14:19] [Render thread/DEBUG] (FabricLoader/Mixin) architectury.mixins.json:client.MixinMinecraft from mod architectury->@Inject::leftClickAir(Lorg/spongepowered/asm/mixin/injection/callback/CallbackInfoReturnable;)V won't be passed a CallbackInfoReturnable as a result
[17:14:19] [Render thread/DEBUG] (FabricLoader/Mixin) architectury.mixins.json:client.MixinMinecraft from mod architectury->@Inject::cancelSetScreen(Lnet/minecraft/client/gui/screens/Screen;Lorg/spongepowered/asm/mixin/injection/callback/CallbackInfo;)V does use it's CallbackInfo
[17:14:19] [Render thread/DEBUG] (FabricLoader/Mixin) fabric-lifecycle-events-v1.client.mixins.json:MinecraftClientMixin from mod fabric-lifecycle-events-v1->@Inject::onStartTick(Lorg/spongepowered/asm/mixin/injection/callback/CallbackInfo;)V doesn't use it's CallbackInfo
[17:14:19] [Render thread/DEBUG] (FabricLoader/Mixin) fabric-lifecycle-events-v1.client.mixins.json:MinecraftClientMixin from mod fabric-lifecycle-events-v1->@Inject::onStartTick(Lorg/spongepowered/asm/mixin/injection/callback/CallbackInfo;)V has 0 override(s) in child classes
[17:14:19] [Render thread/DEBUG] (FabricLoader/Mixin) fabric-lifecycle-events-v1.client.mixins.json:MinecraftClientMixin from mod fabric-lifecycle-events-v1->@Inject::onStartTick(Lorg/spongepowered/asm/mixin/injection/callback/CallbackInfo;)V won't be passed a CallbackInfo as a result
[17:14:19] [Render thread/DEBUG] (FabricLoader/Mixin) fabric-lifecycle-events-v1.client.mixins.json:MinecraftClientMixin from mod fabric-lifecycle-events-v1->@Inject::onEndTick(Lorg/spongepowered/asm/mixin/injection/callback/CallbackInfo;)V doesn't use it's CallbackInfo
[17:14:19] [Render thread/DEBUG] (FabricLoader/Mixin) fabric-lifecycle-events-v1.client.mixins.json:MinecraftClientMixin from mod fabric-lifecycle-events-v1->@Inject::onEndTick(Lorg/spongepowered/asm/mixin/injection/callback/CallbackInfo;)V has 0 override(s) in child classes
[17:14:19] [Render thread/DEBUG] (FabricLoader/Mixin) fabric-lifecycle-events-v1.client.mixins.json:MinecraftClientMixin from mod fabric-lifecycle-events-v1->@Inject::onEndTick(Lorg/spongepowered/asm/mixin/injection/callback/CallbackInfo;)V won't be passed a CallbackInfo as a result
[17:14:19] [Render thread/DEBUG] (FabricLoader/Mixin) fabric-lifecycle-events-v1.client.mixins.json:MinecraftClientMixin from mod fabric-lifecycle-events-v1->@Inject::onStopping(Lorg/spongepowered/asm/mixin/injection/callback/CallbackInfo;)V doesn't use it's CallbackInfo
[17:14:19] [Render thread/DEBUG] (FabricLoader/Mixin) fabric-lifecycle-events-v1.client.mixins.json:MinecraftClientMixin from mod fabric-lifecycle-events-v1->@Inject::onStopping(Lorg/spongepowered/asm/mixin/injection/callback/CallbackInfo;)V has 0 override(s) in child classes
[17:14:19] [Render thread/DEBUG] (FabricLoader/Mixin) fabric-lifecycle-events-v1.client.mixins.json:MinecraftClientMixin from mod fabric-lifecycle-events-v1->@Inject::onStopping(Lorg/spongepowered/asm/mixin/injection/callback/CallbackInfo;)V won't be passed a CallbackInfo as a result
[17:14:19] [Render thread/DEBUG] (FabricLoader/Mixin) fabric-lifecycle-events-v1.client.mixins.json:MinecraftClientMixin from mod fabric-lifecycle-events-v1->@Inject::onStart(Lorg/spongepowered/asm/mixin/injection/callback/CallbackInfo;)V doesn't use it's CallbackInfo
[17:14:19] [Render thread/DEBUG] (FabricLoader/Mixin) fabric-lifecycle-events-v1.client.mixins.json:MinecraftClientMixin from mod fabric-lifecycle-events-v1->@Inject::onStart(Lorg/spongepowered/asm/mixin/injection/callback/CallbackInfo;)V has 0 override(s) in child classes
[17:14:19] [Render thread/DEBUG] (FabricLoader/Mixin) fabric-lifecycle-events-v1.client.mixins.json:MinecraftClientMixin from mod fabric-lifecycle-events-v1->@Inject::onStart(Lorg/spongepowered/asm/mixin/injection/callback/CallbackInfo;)V won't be passed a CallbackInfo as a result
[17:14:19] [Render thread/DEBUG] (FabricLoader/Mixin) fabric-lifecycle-events-v1.client.mixins.json:MinecraftClientMixin from mod fabric-lifecycle-events-v1->@Inject::afterClientWorldChange(Lnet/minecraft/client/multiplayer/ClientLevel;Lorg/spongepowered/asm/mixin/injection/callback/CallbackInfo;)V doesn't use it's CallbackInfo
[17:14:19] [Render thread/DEBUG] (FabricLoader/Mixin) fabric-lifecycle-events-v1.client.mixins.json:MinecraftClientMixin from mod fabric-lifecycle-events-v1->@Inject::afterClientWorldChange(Lnet/minecraft/client/multiplayer/ClientLevel;Lorg/spongepowered/asm/mixin/injection/callback/CallbackInfo;)V has 0 override(s) in child classes
[17:14:19] [Render thread/DEBUG] (FabricLoader/Mixin) fabric-lifecycle-events-v1.client.mixins.json:MinecraftClientMixin from mod fabric-lifecycle-events-v1->@Inject::afterClientWorldChange(Lnet/minecraft/client/multiplayer/ClientLevel;Lorg/spongepowered/asm/mixin/injection/callback/CallbackInfo;)V won't be passed a CallbackInfo as a result
[17:14:19] [Render thread/DEBUG] (FabricLoader/Mixin) fabric-data-generation-api-v1.client.mixins.json:MinecraftClientMixin from mod fabric-data-generation-api-v1->@Inject::main(Lorg/spongepowered/asm/mixin/injection/callback/CallbackInfo;)V doesn't use it's CallbackInfo
[17:14:19] [Render thread/DEBUG] (FabricLoader/Mixin) fabric-data-generation-api-v1.client.mixins.json:MinecraftClientMixin from mod fabric-data-generation-api-v1->@Inject::main(Lorg/spongepowered/asm/mixin/injection/callback/CallbackInfo;)V has 0 override(s) in child classes
[17:14:19] [Render thread/DEBUG] (FabricLoader/Mixin) fabric-data-generation-api-v1.client.mixins.json:MinecraftClientMixin from mod fabric-data-generation-api-v1->@Inject::main(Lorg/spongepowered/asm/mixin/injection/callback/CallbackInfo;)V won't be passed a CallbackInfo as a result
[17:14:19] [Render thread/DEBUG] (FabricLoader/Mixin) fabric-events-interaction-v0.client.mixins.json:MinecraftClientMixin from mod fabric-events-interaction-v0->@Inject::injectUseEntityCallback(Lorg/spongepowered/asm/mixin/injection/callback/CallbackInfo;)V does use it's CallbackInfo
[17:14:19] [Render thread/DEBUG] (FabricLoader/Mixin) fabric-events-interaction-v0.client.mixins.json:MinecraftClientMixin from mod fabric-events-interaction-v0->@Inject::injectHandleInputEventsForPreAttackCallback(Lorg/spongepowered/asm/mixin/injection/callback/CallbackInfo;)V doesn't use it's CallbackInfo
[17:14:19] [Render thread/DEBUG] (FabricLoader/Mixin) fabric-events-interaction-v0.client.mixins.json:MinecraftClientMixin from mod fabric-events-interaction-v0->@Inject::injectHandleInputEventsForPreAttackCallback(Lorg/spongepowered/asm/mixin/injection/callback/CallbackInfo;)V has 0 override(s) in child classes
[17:14:19] [Render thread/DEBUG] (FabricLoader/Mixin) fabric-events-interaction-v0.client.mixins.json:MinecraftClientMixin from mod fabric-events-interaction-v0->@Inject::injectHandleInputEventsForPreAttackCallback(Lorg/spongepowered/asm/mixin/injection/callback/CallbackInfo;)V won't be passed a CallbackInfo as a result
[17:14:19] [Render thread/DEBUG] (FabricLoader/Mixin) fabric-events-interaction-v0.client.mixins.json:MinecraftClientMixin from mod fabric-events-interaction-v0->@Inject::injectDoAttackForCancelling(Lorg/spongepowered/asm/mixin/injection/callback/CallbackInfoReturnable;)V does use it's CallbackInfoReturnable
[17:14:19] [Render thread/DEBUG] (FabricLoader/Mixin) fabric-events-interaction-v0.client.mixins.json:MinecraftClientMixin from mod fabric-events-interaction-v0->@Inject::injectHandleBlockBreakingForCancelling(ZLorg/spongepowered/asm/mixin/injection/callback/CallbackInfo;)V does use it's CallbackInfo
[17:14:19] [Render thread/DEBUG] (FabricLoader/Mixin) fabric-registry-sync-v0.client.mixins.json:MinecraftClientMixin from mod fabric-registry-sync-v0->@Inject::disconnectAfter(Lnet/minecraft/client/gui/screens/Screen;ZLorg/spongepowered/asm/mixin/injection/callback/CallbackInfo;)V doesn't use it's CallbackInfo
[17:14:19] [Render thread/DEBUG] (FabricLoader/Mixin) fabric-registry-sync-v0.client.mixins.json:MinecraftClientMixin from mod fabric-registry-sync-v0->@Inject::disconnectAfter(Lnet/minecraft/client/gui/screens/Screen;ZLorg/spongepowered/asm/mixin/injection/callback/CallbackInfo;)V has 0 override(s) in child classes
[17:14:19] [Render thread/DEBUG] (FabricLoader/Mixin) fabric-registry-sync-v0.client.mixins.json:MinecraftClientMixin from mod fabric-registry-sync-v0->@Inject::disconnectAfter(Lnet/minecraft/client/gui/screens/Screen;ZLorg/spongepowered/asm/mixin/injection/callback/CallbackInfo;)V won't be passed a CallbackInfo as a result
[17:14:19] [Render thread/DEBUG] (FabricLoader/Mixin) fabric-registry-sync-v0.client.mixins.json:MinecraftClientMixin from mod fabric-registry-sync-v0->@Inject::afterModInit(Lorg/spongepowered/asm/mixin/injection/callback/CallbackInfo;)V doesn't use it's CallbackInfo
[17:14:19] [Render thread/DEBUG] (FabricLoader/Mixin) fabric-registry-sync-v0.client.mixins.json:MinecraftClientMixin from mod fabric-registry-sync-v0->@Inject::afterModInit(Lorg/spongepowered/asm/mixin/injection/callback/CallbackInfo;)V has 0 override(s) in child classes
[17:14:19] [Render thread/DEBUG] (FabricLoader/Mixin) fabric-registry-sync-v0.client.mixins.json:MinecraftClientMixin from mod fabric-registry-sync-v0->@Inject::afterModInit(Lorg/spongepowered/asm/mixin/injection/callback/CallbackInfo;)V won't be passed a CallbackInfo as a result
[17:14:19] [Render thread/DEBUG] (FabricLoader/Mixin) Mixing MixinTitleScreen from mixins.modmenu.json into net.minecraft.client.gui.screens.TitleScreen
[17:14:19] [Render thread/DEBUG] (FabricLoader/Mixin) Mixing MixinGameMenu from mixins.modmenu.json into net.minecraft.client.gui.screens.PauseScreen
[17:14:19] [Render thread/DEBUG] (FabricLoader/Mixin) Renaming @Accessor method getCUSTOM_OPTIONS_TOOLTIP()Lnet/minecraft/client/gui/components/Tooltip; to getCUSTOM_OPTIONS_TOOLTIP$modmenu_$md$7d776e$0 in mixins.modmenu.json:MixinGameMenu from mod modmenu
[17:14:19] [Render thread/DEBUG] (FabricLoader/Mixin) Renaming synthetic method lambda$onInitWidgets$2(Lnet/minecraft/client/gui/components/Button;)V to md7d776e$modmenu$lambda$onInitWidgets$2$1 in mixins.modmenu.json:MixinGameMenu from mod modmenu
[17:14:19] [Render thread/DEBUG] (FabricLoader/Mixin) Renaming synthetic method lambda$onInitWidgets$1(Lnet/minecraft/client/gui/layouts/LayoutElement;)V to md7d776e$modmenu$lambda$onInitWidgets$1$2 in mixins.modmenu.json:MixinGameMenu from mod modmenu
[17:14:19] [Render thread/DEBUG] (FabricLoader/Mixin) Renaming synthetic method lambda$onInitWidgets$0(Lnet/minecraft/client/gui/layouts/LayoutElement;)Z to md7d776e$modmenu$lambda$onInitWidgets$0$3 in mixins.modmenu.json:MixinGameMenu from mod modmenu
[17:14:19] [Render thread/DEBUG] (FabricLoader/Mixin) mixins.modmenu.json:MixinGameMenu from mod modmenu->@Inject::onInitWidgets(Lorg/spongepowered/asm/mixin/injection/callback/CallbackInfo;Lnet/minecraft/client/gui/layouts/GridLayout;)V doesn't use it's CallbackInfo
[17:14:19] [Render thread/DEBUG] (FabricLoader/Mixin) mixins.modmenu.json:MixinGameMenu from mod modmenu->@Inject::onInitWidgets(Lorg/spongepowered/asm/mixin/injection/callback/CallbackInfo;Lnet/minecraft/client/gui/layouts/GridLayout;)V has 0 override(s) in child classes
[17:14:19] [Render thread/DEBUG] (FabricLoader/Mixin) mixins.modmenu.json:MixinGameMenu from mod modmenu->@Inject::onInitWidgets(Lorg/spongepowered/asm/mixin/injection/callback/CallbackInfo;Lnet/minecraft/client/gui/layouts/GridLayout;)V won't be passed a CallbackInfo as a result
[17:14:19] [Render thread/DEBUG] (FabricLoader/Mixin) Mixing HandledScreenMixin from fabric-screen-api-v1.mixins.json into net.minecraft.client.gui.screens.inventory.AbstractContainerScreen
[17:14:19] [Render thread/DEBUG] (FabricLoader/Mixin) Mixing client.MixinAbstractContainerScreen from architectury.mixins.json into net.minecraft.client.gui.screens.inventory.AbstractContainerScreen
[17:14:19] [Render thread/DEBUG] (FabricLoader/Mixin) architectury.mixins.json:client.MixinAbstractContainerScreen from mod architectury: Class version 65 required is higher than the class version supported by the current version of Mixin (JAVA_16 supports class version 60)
[17:14:19] [Render thread/DEBUG] (FabricLoader/Mixin) fabric-screen-api-v1.mixins.json:HandledScreenMixin from mod fabric-screen-api-v1->@Inject::callSuperMouseReleased(Lnet/minecraft/client/input/MouseButtonEvent;Lorg/spongepowered/asm/mixin/injection/callback/CallbackInfoReturnable;)V does use it's CallbackInfoReturnable
[17:14:19] [Render thread/DEBUG] (FabricLoader/Mixin) fabric-screen-api-v1.mixins.json:HandledScreenMixin from mod fabric-screen-api-v1->@Inject::callSuperMouseReleased(Lnet/minecraft/client/input/MouseButtonEvent;DDLorg/spongepowered/asm/mixin/injection/callback/CallbackInfoReturnable;)V does use it's CallbackInfoReturnable
[17:14:19] [Render thread/DEBUG] (FabricLoader/Mixin) architectury.mixins.json:client.MixinAbstractContainerScreen from mod architectury->@Inject::renderBackground(Lnet/minecraft/client/gui/GuiGraphics;IIFLorg/spongepowered/asm/mixin/injection/callback/CallbackInfo;)V doesn't use it's CallbackInfo
[17:14:19] [Render thread/DEBUG] (FabricLoader/Mixin) architectury.mixins.json:client.MixinAbstractContainerScreen from mod architectury->@Inject::renderBackground(Lnet/minecraft/client/gui/GuiGraphics;IIFLorg/spongepowered/asm/mixin/injection/callback/CallbackInfo;)V has 0 override(s) in child classes
[17:14:19] [Render thread/DEBUG] (FabricLoader/Mixin) architectury.mixins.json:client.MixinAbstractContainerScreen from mod architectury->@Inject::renderBackground(Lnet/minecraft/client/gui/GuiGraphics;IIFLorg/spongepowered/asm/mixin/injection/callback/CallbackInfo;)V won't be passed a CallbackInfo as a result
[17:14:19] [Render thread/DEBUG] (FabricLoader/Mixin) architectury.mixins.json:client.MixinAbstractContainerScreen from mod architectury->@Inject::renderForeground(Lnet/minecraft/client/gui/GuiGraphics;IIFLorg/spongepowered/asm/mixin/injection/callback/CallbackInfo;)V doesn't use it's CallbackInfo
[17:14:19] [Render thread/DEBUG] (FabricLoader/Mixin) architectury.mixins.json:client.MixinAbstractContainerScreen from mod architectury->@Inject::renderForeground(Lnet/minecraft/client/gui/GuiGraphics;IIFLorg/spongepowered/asm/mixin/injection/callback/CallbackInfo;)V has 0 override(s) in child classes
[17:14:19] [Render thread/DEBUG] (FabricLoader/Mixin) architectury.mixins.json:client.MixinAbstractContainerScreen from mod architectury->@Inject::renderForeground(Lnet/minecraft/client/gui/GuiGraphics;IIFLorg/spongepowered/asm/mixin/injection/callback/CallbackInfo;)V won't be passed a CallbackInfo as a result
[17:14:19] [Render thread/DEBUG] (FabricLoader/Mixin) Mixing KeyedClientResourceReloadListenerMixin from fabric-resource-loader-v1.client.mixins.json into net.minecraft.client.PeriodicNotificationManager
[17:14:19] [Render thread/DEBUG] (FabricLoader/Mixin) Mixing VanillaResourcePackProviderMixin from fabric-resource-loader-v0.client.mixins.json into net.minecraft.server.packs.repository.BuiltInPackSource
[17:14:19] [Render thread/DEBUG] (FabricLoader/Mixin) fabric-resource-loader-v0.client.mixins.json:VanillaResourcePackProviderMixin from mod fabric-resource-loader-v0->@Inject::addBuiltinResourcePacks(Ljava/util/function/Consumer;Lorg/spongepowered/asm/mixin/injection/callback/CallbackInfo;)V doesn't use it's CallbackInfo
[17:14:19] [Render thread/DEBUG] (FabricLoader/Mixin) fabric-resource-loader-v0.client.mixins.json:VanillaResourcePackProviderMixin from mod fabric-resource-loader-v0->@Inject::addBuiltinResourcePacks(Ljava/util/function/Consumer;Lorg/spongepowered/asm/mixin/injection/callback/CallbackInfo;)V has 0 override(s) in child classes
[17:14:19] [Render thread/DEBUG] (FabricLoader/Mixin) fabric-resource-loader-v0.client.mixins.json:VanillaResourcePackProviderMixin from mod fabric-resource-loader-v0->@Inject::addBuiltinResourcePacks(Ljava/util/function/Consumer;Lorg/spongepowered/asm/mixin/injection/callback/CallbackInfo;)V won't be passed a CallbackInfo as a result
[17:14:19] [Render thread/DEBUG] (FabricLoader/Mixin) Mixing ResourcePackManagerMixin from fabric-resource-loader-v0.mixins.json into net.minecraft.server.packs.repository.PackRepository
[17:14:19] [Render thread/DEBUG] (FabricLoader/Mixin) Renaming synthetic method lambda$handleAutoDisable$0(Ljava/util/Set;Lnet/minecraft/server/packs/repository/Pack;)Z to md7d776e$fabric-resource-loader-v0$lambda$handleAutoDisable$0$0 in fabric-resource-loader-v0.mixins.json:ResourcePackManagerMixin from mod fabric-resource-loader-v0
[17:14:19] [Render thread/DEBUG] (FabricLoader/Mixin) fabric-resource-loader-v0.mixins.json:ResourcePackManagerMixin from mod fabric-resource-loader-v0->@Inject::construct([Lnet/minecraft/server/packs/repository/RepositorySource;Lorg/spongepowered/asm/mixin/injection/callback/CallbackInfo;)V doesn't use it's CallbackInfo
[17:14:19] [Render thread/DEBUG] (FabricLoader/Mixin) fabric-resource-loader-v0.mixins.json:ResourcePackManagerMixin from mod fabric-resource-loader-v0->@Inject::construct([Lnet/minecraft/server/packs/repository/RepositorySource;Lorg/spongepowered/asm/mixin/injection/callback/CallbackInfo;)V has 0 override(s) in child classes
[17:14:19] [Render thread/DEBUG] (FabricLoader/Mixin) fabric-resource-loader-v0.mixins.json:ResourcePackManagerMixin from mod fabric-resource-loader-v0->@Inject::construct([Lnet/minecraft/server/packs/repository/RepositorySource;Lorg/spongepowered/asm/mixin/injection/callback/CallbackInfo;)V won't be passed a CallbackInfo as a result
[17:14:19] [Render thread/DEBUG] (FabricLoader/Mixin) fabric-resource-loader-v0.mixins.json:ResourcePackManagerMixin from mod fabric-resource-loader-v0->@Inject::handleAutoEnableDisable(Ljava/util/Collection;Lorg/spongepowered/asm/mixin/injection/callback/CallbackInfoReturnable;)V doesn't use it's CallbackInfoReturnable
[17:14:19] [Render thread/DEBUG] (FabricLoader/Mixin) fabric-resource-loader-v0.mixins.json:ResourcePackManagerMixin from mod fabric-resource-loader-v0->@Inject::handleAutoEnableDisable(Ljava/util/Collection;Lorg/spongepowered/asm/mixin/injection/callback/CallbackInfoReturnable;)V has 0 override(s) in child classes
[17:14:19] [Render thread/DEBUG] (FabricLoader/Mixin) fabric-resource-loader-v0.mixins.json:ResourcePackManagerMixin from mod fabric-resource-loader-v0->@Inject::handleAutoEnableDisable(Ljava/util/Collection;Lorg/spongepowered/asm/mixin/injection/callback/CallbackInfoReturnable;)V won't be passed a CallbackInfoReturnable as a result
[17:14:19] [Render thread/DEBUG] (FabricLoader/Mixin) fabric-resource-loader-v0.mixins.json:ResourcePackManagerMixin from mod fabric-resource-loader-v0->@Inject::handleAutoEnable(Ljava/lang/String;Lorg/spongepowered/asm/mixin/injection/callback/CallbackInfoReturnable;)V doesn't use it's CallbackInfoReturnable
[17:14:19] [Render thread/DEBUG] (FabricLoader/Mixin) fabric-resource-loader-v0.mixins.json:ResourcePackManagerMixin from mod fabric-resource-loader-v0->@Inject::handleAutoEnable(Ljava/lang/String;Lorg/spongepowered/asm/mixin/injection/callback/CallbackInfoReturnable;)V has 0 override(s) in child classes
[17:14:19] [Render thread/DEBUG] (FabricLoader/Mixin) fabric-resource-loader-v0.mixins.json:ResourcePackManagerMixin from mod fabric-resource-loader-v0->@Inject::handleAutoEnable(Ljava/lang/String;Lorg/spongepowered/asm/mixin/injection/callback/CallbackInfoReturnable;)V won't be passed a CallbackInfoReturnable as a result
[17:14:19] [Render thread/DEBUG] (FabricLoader/Mixin) fabric-resource-loader-v0.mixins.json:ResourcePackManagerMixin from mod fabric-resource-loader-v0->@Inject::handleAutoDisable(Ljava/lang/String;Lorg/spongepowered/asm/mixin/injection/callback/CallbackInfoReturnable;)V doesn't use it's CallbackInfoReturnable
[17:14:19] [Render thread/DEBUG] (FabricLoader/Mixin) fabric-resource-loader-v0.mixins.json:ResourcePackManagerMixin from mod fabric-resource-loader-v0->@Inject::handleAutoDisable(Ljava/lang/String;Lorg/spongepowered/asm/mixin/injection/callback/CallbackInfoReturnable;)V has 0 override(s) in child classes
[17:14:19] [Render thread/DEBUG] (FabricLoader/Mixin) fabric-resource-loader-v0.mixins.json:ResourcePackManagerMixin from mod fabric-resource-loader-v0->@Inject::handleAutoDisable(Ljava/lang/String;Lorg/spongepowered/asm/mixin/injection/callback/CallbackInfoReturnable;)V won't be passed a CallbackInfoReturnable as a result
[17:14:19] [Render thread/INFO] (com.mojang.authlib.yggdrasil.YggdrasilAuthenticationService) Environment: Environment[sessionHost=https://sessionserver.mojang.com, servicesHost=https://api.minecraftservices.com, profilesHost=https://api.mojang.com, name=PROD]
[17:14:19] [Yggdrasil Key Fetcher/DEBUG] (com.mojang.authlib.minecraft.client.MinecraftClient) Connecting to https://api.minecraftservices.com/publickeys
[17:14:19] [Download-1/DEBUG] (com.mojang.authlib.minecraft.client.MinecraftClient) Connecting to https://sessionserver.mojang.com/session/minecraft/profile/bbd9945584013d8f835438be4a4ffba2?unsigned=false
[17:14:19] [Render thread/INFO] (net.minecraft.client.Minecraft) Setting user: Player326
[17:14:19] [Download-2/DEBUG] (com.mojang.authlib.minecraft.client.MinecraftClient) Connecting to https://api.minecraftservices.com/player/attributes
[17:14:19] [Render thread/DEBUG] (FabricLoader/Entrypoint) Iterating over entrypoint 'main'
[17:14:19] [Render thread/DEBUG] (FabricLoader/Mixin) Mixing ResourceFinderAccessor from fabric-resource-conditions-api-v1.mixins.json into net.minecraft.resources.FileToIdConverter
[17:14:19] [Render thread/DEBUG] (FabricLoader/Mixin) Mixing ResourceFinderAccessor from fabric-loot-api-v3.mixins.json into net.minecraft.resources.FileToIdConverter
[17:14:19] [Render thread/DEBUG] (FabricLoader/Mixin) Unexpected: Registered method getDirectoryName()Ljava/lang/String; in net.minecraft.resources.FileToIdConverter was not merged
[17:14:19] [Render thread/DEBUG] (FabricLoader/Mixin) Mixing ServerConfigurationNetworkHandlerMixin from fabric-networking-api-v1.mixins.json into net.minecraft.server.network.ServerConfigurationPacketListenerImpl
[17:14:19] [Render thread/DEBUG] (FabricLoader/Mixin) Renaming synthetic method lambda$bindChannelInfo$0(Lnet/minecraft/network/RegistryFriendlyByteBuf;)Lnet/minecraft/network/RegistryFriendlyByteBuf; to md7d776e$fabric-networking-api-v1$lambda$bindChannelInfo$0$0 in fabric-networking-api-v1.mixins.json:ServerConfigurationNetworkHandlerMixin from mod fabric-networking-api-v1
[17:14:19] [Render thread/DEBUG] (FabricLoader/Mixin) Mixing ServerConfigurationNetworkHandlerMixin from fabric-resource-loader-v0.mixins.json into net.minecraft.server.network.ServerConfigurationPacketListenerImpl
[17:14:19] [Render thread/DEBUG] (FabricLoader/Mixin) fabric-networking-api-v1.mixins.json:ServerConfigurationNetworkHandlerMixin from mod fabric-networking-api-v1->@Inject::initAddon(Lorg/spongepowered/asm/mixin/injection/callback/CallbackInfo;)V doesn't use it's CallbackInfo
[17:14:19] [Render thread/DEBUG] (FabricLoader/Mixin) fabric-networking-api-v1.mixins.json:ServerConfigurationNetworkHandlerMixin from mod fabric-networking-api-v1->@Inject::initAddon(Lorg/spongepowered/asm/mixin/injection/callback/CallbackInfo;)V has 0 override(s) in child classes
[17:14:19] [Render thread/DEBUG] (FabricLoader/Mixin) fabric-networking-api-v1.mixins.json:ServerConfigurationNetworkHandlerMixin from mod fabric-networking-api-v1->@Inject::initAddon(Lorg/spongepowered/asm/mixin/injection/callback/CallbackInfo;)V won't be passed a CallbackInfo as a result
[17:14:19] [Render thread/DEBUG] (FabricLoader/Mixin) fabric-networking-api-v1.mixins.json:ServerConfigurationNetworkHandlerMixin from mod fabric-networking-api-v1->@Inject::onClientReady(Lorg/spongepowered/asm/mixin/injection/callback/CallbackInfo;)V does use it's CallbackInfo
[17:14:19] [Render thread/DEBUG] (FabricLoader/Mixin) Mixing sync.ServerCommonNetworkHandlerAccessor from fabric-recipe-api-v1.mixins.json into net.minecraft.server.network.ServerCommonPacketListenerImpl
[17:14:19] [Render thread/DEBUG] (FabricLoader/Mixin) Mixing ServerCommonNetworkHandlerMixin from fabric-networking-api-v1.mixins.json into net.minecraft.server.network.ServerCommonPacketListenerImpl
[17:14:19] [Render thread/DEBUG] (FabricLoader/Mixin) Mixing accessor.ServerCommonNetworkHandlerAccessor from fabric-networking-api-v1.mixins.json into net.minecraft.server.network.ServerCommonPacketListenerImpl
[17:14:19] [Render thread/DEBUG] (FabricLoader/Mixin) fabric-networking-api-v1.mixins.json:ServerCommonNetworkHandlerMixin from mod fabric-networking-api-v1->@Inject::handleCustomPayloadReceivedAsync(Lnet/minecraft/network/protocol/common/ServerboundCustomPayloadPacket;Lorg/spongepowered/asm/mixin/injection/callback/CallbackInfo;)V does use it's CallbackInfo
[17:14:19] [Render thread/DEBUG] (FabricLoader/Mixin) fabric-networking-api-v1.mixins.json:ServerCommonNetworkHandlerMixin from mod fabric-networking-api-v1->@Inject::onPlayPong(Lnet/minecraft/network/protocol/common/ServerboundPongPacket;Lorg/spongepowered/asm/mixin/injection/callback/CallbackInfo;)V doesn't use it's CallbackInfo
[17:14:19] [Render thread/DEBUG] (FabricLoader/Mixin) fabric-networking-api-v1.mixins.json:ServerCommonNetworkHandlerMixin from mod fabric-networking-api-v1->@Inject::onPlayPong(Lnet/minecraft/network/protocol/common/ServerboundPongPacket;Lorg/spongepowered/asm/mixin/injection/callback/CallbackInfo;)V has 0 override(s) in child classes
[17:14:19] [Render thread/DEBUG] (FabricLoader/Mixin) fabric-networking-api-v1.mixins.json:ServerCommonNetworkHandlerMixin from mod fabric-networking-api-v1->@Inject::onPlayPong(Lnet/minecraft/network/protocol/common/ServerboundPongPacket;Lorg/spongepowered/asm/mixin/injection/callback/CallbackInfo;)V won't be passed a CallbackInfo as a result
[17:14:19] [Render thread/DEBUG] (FabricLoader/Mixin) Unexpected: Registered method getConnection()Lnet/minecraft/network/Connection; in net.minecraft.server.network.ServerCommonPacketListenerImpl was not merged
[17:14:19] [Render thread/DEBUG] (io.netty.util.internal.InternalThreadLocalMap) -Dio.netty.threadLocalMap.stringBuilder.initialSize: 1024
[17:14:19] [Render thread/DEBUG] (io.netty.util.internal.InternalThreadLocalMap) -Dio.netty.threadLocalMap.stringBuilder.maxSize: 4096
[17:14:19] [Render thread/DEBUG] (io.netty.util.internal.PlatformDependent0) -Dio.netty.noUnsafe: false
[17:14:19] [Render thread/DEBUG] (io.netty.util.internal.PlatformDependent0) Java version: 23
[17:14:19] [Render thread/DEBUG] (io.netty.util.internal.PlatformDependent0) sun.misc.Unsafe.theUnsafe: available
[17:14:19] [Render thread/DEBUG] (io.netty.util.internal.PlatformDependent0) sun.misc.Unsafe base methods: all available
[17:14:19] [Render thread/DEBUG] (io.netty.util.internal.PlatformDependent0) sun.misc.Unsafe.storeFence: available
[17:14:19] [Render thread/DEBUG] (io.netty.util.internal.PlatformDependent0) java.nio.Buffer.address: available
[17:14:19] [Render thread/DEBUG] (io.netty.util.internal.PlatformDependent0) direct buffer constructor: unavailable: Reflective setAccessible(true) disabled
[17:14:19] [Render thread/DEBUG] (io.netty.util.internal.PlatformDependent0) java.nio.Bits.unaligned: available, true
[17:14:19] [Render thread/DEBUG] (io.netty.util.internal.PlatformDependent0) jdk.internal.misc.Unsafe.allocateUninitializedArray(int): unavailable: class io.netty.util.internal.PlatformDependent0$7 cannot access class jdk.internal.misc.Unsafe (in module java.base) because module java.base does not export jdk.internal.misc to unnamed module @5a9d6f02
[17:14:19] [Render thread/DEBUG] (io.netty.util.internal.PlatformDependent0) java.nio.DirectByteBuffer.<init>(long, {int,long}): unavailable
[17:14:19] [Render thread/DEBUG] (io.netty.util.internal.PlatformDependent) sun.misc.Unsafe: available
[17:14:19] [Render thread/DEBUG] (io.netty.util.internal.PlatformDependent) -Dio.netty.tmpdir: /var/folders/b_/cxn8yk8s5pl079xlzj6txdjm0000gn/T (java.io.tmpdir)
[17:14:19] [Render thread/DEBUG] (io.netty.util.internal.PlatformDependent) -Dio.netty.bitMode: 64 (sun.arch.data.model)
[17:14:19] [Render thread/DEBUG] (io.netty.util.internal.PlatformDependent) Platform: MacOS
[17:14:19] [Render thread/DEBUG] (io.netty.util.internal.PlatformDependent) -Dio.netty.maxDirectMemory: -1 bytes
[17:14:19] [Render thread/DEBUG] (io.netty.util.internal.PlatformDependent) -Dio.netty.uninitializedArrayAllocationThreshold: -1
[17:14:19] [Render thread/DEBUG] (io.netty.util.internal.CleanerJava9) java.nio.ByteBuffer.cleaner(): available
[17:14:19] [Render thread/DEBUG] (io.netty.util.internal.PlatformDependent) -Dio.netty.noPreferDirect: false
[17:14:19] [Render thread/DEBUG] (io.netty.buffer.PooledByteBufAllocator) -Dio.netty.allocator.numHeapArenas: 20
[17:14:19] [Render thread/DEBUG] (io.netty.buffer.PooledByteBufAllocator) -Dio.netty.allocator.numDirectArenas: 20
[17:14:19] [Render thread/DEBUG] (io.netty.buffer.PooledByteBufAllocator) -Dio.netty.allocator.pageSize: 8192
[17:14:19] [Render thread/DEBUG] (io.netty.buffer.PooledByteBufAllocator) -Dio.netty.allocator.maxOrder: 9
[17:14:19] [Render thread/DEBUG] (io.netty.buffer.PooledByteBufAllocator) -Dio.netty.allocator.chunkSize: 4194304
[17:14:19] [Render thread/DEBUG] (io.netty.buffer.PooledByteBufAllocator) -Dio.netty.allocator.smallCacheSize: 256
[17:14:19] [Render thread/DEBUG] (io.netty.buffer.PooledByteBufAllocator) -Dio.netty.allocator.normalCacheSize: 64
[17:14:19] [Render thread/DEBUG] (io.netty.buffer.PooledByteBufAllocator) -Dio.netty.allocator.maxCachedBufferCapacity: 32768
[17:14:19] [Render thread/DEBUG] (io.netty.buffer.PooledByteBufAllocator) -Dio.netty.allocator.cacheTrimInterval: 8192
[17:14:19] [Render thread/DEBUG] (io.netty.buffer.PooledByteBufAllocator) -Dio.netty.allocator.cacheTrimIntervalMillis: 0
[17:14:19] [Render thread/DEBUG] (io.netty.buffer.PooledByteBufAllocator) -Dio.netty.allocator.useCacheForAllThreads: false
[17:14:19] [Render thread/DEBUG] (io.netty.buffer.PooledByteBufAllocator) -Dio.netty.allocator.maxCachedByteBuffersPerChunk: 1023
[17:14:19] [Render thread/DEBUG] (io.netty.buffer.PooledByteBufAllocator) -Dio.netty.allocator.disableCacheFinalizersForFastThreadLocalThreads: false
[17:14:19] [Render thread/DEBUG] (io.netty.buffer.ByteBufUtil) -Dio.netty.allocator.type: pooled
[17:14:19] [Render thread/DEBUG] (io.netty.buffer.ByteBufUtil) -Dio.netty.threadLocalDirectBufferSize: 0
[17:14:19] [Render thread/DEBUG] (io.netty.buffer.ByteBufUtil) -Dio.netty.maxThreadLocalCharBufferSize: 16384
[17:14:19] [Render thread/DEBUG] (FabricLoader/Mixin) Mixing VarIntsAccessor from fabric-data-attachment-api-v1.mixins.json into net.minecraft.network.VarInt
[17:14:19] [Render thread/DEBUG] (FabricLoader/Mixin) Renaming @Accessor method getMaxByteSize()I to getMaxByteSize$fabric-data-attachment-api-v1_$md$7d776e$0 in fabric-data-attachment-api-v1.mixins.json:VarIntsAccessor from mod fabric-data-attachment-api-v1
[17:14:19] [Render thread/DEBUG] (FabricLoader/Mixin) Mixing client.MixinIntegratedServer from architectury.mixins.json into net.minecraft.client.server.IntegratedServer
[17:14:19] [Render thread/DEBUG] (FabricLoader/Mixin) architectury.mixins.json:client.MixinIntegratedServer from mod architectury: Class version 65 required is higher than the class version supported by the current version of Mixin (JAVA_16 supports class version 60)
[17:14:19] [Render thread/DEBUG] (FabricLoader/Mixin) architectury.mixins.json:client.MixinIntegratedServer from mod architectury->@Inject::initServer(Lorg/spongepowered/asm/mixin/injection/callback/CallbackInfoReturnable;)V does use it's CallbackInfoReturnable
[17:14:19] [Render thread/DEBUG] (FabricLoader/Mixin) Mixing client.MixinGuiGraphics from architectury.mixins.json into net.minecraft.client.gui.GuiGraphics
[17:14:19] [Render thread/DEBUG] (FabricLoader/Mixin) architectury.mixins.json:client.MixinGuiGraphics from mod architectury: Class version 65 required is higher than the class version supported by the current version of Mixin (JAVA_16 supports class version 60)
[17:14:19] [Render thread/DEBUG] (FabricLoader/Mixin) Mixing DrawContextMixin from fabric-rendering-v1.mixins.json into net.minecraft.client.gui.GuiGraphics
[17:14:19] [Render thread/DEBUG] (FabricLoader/Mixin) architectury.mixins.json:client.MixinGuiGraphics from mod architectury->@Inject::preRenderTooltipItem(Lnet/minecraft/client/gui/Font;Lnet/minecraft/world/item/ItemStack;IILorg/spongepowered/asm/mixin/injection/callback/CallbackInfo;)V doesn't use it's CallbackInfo
[17:14:19] [Render thread/DEBUG] (FabricLoader/Mixin) architectury.mixins.json:client.MixinGuiGraphics from mod architectury->@Inject::preRenderTooltipItem(Lnet/minecraft/client/gui/Font;Lnet/minecraft/world/item/ItemStack;IILorg/spongepowered/asm/mixin/injection/callback/CallbackInfo;)V has 0 override(s) in child classes
[17:14:19] [Render thread/DEBUG] (FabricLoader/Mixin) architectury.mixins.json:client.MixinGuiGraphics from mod architectury->@Inject::preRenderTooltipItem(Lnet/minecraft/client/gui/Font;Lnet/minecraft/world/item/ItemStack;IILorg/spongepowered/asm/mixin/injection/callback/CallbackInfo;)V won't be passed a CallbackInfo as a result
[17:14:19] [Render thread/DEBUG] (FabricLoader/Mixin) architectury.mixins.json:client.MixinGuiGraphics from mod architectury->@Inject::postRenderTooltipItem(Lnet/minecraft/client/gui/Font;Ljava/util/List;IILnet/minecraft/client/gui/screens/inventory/tooltip/ClientTooltipPositioner;Lnet/minecraft/resources/ResourceLocation;Lorg/spongepowered/asm/mixin/injection/callback/CallbackInfo;)V doesn't use it's CallbackInfo
[17:14:19] [Render thread/DEBUG] (FabricLoader/Mixin) architectury.mixins.json:client.MixinGuiGraphics from mod architectury->@Inject::postRenderTooltipItem(Lnet/minecraft/client/gui/Font;Ljava/util/List;IILnet/minecraft/client/gui/screens/inventory/tooltip/ClientTooltipPositioner;Lnet/minecraft/resources/ResourceLocation;Lorg/spongepowered/asm/mixin/injection/callback/CallbackInfo;)V has 0 override(s) in child classes
[17:14:19] [Render thread/DEBUG] (FabricLoader/Mixin) architectury.mixins.json:client.MixinGuiGraphics from mod architectury->@Inject::postRenderTooltipItem(Lnet/minecraft/client/gui/Font;Ljava/util/List;IILnet/minecraft/client/gui/screens/inventory/tooltip/ClientTooltipPositioner;Lnet/minecraft/resources/ResourceLocation;Lorg/spongepowered/asm/mixin/injection/callback/CallbackInfo;)V won't be passed a CallbackInfo as a result
[17:14:19] [Render thread/DEBUG] (FabricLoader/Mixin) architectury.mixins.json:client.MixinGuiGraphics from mod architectury->@Inject::renderTooltip(Lnet/minecraft/client/gui/Font;Ljava/util/List;IILnet/minecraft/client/gui/screens/inventory/tooltip/ClientTooltipPositioner;Lnet/minecraft/resources/ResourceLocation;Lorg/spongepowered/asm/mixin/injection/callback/CallbackInfo;)V does use it's CallbackInfo
[17:14:19] [Render thread/DEBUG] (FabricLoader/Mixin) fabric-rendering-v1.mixins.json:DrawContextMixin from mod fabric-rendering-v1->@Inject::drawStackOverlay(Lnet/minecraft/client/gui/Font;Lnet/minecraft/world/item/ItemStack;IILjava/lang/String;Lorg/spongepowered/asm/mixin/injection/callback/CallbackInfo;)V doesn't use it's CallbackInfo
[17:14:19] [Render thread/DEBUG] (FabricLoader/Mixin) fabric-rendering-v1.mixins.json:DrawContextMixin from mod fabric-rendering-v1->@Inject::drawStackOverlay(Lnet/minecraft/client/gui/Font;Lnet/minecraft/world/item/ItemStack;IILjava/lang/String;Lorg/spongepowered/asm/mixin/injection/callback/CallbackInfo;)V has 0 override(s) in child classes
[17:14:19] [Render thread/DEBUG] (FabricLoader/Mixin) fabric-rendering-v1.mixins.json:DrawContextMixin from mod fabric-rendering-v1->@Inject::drawStackOverlay(Lnet/minecraft/client/gui/Font;Lnet/minecraft/world/item/ItemStack;IILjava/lang/String;Lorg/spongepowered/asm/mixin/injection/callback/CallbackInfo;)V won't be passed a CallbackInfo as a result
[17:14:19] [Render thread/DEBUG] (FabricLoader/Mixin) fabric-rendering-v1.mixins.json:DrawContextMixin from mod fabric-rendering-v1->@Inject::drawStackOverlay(Lnet/minecraft/client/gui/Font;Lnet/minecraft/world/item/ItemStack;IILjava/lang/String;Lorg/spongepowered/asm/mixin/injection/callback/CallbackInfo;)V doesn't use it's CallbackInfo
[17:14:19] [Render thread/DEBUG] (FabricLoader/Mixin) fabric-rendering-v1.mixins.json:DrawContextMixin from mod fabric-rendering-v1->@Inject::drawStackOverlay(Lnet/minecraft/client/gui/Font;Lnet/minecraft/world/item/ItemStack;IILjava/lang/String;Lorg/spongepowered/asm/mixin/injection/callback/CallbackInfo;)V has 0 override(s) in child classes
[17:14:19] [Render thread/DEBUG] (FabricLoader/Mixin) fabric-rendering-v1.mixins.json:DrawContextMixin from mod fabric-rendering-v1->@Inject::drawStackOverlay(Lnet/minecraft/client/gui/Font;Lnet/minecraft/world/item/ItemStack;IILjava/lang/String;Lorg/spongepowered/asm/mixin/injection/callback/CallbackInfo;)V won't be passed a CallbackInfo as a result
[17:14:19] [Render thread/DEBUG] (FabricLoader/Mixin) Mixing LootTableBuilderMixin from fabric-loot-api-v2.mixins.json into net.minecraft.world.level.storage.loot.LootTable$Builder
[17:14:19] [Render thread/DEBUG] (FabricLoader/Mixin) Mixing LootTableBuilderMixin from fabric-loot-api-v3.mixins.json into net.minecraft.world.level.storage.loot.LootTable$Builder
[17:14:19] [Render thread/DEBUG] (FabricLoader/Mixin) Mixing CommandSourceMixin from fabric-command-api-v2.mixins.json into net.minecraft.commands.SharedSuggestionProvider
[17:14:19] [Render thread/DEBUG] (FabricLoader/Mixin) Mixing CustomPayloadC2SPacketMixin from fabric-networking-api-v1.mixins.json into net.minecraft.network.protocol.common.ServerboundCustomPayloadPacket
[17:14:19] [Render thread/DEBUG] (FabricLoader/Mixin) Renaming synthetic method lambda$wrapCodec$0(Lnet/minecraft/network/FriendlyByteBuf;Lnet/minecraft/resources/ResourceLocation;)Lnet/minecraft/network/protocol/common/custom/CustomPacketPayload$TypeAndCodec; to md7d776e$fabric-networking-api-v1$lambda$wrapCodec$0$0 in fabric-networking-api-v1.mixins.json:CustomPayloadC2SPacketMixin from mod fabric-networking-api-v1
[17:14:19] [Render thread/DEBUG] (FabricLoader/Mixin) Mixing CustomPayloadC2SPacketAccessor from fabric-data-attachment-api-v1.mixins.json into net.minecraft.network.protocol.common.ServerboundCustomPayloadPacket
[17:14:19] [Render thread/DEBUG] (FabricLoader/Mixin) Mixing CustomPayloadPacketCodecMixin from fabric-networking-api-v1.mixins.json into net.minecraft.network.protocol.common.custom.CustomPacketPayload$1
[17:14:19] [Render thread/DEBUG] (FabricLoader/Entrypoint) Iterating over entrypoint 'client'
[17:14:19] [Render thread/INFO] (Mod Menu/Update Checker) Checking mod updates...
[17:14:19] [Worker-Main-1/DEBUG] (Mod Menu/Update Checker) Hash for fabric-renderer-api-v1 is 1ac2334f54fd5a03caf4f0260ab0174c722dd3613b3a239a1202524ce3d8260d271dfe2f2ffe90a3acd258e07ffa2256705899102f7314571811f3a593b0881d
[17:14:19] [Worker-Main-1/DEBUG] (Mod Menu/Update Checker) Hash for fabric-transfer-api-v1 is b65ece8df4254d933cc2715339fd05fb08af7092519cecc078cf3c42f71b953f409d8ddab1b3b8a41850c7ffa4055336e094aaf592566c5a29543b8983761720
[17:14:19] [Worker-Main-1/DEBUG] (Mod Menu/Update Checker) Hash for fabric-dimensions-v1 is 4b2a599bd72e1ce09c58592330fa4105e8eee703fb83ce24ca178d0309f25c7e7d48eb882c7c736970b031b50fa3c5a9465cd33261119f227841961ddf8d20a7
[17:14:19] [Worker-Main-1/DEBUG] (Mod Menu/Update Checker) Hash for fabric-object-builder-api-v1 is 5d81303d4cd7db528f6d6d5f01e3d02c17fd32e9ef14387ac9f873fe5a862dcede56557fa017d3c2ffc7a75ed180dfd644dae8de6f016707545877fe90ea3e04
[17:14:19] [Worker-Main-1/DEBUG] (Mod Menu/Update Checker) Hash for fabric-client-gametest-api-v1 is d9284cd3247afb779549aa56f82dd35bd7e493f22b60dec9a3befa2ddc3af22104f7e33bc8bc98a3b21deef0d588c005234e0895b5cd19ac2dbf92e7d970a87f
[17:14:19] [Worker-Main-1/DEBUG] (Mod Menu/Update Checker) Hash for fabric-game-rule-api-v1 is 151e3ca419d5547fd4bd8a46b1829a828db680f1b8b660b6b69d9ff13a19fb923d63b7f474e56a09efcb5d5c7c38996612b3afb8498bc3c33aa29a5d9bc0bf8a
[17:14:19] [Worker-Main-1/DEBUG] (Mod Menu/Update Checker) Hash for fabric-api-base is dd0c764ad6a1e9467f868a89598b301a91c17901a98b21c0134b75817de82ae3f26355538b716fce49c298e48263d9e247706d7abd7bd292691a11cdf2a40762
[17:14:19] [Worker-Main-1/DEBUG] (Mod Menu/Update Checker) Hash for fabric-resource-conditions-api-v1 is c08d062da1c3621f807a61b7e61fc28268a497e2531b9b85a8ceacbade36a8c47718efdf25a511487bd492a4da538822a5ffc0689e23fddc80fc58672506de02
[17:14:19] [Worker-Main-1/DEBUG] (Mod Menu/Update Checker) Hash for fabric-sound-api-v1 is e7e50aa6902d34e96ea6f36b90902e9a4f7f2e09a1bb7f615bc066cb8aff3fddc1a1fa1a8f9fd23d9a2f9ea036d858de047d143f518bd05fea5f181d7bb645a7
[17:14:19] [Worker-Main-1/DEBUG] (Mod Menu/Update Checker) Hash for fabric-model-loading-api-v1 is eaff57de0ab71fa4509b9c4dc9465237cfa11107cbff315a2da5dcb7dd23348c91cbf8cd865403065e2248932aadf64b86e477903a70cf64caada2d83a38920a
[17:14:19] [Worker-Main-1/DEBUG] (Mod Menu/Update Checker) Hash for mixinextras is 662569eac1cf6cee5e8ce56925b2cf522e6c35279094b8b518b679d59cb1f453c34b91eecdd3226cafb4b4063044b418d25ce6ffaea410c7ac2670180533c30a
[17:14:19] [Worker-Main-1/DEBUG] (Mod Menu/Update Checker) Hash for fabric-data-attachment-api-v1 is 8590745bcfa374806c5fb592484308ced3b6a5f553ca31cd57c3b89bce3bb133fabfbe96bf91d3e8b5bc8d8f116b580133aabd706c68fc5d188832a5267f6207
[17:14:19] [Worker-Main-1/DEBUG] (Mod Menu/Update Checker) Hash for tlib is e6bbb3e1bae27f536c960a4813bde283ab5f3300955cd160f1153cb2e771479154aef60bfcf62da11d71275e93553327ce540f86fe995524250d0c696edc83d7
[17:14:19] [Worker-Main-1/DEBUG] (Mod Menu/Update Checker) Hash for generated_5ad6e91 is 259332cd6af1fc0b012e09bc25fa50b432c6ca820a0f25fa16c4871239267238a1aac41014486949432d9b2380887057b3c97295c10a06ae74ed665d085485d2
[17:14:19] [Worker-Main-1/DEBUG] (Mod Menu/Update Checker) Hash for fabric-rendering-fluids-v1 is ca4acd7d8f2e43e834c5282aeb866527bc259d89f9fa6761b115fea915aabe9da4d8e737322c15a0f91250d3cfde2e3d9ab220630005a6a02f55fdb14e7458b6
[17:14:19] [Worker-Main-1/DEBUG] (Mod Menu/Update Checker) Hash for fabric-lifecycle-events-v1 is 4950b982924e364d9f5d14502651fe51160108ee2a18988f8f01378e2d3107ba649e5af77f2f1ed0fba3fc06794b988ea9651ca530e4fa314f4b0c78bd9cd9f9
[17:14:19] [Worker-Main-1/DEBUG] (Mod Menu/Update Checker) Hash for fabric-particles-v1 is 666f874070afc84768e0dc1c81d3d45957571cec7f263bda27a855966f4ed566cc259a58b2ffb03f185af09881b4b4a9ccf800dea2d944798cf7c5f3f173e349
[17:14:19] [Worker-Main-1/DEBUG] (Mod Menu/Update Checker) Hash for fabric-data-generation-api-v1 is e7f9ecb31d0b4daf83943b6c807827b049d0cc7bdc30d9ca1d24a73f6e821ea67b45cde3f7f740449f1a913762fb969677f41ade7b365bba8802a09262200fbc
[17:14:19] [Worker-Main-1/DEBUG] (Mod Menu/Update Checker) Hash for fabric-api-lookup-api-v1 is 700dc49730b6855d6f88ef6669a23980a601d6e170752c79af4c52754dd7a668f3d525c682c6fb1f0d0509c5908fd83f35e8af13185abd201258a536791286a1
[17:14:19] [Worker-Main-1/DEBUG] (Mod Menu/Update Checker) Hash for fabric-screen-handler-api-v1 is b25c3861bec839653854e71bdd05a04dd017247d1b3ee8a2c78d566e9a7b0ad7664755e0f8049d1e1c36626d810f006ac02c379bd8c0687007905fce29cb5919
[17:14:19] [Worker-Main-1/DEBUG] (Mod Menu/Update Checker) Hash for modmenu is 39f7fc3f2294404991f7e01373ae1280e98994822411c619936fa52d9c6a905053e36e3634727f8749b0655505022cbe59795259b36416270bb449dc5601f736
[17:14:19] [Worker-Main-1/DEBUG] (Mod Menu/Update Checker) Hash for fabric-command-api-v2 is 65d402f94ab339a23f22dd48987bc4cf0d4f9180fea0bc7a5b4c3370be06a07b7339eba4faea7cb96321920d213900929b296e86dfabeb601efd9c60fce5b637
[17:14:19] [Worker-Main-1/DEBUG] (Mod Menu/Update Checker) Hash for fabric-block-api-v1 is 38d4fa7bc564f8107d618b38bd9bc8ab8c4828b561dfc96ebac6dc37ce304f839b6a4b665bf477cad4c64c16bf685008d7eb77bbecd17ac19b71b993a717e60d
[17:14:19] [Worker-Main-1/DEBUG] (Mod Menu/Update Checker) Hash for cloth-basic-math is e0f689a351a5ad44757ce1ec5ba22a72b4110c8ddce47e233c963520f7b70bd4f49f3b5063f4680db79beb3c958cf4798932fff9c6d0d4ad91f0b072a2539d54
[17:14:19] [Worker-Main-1/DEBUG] (Mod Menu/Update Checker) Hash for fabric-tag-api-v1 is 762ef9fdec45f1eada121df22f10bdb162b996c2d93e6291bb9c9a49b5392c31f661ae97be2dc4f8633873329908f1313735cf2dba192fa9e12b23554ae60575
[17:14:19] [Worker-Main-1/DEBUG] (Mod Menu/Update Checker) Hash for fabric-screen-api-v1 is 0f7c559500e3b9e049678494a1950ee529d340fa4f4257030b24bd728aeef737148c3630973076659276b8287af4b94bb91ddc1233188c068e116e0579abcd38
[17:14:19] [Worker-Main-1/DEBUG] (Mod Menu/Update Checker) Hash for fabric-renderer-indigo is 5a11cfcf640c49dce428ee9e8c3b37639413593f433a53fc5f0b348fb7c5b33b6397a134bef1425042a24d0f57bf3fa18328cc0b9dbdb715a1532303515c3a1b
[17:14:19] [Worker-Main-1/DEBUG] (Mod Menu/Update Checker) Hash for fabric-api is 0f5c18e11d4163dedb7fb3ae9fbf3e4378c399dd1d8a92cc801f025781886d009c054f025203aca3d9292ff22f7b9125a31f05094d46b5db4a30787988c6b99c
[17:14:19] [Worker-Main-1/DEBUG] (Mod Menu/Update Checker) Hash for fabric-convention-tags-v2 is d5e19059f0ae5ee82e01f30d1908aacfb32dbf964a5552053c890887d94bec6d94c9d5350476a1fe73c3d9ad8973606641c9cf75685d12b547acff1b18a57d12
[17:14:19] [Worker-Main-1/DEBUG] (Mod Menu/Update Checker) Hash for fabric-events-interaction-v0 is c23fdf403009761a913e93f6df2f30c508ac3a51436e0f96a48bb227ee55fbebb7d21bf5555ac413c43a7f5ed6e607d646e4e2777ae2d427e8b30a61d9c04faa
[17:14:19] [Worker-Main-1/DEBUG] (Mod Menu/Update Checker) Hash for fabric-crash-report-info-v1 is 16c17f31e6556dd075ebe2d7585d59b37b49a68e22f478c348f994a3bfdee64da7290ab2fd4ef77e2a65001bad9bc1a7bc5387ef31b6dd850b96e3b34bf5f5c2
[17:14:19] [Worker-Main-1/DEBUG] (Mod Menu/Update Checker) Hash for fabric-item-api-v1 is 6dc5b02e8e2dc8b1affdf82fe65426f54d310f1d7b406a63e7741708701649c8a7e72edb1379b8977e66aaa403668fdf900fc163fb9269e165f441413b2863aa
[17:14:19] [Worker-Main-1/DEBUG] (Mod Menu/Update Checker) Hash for fabric-convention-tags-v1 is 4d9b0a1e1762fe6095c702f093d07fad724d816c2ddbf5d8ac882a04b8e29233e1ebd7005207782ae384b9fb80ca353794c5e7ab76b69047068c85bfe23d92be
[17:14:19] [Worker-Main-1/DEBUG] (Mod Menu/Update Checker) Hash for fabric-item-group-api-v1 is 1d7554946c266b4d3852ad5d616c054cb29edc5a9cbffa6a22e46b209e76968eaf2bc3099776d1b66d52e7a69407d38b0397e354c8a0f3633d6225ec6a15187e
[17:14:19] [Worker-Main-1/DEBUG] (Mod Menu/Update Checker) Hash for fabric-recipe-api-v1 is b5266690e420401e63b8ed03f733189048c1a66b691c561245b4a0b09a38c7a80a2dfda4cffffb24e1cd573a5539a0f32ecbea8f380541bd1dbcfe50813c4bae
[17:14:19] [Worker-Main-1/DEBUG] (Mod Menu/Update Checker) Hash for fabric-serialization-api-v1 is 1e21a2ad704bd681d857ac92753544f469effcbb22c4c5af0e8713647aa3885529c5dd835a2b37fffdfb0820be0089164129416511a0b2aac18dfe49e2a014b6
[17:14:19] [Worker-Main-1/DEBUG] (Mod Menu/Update Checker) Hash for fabric-entity-events-v1 is 86b56c7903726e82e77a5bf716901f3ef54011ad25272cc25766cf93969062f9d042a21e49ebbcb06255f3c11f4503b9e4dbe0343c18f56fd5a4dbc0142d4535
[17:14:19] [Worker-Main-1/DEBUG] (Mod Menu/Update Checker) Hash for fabric-key-binding-api-v1 is fbbc67ff12c3d8994a05a9f609e744d1934ac22b36561fdbb11e10859653fefbaa2329e6da5cd2705d7dfc04407cd14a1eac703d2a362f39721cb85e642d3a39
[17:14:19] [Worker-Main-1/DEBUG] (Mod Menu/Update Checker) Hash for fabric-rendering-v1 is 39b64907845dd9f7ba6b020b4349d6e6b831cf9abda2112b747a76cca050970f013144bb97d332e2509a40688aee7635da83b6cc3bdc3b00e0f1d591846d7acb
[17:14:19] [Worker-Main-1/DEBUG] (Mod Menu/Update Checker) Hash for fabric-resource-loader-v0 is 95c29dcb3ae3e8941fda0737ce24406923859edf637bb74e93857173c0a484fe74506c6d7e37a491daf291156739be42ac1f3fe69bb58fad8a5baf8cebb58b6e
[17:14:19] [Worker-Main-1/DEBUG] (Mod Menu/Update Checker) Hash for fabric-resource-loader-v1 is ad4db7329b8c8f2bff73cd00acf0b2cfa299c23a760c0f8ed3d79b3a852d215a0d8fc541e10291cb2de768b6bccd411b20b0baed6adccf3fe7e036ae06275906
[17:14:19] [Worker-Main-1/DEBUG] (Mod Menu/Update Checker) Hash for fabric-content-registries-v0 is e22aa2d045712783f5476e0769c463df0a50fab252be250ab84e6c84aa2c2b1655ea754843a9c97dc4d466d64f4ddb6129b2972515999713b2e3e4b92a4138d6
[17:14:19] [Worker-Main-1/DEBUG] (Mod Menu/Update Checker) Hash for fabric-block-view-api-v2 is 166d304dd963fa27c679c82ae8d00810180493f4f7643f2b45f5f71b50aaf6dddf61586c40fdf18bf36333b9c85ab0bd1ce526b3fbb76db3a97819f8f4b89e9d
[17:14:19] [Worker-Main-1/DEBUG] (Mod Menu/Update Checker) Hash for fabric-gametest-api-v1 is 3bce54ca7dd9bd576e503add8c20c524aecb911845be20f6d954cf01804534347ecefa09d95cef7891feb752ce9b51b7a1d5a9f583816842b4dd9217b0adcae2
[17:14:19] [Worker-Main-1/DEBUG] (Mod Menu/Update Checker) Hash for fabric-biome-api-v1 is f7b0c1266b4ad17e2eb1bfc88a1cdc9bab364932b284c1b97548ceb7262043d13e5a331b6716ea180b199f99096c5c1ed99588c38b53a2626f1dbbae0f330abf
[17:14:19] [Worker-Main-1/DEBUG] (Mod Menu/Update Checker) Hash for fabric-loot-api-v3 is f20fd5001fc7bad84d46d902bfcb31cf9075caecb3a234c991778c4eb71148b7f883c6e395d3936f2b5e22b91c1105b4f7509f0e489fc3578cd61e51f0df543f
[17:14:19] [Render thread/DEBUG] (FabricLoader/Mixin) Mixing KeyBindingCategoryMixin from fabric-key-binding-api-v1.mixins.json into net.minecraft.client.KeyMapping$Category
[17:14:19] [Worker-Main-1/DEBUG] (Mod Menu/Update Checker) Hash for architectury is 383fc5e670389b0514f74db734c11942788d83bf3d04eae21a6b96eedfc62b5c88667c9be43051e6e72c7ee8129f1ed93391ccc0b845d978266e7e1bac7005fc
[17:14:19] [Render thread/DEBUG] (FabricLoader/Mixin) fabric-key-binding-api-v1.mixins.json:KeyBindingCategoryMixin from mod fabric-key-binding-api-v1->@Inject::onReturnRegister(Lnet/minecraft/resources/ResourceLocation;Lorg/spongepowered/asm/mixin/injection/callback/CallbackInfoReturnable;)V doesn't use it's CallbackInfoReturnable
[17:14:19] [Worker-Main-1/DEBUG] (Mod Menu/Update Checker) Hash for fabric-loot-api-v2 is b186cb789b1590587a61e70f66ff245fae7183854b0d2ac29ea1886d422a4ed1a6f196c7fd9e60424be922fe70c0fecd90a48c975d44faab173b5f7afe3d0e29
[17:14:19] [Worker-Main-1/DEBUG] (Mod Menu/Update Checker) Hash for fabric-registry-sync-v0 is 23c0c39a55992513241304ea3396c0987e10d0344e166eba359a08e7bf331efc326de0d38de0b0efd70c4c11a96cf09e2cdd20b6f5f6b083c933ca6c54c63bee
[17:14:19] [Worker-Main-1/DEBUG] (Mod Menu/Update Checker) Hash for fabric-message-api-v1 is 9dc3657552e877da2f717b186e62f38f83a37917eb710e388b614363e40722fef2f384bfe052d5c855c70a71951a134038c4c31679d2d8965f8f6bc05357efc3
[17:14:19] [Worker-Main-1/DEBUG] (Mod Menu/Update Checker) Hash for fabric-transitive-access-wideners-v1 is 0e69e87e556bb68fc7c66e304c81e064321dfaa9b57289cbe257f5d8773ea6d67494e26053d67a51d2c8ef482dee66b896bb9c29e89c73df9f9bfab40f63a0a3
[17:14:19] [Worker-Main-1/DEBUG] (Mod Menu/Update Checker) Hash for cloth-config is 8dc35549a49bec548a970c7921efeafaa77f2448389943175d4638e24e50f7630307f70062485116ec82e7af0dec214d2393f4d961b152f66cb8e9c78c6ca909
[17:14:19] [Worker-Main-1/DEBUG] (Mod Menu/Update Checker) Hash for fabric-networking-api-v1 is 9e6c994b13c688e770c391a0f5ca5b20930e9d7c9db49120a8d953bf8d3f13392900f099c4fb82609940b75eef83a0ad6c27e7371862ca8a07141ec37080d864
[17:14:19] [ModMenu/Update Checker/2/DEBUG] (Mod Menu/Update Checker) Body: {
  "hashes": [
    "3bce54ca7dd9bd576e503add8c20c524aecb911845be20f6d954cf01804534347ecefa09d95cef7891feb752ce9b51b7a1d5a9f583816842b4dd9217b0adcae2",
    "1d7554946c266b4d3852ad5d616c054cb29edc5a9cbffa6a22e46b209e76968eaf2bc3099776d1b66d52e7a69407d38b0397e354c8a0f3633d6225ec6a15187e",
    "166d304dd963fa27c679c82ae8d00810180493f4f7643f2b45f5f71b50aaf6dddf61586c40fdf18bf36333b9c85ab0bd1ce526b3fbb76db3a97819f8f4b89e9d",
    "c08d062da1c3621f807a61b7e61fc28268a497e2531b9b85a8ceacbade36a8c47718efdf25a511487bd492a4da538822a5ffc0689e23fddc80fc58672506de02",
    "b5266690e420401e63b8ed03f733189048c1a66b691c561245b4a0b09a38c7a80a2dfda4cffffb24e1cd573a5539a0f32ecbea8f380541bd1dbcfe50813c4bae",
    "1ac2334f54fd5a03caf4f0260ab0174c722dd3613b3a239a1202524ce3d8260d271dfe2f2ffe90a3acd258e07ffa2256705899102f7314571811f3a593b0881d",
    "e0f689a351a5ad44757ce1ec5ba22a72b4110c8ddce47e233c963520f7b70bd4f49f3b5063f4680db79beb3c958cf4798932fff9c6d0d4ad91f0b072a2539d54",
    "662569eac1cf6cee5e8ce56925b2cf522e6c35279094b8b518b679d59cb1f453c34b91eecdd3226cafb4b4063044b418d25ce6ffaea410c7ac2670180533c30a",
    "b65ece8df4254d933cc2715339fd05fb08af7092519cecc078cf3c42f71b953f409d8ddab1b3b8a41850c7ffa4055336e094aaf592566c5a29543b8983761720",
    "700dc49730b6855d6f88ef6669a23980a601d6e170752c79af4c52754dd7a668f3d525c682c6fb1f0d0509c5908fd83f35e8af13185abd201258a536791286a1",
    "e22aa2d045712783f5476e0769c463df0a50fab252be250ab84e6c84aa2c2b1655ea754843a9c97dc4d466d64f4ddb6129b2972515999713b2e3e4b92a4138d6",
    "e7e50aa6902d34e96ea6f36b90902e9a4f7f2e09a1bb7f615bc066cb8aff3fddc1a1fa1a8f9fd23d9a2f9ea036d858de047d143f518bd05fea5f181d7bb645a7",
    "eaff57de0ab71fa4509b9c4dc9465237cfa11107cbff315a2da5dcb7dd23348c91cbf8cd865403065e2248932aadf64b86e477903a70cf64caada2d83a38920a",
    "4d9b0a1e1762fe6095c702f093d07fad724d816c2ddbf5d8ac882a04b8e29233e1ebd7005207782ae384b9fb80ca353794c5e7ab76b69047068c85bfe23d92be",
    "38d4fa7bc564f8107d618b38bd9bc8ab8c4828b561dfc96ebac6dc37ce304f839b6a4b665bf477cad4c64c16bf685008d7eb77bbecd17ac19b71b993a717e60d",
    "259332cd6af1fc0b012e09bc25fa50b432c6ca820a0f25fa16c4871239267238a1aac41014486949432d9b2380887057b3c97295c10a06ae74ed665d085485d2",
    "39f7fc3f2294404991f7e01373ae1280e98994822411c619936fa52d9c6a905053e36e3634727f8749b0655505022cbe59795259b36416270bb449dc5601f736",
    "151e3ca419d5547fd4bd8a46b1829a828db680f1b8b660b6b69d9ff13a19fb923d63b7f474e56a09efcb5d5c7c38996612b3afb8498bc3c33aa29a5d9bc0bf8a",
    "d5e19059f0ae5ee82e01f30d1908aacfb32dbf964a5552053c890887d94bec6d94c9d5350476a1fe73c3d9ad8973606641c9cf75685d12b547acff1b18a57d12",
    "9dc3657552e877da2f717b186e62f38f83a37917eb710e388b614363e40722fef2f384bfe052d5c855c70a71951a134038c4c31679d2d8965f8f6bc05357efc3",
    "0e69e87e556bb68fc7c66e304c81e064321dfaa9b57289cbe257f5d8773ea6d67494e26053d67a51d2c8ef482dee66b896bb9c29e89c73df9f9bfab40f63a0a3",
    "666f874070afc84768e0dc1c81d3d45957571cec7f263bda27a855966f4ed566cc259a58b2ffb03f185af09881b4b4a9ccf800dea2d944798cf7c5f3f173e349",
    "c23fdf403009761a913e93f6df2f30c508ac3a51436e0f96a48bb227ee55fbebb7d21bf5555ac413c43a7f5ed6e607d646e4e2777ae2d427e8b30a61d9c04faa",
    "16c17f31e6556dd075ebe2d7585d59b37b49a68e22f478c348f994a3bfdee64da7290ab2fd4ef77e2a65001bad9bc1a7bc5387ef31b6dd850b96e3b34bf5f5c2",
    "1e21a2ad704bd681d857ac92753544f469effcbb22c4c5af0e8713647aa3885529c5dd835a2b37fffdfb0820be0089164129416511a0b2aac18dfe49e2a014b6",
    "dd0c764ad6a1e9467f868a89598b301a91c17901a98b21c0134b75817de82ae3f26355538b716fce49c298e48263d9e247706d7abd7bd292691a11cdf2a40762",
    "e7f9ecb31d0b4daf83943b6c807827b049d0cc7bdc30d9ca1d24a73f6e821ea67b45cde3f7f740449f1a913762fb969677f41ade7b365bba8802a09262200fbc",
    "b25c3861bec839653854e71bdd05a04dd017247d1b3ee8a2c78d566e9a7b0ad7664755e0f8049d1e1c36626d810f006ac02c379bd8c0687007905fce29cb5919",
    "65d402f94ab339a23f22dd48987bc4cf0d4f9180fea0bc7a5b4c3370be06a07b7339eba4faea7cb96321920d213900929b296e86dfabeb601efd9c60fce5b637",
    "0f7c559500e3b9e049678494a1950ee529d340fa4f4257030b24bd728aeef737148c3630973076659276b8287af4b94bb91ddc1233188c068e116e0579abcd38",
    "4950b982924e364d9f5d14502651fe51160108ee2a18988f8f01378e2d3107ba649e5af77f2f1ed0fba3fc06794b988ea9651ca530e4fa314f4b0c78bd9cd9f9",
    "86b56c7903726e82e77a5bf716901f3ef54011ad25272cc25766cf93969062f9d042a21e49ebbcb06255f3c11f4503b9e4dbe0343c18f56fd5a4dbc0142d4535",
    "8590745bcfa374806c5fb592484308ced3b6a5f553ca31cd57c3b89bce3bb133fabfbe96bf91d3e8b5bc8d8f116b580133aabd706c68fc5d188832a5267f6207",
    "39b64907845dd9f7ba6b020b4349d6e6b831cf9abda2112b747a76cca050970f013144bb97d332e2509a40688aee7635da83b6cc3bdc3b00e0f1d591846d7acb",
    "ca4acd7d8f2e43e834c5282aeb866527bc259d89f9fa6761b115fea915aabe9da4d8e737322c15a0f91250d3cfde2e3d9ab220630005a6a02f55fdb14e7458b6",
    "762ef9fdec45f1eada121df22f10bdb162b996c2d93e6291bb9c9a49b5392c31f661ae97be2dc4f8633873329908f1313735cf2dba192fa9e12b23554ae60575",
    "5a11cfcf640c49dce428ee9e8c3b37639413593f433a53fc5f0b348fb7c5b33b6397a134bef1425042a24d0f57bf3fa18328cc0b9dbdb715a1532303515c3a1b",
    "f20fd5001fc7bad84d46d902bfcb31cf9075caecb3a234c991778c4eb71148b7f883c6e395d3936f2b5e22b91c1105b4f7509f0e489fc3578cd61e51f0df543f",
    "9e6c994b13c688e770c391a0f5ca5b20930e9d7c9db49120a8d953bf8d3f13392900f099c4fb82609940b75eef83a0ad6c27e7371862ca8a07141ec37080d864",
    "8dc35549a49bec548a970c7921efeafaa77f2448389943175d4638e24e50f7630307f70062485116ec82e7af0dec214d2393f4d961b152f66cb8e9c78c6ca909",
    "383fc5e670389b0514f74db734c11942788d83bf3d04eae21a6b96eedfc62b5c88667c9be43051e6e72c7ee8129f1ed93391ccc0b845d978266e7e1bac7005fc",
    "d9284cd3247afb779549aa56f82dd35bd7e493f22b60dec9a3befa2ddc3af22104f7e33bc8bc98a3b21deef0d588c005234e0895b5cd19ac2dbf92e7d970a87f",
    "fbbc67ff12c3d8994a05a9f609e744d1934ac22b36561fdbb11e10859653fefbaa2329e6da5cd2705d7dfc04407cd14a1eac703d2a362f39721cb85e642d3a39",
    "95c29dcb3ae3e8941fda0737ce24406923859edf637bb74e93857173c0a484fe74506c6d7e37a491daf291156739be42ac1f3fe69bb58fad8a5baf8cebb58b6e",
    "b186cb789b1590587a61e70f66ff245fae7183854b0d2ac29ea1886d422a4ed1a6f196c7fd9e60424be922fe70c0fecd90a48c975d44faab173b5f7afe3d0e29",
    "e6bbb3e1bae27f536c960a4813bde283ab5f3300955cd160f1153cb2e771479154aef60bfcf62da11d71275e93553327ce540f86fe995524250d0c696edc83d7",
    "ad4db7329b8c8f2bff73cd00acf0b2cfa299c23a760c0f8ed3d79b3a852d215a0d8fc541e10291cb2de768b6bccd411b20b0baed6adccf3fe7e036ae06275906",
    "f7b0c1266b4ad17e2eb1bfc88a1cdc9bab364932b284c1b97548ceb7262043d13e5a331b6716ea180b199f99096c5c1ed99588c38b53a2626f1dbbae0f330abf",
    "4b2a599bd72e1ce09c58592330fa4105e8eee703fb83ce24ca178d0309f25c7e7d48eb882c7c736970b031b50fa3c5a9465cd33261119f227841961ddf8d20a7",
    "6dc5b02e8e2dc8b1affdf82fe65426f54d310f1d7b406a63e7741708701649c8a7e72edb1379b8977e66aaa403668fdf900fc163fb9269e165f441413b2863aa",
    "0f5c18e11d4163dedb7fb3ae9fbf3e4378c399dd1d8a92cc801f025781886d009c054f025203aca3d9292ff22f7b9125a31f05094d46b5db4a30787988c6b99c",
    "23c0c39a55992513241304ea3396c0987e10d0344e166eba359a08e7bf331efc326de0d38de0b0efd70c4c11a96cf09e2cdd20b6f5f6b083c933ca6c54c63bee",
    "5d81303d4cd7db528f6d6d5f01e3d02c17fd32e9ef14387ac9f873fe5a862dcede56557fa017d3c2ffc7a75ed180dfd644dae8de6f016707545877fe90ea3e04"
  ],
  "algorithm": "sha512",
  "loaders": [
    "fabric"
  ],
  "game_versions": [
    "1.21.10"
  ],
  "version_types": [
    "release"
  ]
}
[17:14:19] [Render thread/DEBUG] (FabricLoader/Mixin) Mixing BlockStateModelUnbakedMixin from fabric-model-loading-api-v1.mixins.json into net.minecraft.client.renderer.block.model.BlockStateModel$Unbaked
[17:14:19] [Render thread/DEBUG] (FabricLoader/Mixin) Mixing client.block.model.BlockStateModelMixin from fabric-renderer-api-v1.mixins.json into net.minecraft.client.renderer.block.model.BlockStateModel
[17:14:19] [Render thread/DEBUG] (FabricLoader/Mixin) Mixing client.block.model.BlockModelPartMixin from fabric-renderer-api-v1.mixins.json into net.minecraft.client.renderer.block.model.BlockModelPart
[17:14:19] [Render thread/DEBUG] (FabricLoader/Mixin) Mixing client.block.model.SimpleBlockStateModelMixin from fabric-renderer-api-v1.mixins.json into net.minecraft.client.renderer.block.model.SingleVariant
[17:14:19] [Render thread/DEBUG] (FabricLoader/Mixin) Mixing EntityTrackerEntryMixin from fabric-networking-api-v1.mixins.json into net.minecraft.server.level.ServerEntity
[17:14:19] [Render thread/DEBUG] (FabricLoader/Mixin) fabric-networking-api-v1.mixins.json:EntityTrackerEntryMixin from mod fabric-networking-api-v1->@Inject::onStartTracking(Lnet/minecraft/server/level/ServerPlayer;Lorg/spongepowered/asm/mixin/injection/callback/CallbackInfo;)V doesn't use it's CallbackInfo
[17:14:19] [Render thread/DEBUG] (FabricLoader/Mixin) fabric-networking-api-v1.mixins.json:EntityTrackerEntryMixin from mod fabric-networking-api-v1->@Inject::onStartTracking(Lnet/minecraft/server/level/ServerPlayer;Lorg/spongepowered/asm/mixin/injection/callback/CallbackInfo;)V has 0 override(s) in child classes
[17:14:19] [Render thread/DEBUG] (FabricLoader/Mixin) fabric-networking-api-v1.mixins.json:EntityTrackerEntryMixin from mod fabric-networking-api-v1->@Inject::onStartTracking(Lnet/minecraft/server/level/ServerPlayer;Lorg/spongepowered/asm/mixin/injection/callback/CallbackInfo;)V won't be passed a CallbackInfo as a result
[17:14:19] [Render thread/DEBUG] (FabricLoader/Mixin) fabric-networking-api-v1.mixins.json:EntityTrackerEntryMixin from mod fabric-networking-api-v1->@Inject::onStopTracking(Lnet/minecraft/server/level/ServerPlayer;Lorg/spongepowered/asm/mixin/injection/callback/CallbackInfo;)V doesn't use it's CallbackInfo
[17:14:19] [Render thread/DEBUG] (FabricLoader/Mixin) fabric-networking-api-v1.mixins.json:EntityTrackerEntryMixin from mod fabric-networking-api-v1->@Inject::onStopTracking(Lnet/minecraft/server/level/ServerPlayer;Lorg/spongepowered/asm/mixin/injection/callback/CallbackInfo;)V has 0 override(s) in child classes
[17:14:19] [Render thread/DEBUG] (FabricLoader/Mixin) fabric-networking-api-v1.mixins.json:EntityTrackerEntryMixin from mod fabric-networking-api-v1->@Inject::onStopTracking(Lnet/minecraft/server/level/ServerPlayer;Lorg/spongepowered/asm/mixin/injection/callback/CallbackInfo;)V won't be passed a CallbackInfo as a result
[17:14:19] [Render thread/INFO] (dev.architectury.networking.client.fabric.ClientNetworkManagerImpl) Registering S2C receiver with id architectury:spawn_entity_packet
[17:14:19] [Render thread/DEBUG] (FabricLoader/Mixin) Mixing accessor.ClientLoginNetworkHandlerAccessor from fabric-networking-api-v1.client.mixins.json into net.minecraft.client.multiplayer.ClientHandshakePacketListenerImpl
[17:14:19] [Render thread/DEBUG] (FabricLoader/Mixin) Mixing ClientLoginNetworkHandlerMixin from fabric-networking-api-v1.client.mixins.json into net.minecraft.client.multiplayer.ClientHandshakePacketListenerImpl
[17:14:19] [Render thread/DEBUG] (FabricLoader/Mixin) fabric-networking-api-v1.client.mixins.json:ClientLoginNetworkHandlerMixin from mod fabric-networking-api-v1->@Inject::initAddon(Lorg/spongepowered/asm/mixin/injection/callback/CallbackInfo;)V doesn't use it's CallbackInfo
[17:14:19] [Render thread/DEBUG] (FabricLoader/Mixin) fabric-networking-api-v1.client.mixins.json:ClientLoginNetworkHandlerMixin from mod fabric-networking-api-v1->@Inject::initAddon(Lorg/spongepowered/asm/mixin/injection/callback/CallbackInfo;)V has 0 override(s) in child classes
[17:14:19] [Render thread/DEBUG] (FabricLoader/Mixin) fabric-networking-api-v1.client.mixins.json:ClientLoginNetworkHandlerMixin from mod fabric-networking-api-v1->@Inject::initAddon(Lorg/spongepowered/asm/mixin/injection/callback/CallbackInfo;)V won't be passed a CallbackInfo as a result
[17:14:19] [Render thread/DEBUG] (FabricLoader/Mixin) fabric-networking-api-v1.client.mixins.json:ClientLoginNetworkHandlerMixin from mod fabric-networking-api-v1->@Inject::handleQueryRequest(Lnet/minecraft/network/protocol/login/ClientboundCustomQueryPacket;Lorg/spongepowered/asm/mixin/injection/callback/CallbackInfo;)V does use it's CallbackInfo
[17:14:19] [Render thread/DEBUG] (FabricLoader/Mixin) Mixing ClientPlayNetworkHandlerMixin from fabric-message-api-v1.client.mixins.json into net.minecraft.client.multiplayer.ClientPacketListener
[17:14:19] [Render thread/DEBUG] (FabricLoader/Mixin) Mixing ClientPlayNetworkHandlerMixin from fabric-networking-api-v1.client.mixins.json into net.minecraft.client.multiplayer.ClientPacketListener
[17:14:19] [Render thread/DEBUG] (FabricLoader/Mixin) Mixing sync.ClientPlayNetworkHandlerMixin from fabric-recipe-api-v1.client.mixins.json into net.minecraft.client.multiplayer.ClientPacketListener
[17:14:19] [Render thread/DEBUG] (FabricLoader/Mixin) Mixing client.MixinClientPacketListener from architectury.mixins.json into net.minecraft.client.multiplayer.ClientPacketListener
[17:14:19] [Render thread/DEBUG] (FabricLoader/Mixin) architectury.mixins.json:client.MixinClientPacketListener from mod architectury: Class version 65 required is higher than the class version supported by the current version of Mixin (JAVA_16 supports class version 60)
[17:14:19] [Render thread/DEBUG] (FabricLoader/Mixin) Mixing ClientPlayNetworkHandlerMixin from fabric-lifecycle-events-v1.client.mixins.json into net.minecraft.client.multiplayer.ClientPacketListener
[17:14:19] [Render thread/DEBUG] (FabricLoader/Mixin) Mixing ClientPlayNetworkHandlerMixin from fabric-command-api-v2.client.mixins.json into net.minecraft.client.multiplayer.ClientPacketListener
[17:14:19] [Render thread/DEBUG] (FabricLoader/Mixin) Mixing ClientPlayNetworkHandlerMixin from fabric-data-attachment-api-v1.client.mixins.json into net.minecraft.client.multiplayer.ClientPacketListener
[17:14:19] [Render thread/DEBUG] (FabricLoader/Mixin) fabric-message-api-v1.client.mixins.json:ClientPlayNetworkHandlerMixin from mod fabric-message-api-v1->@Inject::fabric_allowSendChatMessage(Ljava/lang/String;Lorg/spongepowered/asm/mixin/injection/callback/CallbackInfo;)V does use it's CallbackInfo
[17:14:19] [Render thread/DEBUG] (FabricLoader/Mixin) fabric-message-api-v1.client.mixins.json:ClientPlayNetworkHandlerMixin from mod fabric-message-api-v1->@Inject::fabric_allowSendCommandMessage(Ljava/lang/String;Lorg/spongepowered/asm/mixin/injection/callback/CallbackInfo;)V does use it's CallbackInfo
[17:14:19] [Render thread/DEBUG] (FabricLoader/Mixin) fabric-networking-api-v1.client.mixins.json:ClientPlayNetworkHandlerMixin from mod fabric-networking-api-v1->@Inject::initAddon(Lorg/spongepowered/asm/mixin/injection/callback/CallbackInfo;)V doesn't use it's CallbackInfo
[17:14:19] [Render thread/DEBUG] (FabricLoader/Mixin) fabric-networking-api-v1.client.mixins.json:ClientPlayNetworkHandlerMixin from mod fabric-networking-api-v1->@Inject::initAddon(Lorg/spongepowered/asm/mixin/injection/callback/CallbackInfo;)V has 0 override(s) in child classes
[17:14:19] [Render thread/DEBUG] (FabricLoader/Mixin) fabric-networking-api-v1.client.mixins.json:ClientPlayNetworkHandlerMixin from mod fabric-networking-api-v1->@Inject::initAddon(Lorg/spongepowered/asm/mixin/injection/callback/CallbackInfo;)V won't be passed a CallbackInfo as a result
[17:14:19] [Render thread/DEBUG] (FabricLoader/Mixin) fabric-networking-api-v1.client.mixins.json:ClientPlayNetworkHandlerMixin from mod fabric-networking-api-v1->@Inject::handleServerPlayReady(Lnet/minecraft/network/protocol/game/ClientboundLoginPacket;Lorg/spongepowered/asm/mixin/injection/callback/CallbackInfo;)V doesn't use it's CallbackInfo
[17:14:19] [Render thread/DEBUG] (FabricLoader/Mixin) fabric-networking-api-v1.client.mixins.json:ClientPlayNetworkHandlerMixin from mod fabric-networking-api-v1->@Inject::handleServerPlayReady(Lnet/minecraft/network/protocol/game/ClientboundLoginPacket;Lorg/spongepowered/asm/mixin/injection/callback/CallbackInfo;)V has 0 override(s) in child classes
[17:14:19] [Render thread/DEBUG] (FabricLoader/Mixin) fabric-networking-api-v1.client.mixins.json:ClientPlayNetworkHandlerMixin from mod fabric-networking-api-v1->@Inject::handleServerPlayReady(Lnet/minecraft/network/protocol/game/ClientboundLoginPacket;Lorg/spongepowered/asm/mixin/injection/callback/CallbackInfo;)V won't be passed a CallbackInfo as a result
[17:14:19] [Render thread/DEBUG] (FabricLoader/Mixin) architectury.mixins.json:client.MixinClientPacketListener from mod architectury->@Inject::handleLogin(Lnet/minecraft/network/protocol/game/ClientboundLoginPacket;Lorg/spongepowered/asm/mixin/injection/callback/CallbackInfo;)V doesn't use it's CallbackInfo
[17:14:19] [Render thread/DEBUG] (FabricLoader/Mixin) architectury.mixins.json:client.MixinClientPacketListener from mod architectury->@Inject::handleLogin(Lnet/minecraft/network/protocol/game/ClientboundLoginPacket;Lorg/spongepowered/asm/mixin/injection/callback/CallbackInfo;)V has 0 override(s) in child classes
[17:14:19] [Render thread/DEBUG] (FabricLoader/Mixin) architectury.mixins.json:client.MixinClientPacketListener from mod architectury->@Inject::handleLogin(Lnet/minecraft/network/protocol/game/ClientboundLoginPacket;Lorg/spongepowered/asm/mixin/injection/callback/CallbackInfo;)V won't be passed a CallbackInfo as a result
[17:14:19] [Render thread/DEBUG] (FabricLoader/Mixin) architectury.mixins.json:client.MixinClientPacketListener from mod architectury->@Inject::handleRespawnPre(Lnet/minecraft/network/protocol/game/ClientboundRespawnPacket;Lorg/spongepowered/asm/mixin/injection/callback/CallbackInfo;)V doesn't use it's CallbackInfo
[17:14:19] [Render thread/DEBUG] (FabricLoader/Mixin) architectury.mixins.json:client.MixinClientPacketListener from mod architectury->@Inject::handleRespawnPre(Lnet/minecraft/network/protocol/game/ClientboundRespawnPacket;Lorg/spongepowered/asm/mixin/injection/callback/CallbackInfo;)V has 0 override(s) in child classes
[17:14:19] [Render thread/DEBUG] (FabricLoader/Mixin) architectury.mixins.json:client.MixinClientPacketListener from mod architectury->@Inject::handleRespawnPre(Lnet/minecraft/network/protocol/game/ClientboundRespawnPacket;Lorg/spongepowered/asm/mixin/injection/callback/CallbackInfo;)V won't be passed a CallbackInfo as a result
[17:14:19] [Render thread/DEBUG] (FabricLoader/Mixin) architectury.mixins.json:client.MixinClientPacketListener from mod architectury->@Inject::handleRespawn(Lnet/minecraft/network/protocol/game/ClientboundRespawnPacket;Lorg/spongepowered/asm/mixin/injection/callback/CallbackInfo;)V doesn't use it's CallbackInfo
[17:14:19] [Render thread/DEBUG] (FabricLoader/Mixin) architectury.mixins.json:client.MixinClientPacketListener from mod architectury->@Inject::handleRespawn(Lnet/minecraft/network/protocol/game/ClientboundRespawnPacket;Lorg/spongepowered/asm/mixin/injection/callback/CallbackInfo;)V has 0 override(s) in child classes
[17:14:19] [Render thread/DEBUG] (FabricLoader/Mixin) architectury.mixins.json:client.MixinClientPacketListener from mod architectury->@Inject::handleRespawn(Lnet/minecraft/network/protocol/game/ClientboundRespawnPacket;Lorg/spongepowered/asm/mixin/injection/callback/CallbackInfo;)V won't be passed a CallbackInfo as a result
[17:14:19] [Render thread/DEBUG] (FabricLoader/Mixin) architectury.mixins.json:client.MixinClientPacketListener from mod architectury->@Inject::handleUpdateRecipes(Lnet/minecraft/network/protocol/game/ClientboundUpdateRecipesPacket;Lorg/spongepowered/asm/mixin/injection/callback/CallbackInfo;)V doesn't use it's CallbackInfo
[17:14:19] [Render thread/DEBUG] (FabricLoader/Mixin) architectury.mixins.json:client.MixinClientPacketListener from mod architectury->@Inject::handleUpdateRecipes(Lnet/minecraft/network/protocol/game/ClientboundUpdateRecipesPacket;Lorg/spongepowered/asm/mixin/injection/callback/CallbackInfo;)V has 0 override(s) in child classes
[17:14:19] [Render thread/DEBUG] (FabricLoader/Mixin) architectury.mixins.json:client.MixinClientPacketListener from mod architectury->@Inject::handleUpdateRecipes(Lnet/minecraft/network/protocol/game/ClientboundUpdateRecipesPacket;Lorg/spongepowered/asm/mixin/injection/callback/CallbackInfo;)V won't be passed a CallbackInfo as a result
[17:14:19] [Render thread/DEBUG] (FabricLoader/Mixin) architectury.mixins.json:client.MixinClientPacketListener from mod architectury->@Inject::handleRecipeBookAdd(Lnet/minecraft/network/protocol/game/ClientboundRecipeBookAddPacket;Lorg/spongepowered/asm/mixin/injection/callback/CallbackInfo;)V doesn't use it's CallbackInfo
[17:14:19] [Render thread/DEBUG] (FabricLoader/Mixin) architectury.mixins.json:client.MixinClientPacketListener from mod architectury->@Inject::handleRecipeBookAdd(Lnet/minecraft/network/protocol/game/ClientboundRecipeBookAddPacket;Lorg/spongepowered/asm/mixin/injection/callback/CallbackInfo;)V has 0 override(s) in child classes
[17:14:19] [Render thread/DEBUG] (FabricLoader/Mixin) architectury.mixins.json:client.MixinClientPacketListener from mod architectury->@Inject::handleRecipeBookAdd(Lnet/minecraft/network/protocol/game/ClientboundRecipeBookAddPacket;Lorg/spongepowered/asm/mixin/injection/callback/CallbackInfo;)V won't be passed a CallbackInfo as a result
[17:14:19] [Render thread/DEBUG] (FabricLoader/Mixin) architectury.mixins.json:client.MixinClientPacketListener from mod architectury->@Inject::handleRecipeBookRemove(Lnet/minecraft/network/protocol/game/ClientboundRecipeBookRemovePacket;Lorg/spongepowered/asm/mixin/injection/callback/CallbackInfo;)V doesn't use it's CallbackInfo
[17:14:19] [Render thread/DEBUG] (FabricLoader/Mixin) architectury.mixins.json:client.MixinClientPacketListener from mod architectury->@Inject::handleRecipeBookRemove(Lnet/minecraft/network/protocol/game/ClientboundRecipeBookRemovePacket;Lorg/spongepowered/asm/mixin/injection/callback/CallbackInfo;)V has 0 override(s) in child classes
[17:14:19] [Render thread/DEBUG] (FabricLoader/Mixin) architectury.mixins.json:client.MixinClientPacketListener from mod architectury->@Inject::handleRecipeBookRemove(Lnet/minecraft/network/protocol/game/ClientboundRecipeBookRemovePacket;Lorg/spongepowered/asm/mixin/injection/callback/CallbackInfo;)V won't be passed a CallbackInfo as a result
[17:14:19] [Render thread/DEBUG] (FabricLoader/Mixin) architectury.mixins.json:client.MixinClientPacketListener from mod architectury->@Inject::chat(Ljava/lang/String;Lorg/spongepowered/asm/mixin/injection/callback/CallbackInfo;)V does use it's CallbackInfo
[17:14:19] [Render thread/DEBUG] (FabricLoader/Mixin) fabric-lifecycle-events-v1.client.mixins.json:ClientPlayNetworkHandlerMixin from mod fabric-lifecycle-events-v1->@Inject::onPlayerRespawn(Lnet/minecraft/network/protocol/game/ClientboundRespawnPacket;Lorg/spongepowered/asm/mixin/injection/callback/CallbackInfo;)V doesn't use it's CallbackInfo
[17:14:19] [Render thread/DEBUG] (FabricLoader/Mixin) fabric-lifecycle-events-v1.client.mixins.json:ClientPlayNetworkHandlerMixin from mod fabric-lifecycle-events-v1->@Inject::onPlayerRespawn(Lnet/minecraft/network/protocol/game/ClientboundRespawnPacket;Lorg/spongepowered/asm/mixin/injection/callback/CallbackInfo;)V has 0 override(s) in child classes
[17:14:19] [Render thread/DEBUG] (FabricLoader/Mixin) fabric-lifecycle-events-v1.client.mixins.json:ClientPlayNetworkHandlerMixin from mod fabric-lifecycle-events-v1->@Inject::onPlayerRespawn(Lnet/minecraft/network/protocol/game/ClientboundRespawnPacket;Lorg/spongepowered/asm/mixin/injection/callback/CallbackInfo;)V won't be passed a CallbackInfo as a result
[17:14:19] [Render thread/DEBUG] (FabricLoader/Mixin) fabric-lifecycle-events-v1.client.mixins.json:ClientPlayNetworkHandlerMixin from mod fabric-lifecycle-events-v1->@Inject::onGameJoin(Lnet/minecraft/network/protocol/game/ClientboundLoginPacket;Lorg/spongepowered/asm/mixin/injection/callback/CallbackInfo;)V doesn't use it's CallbackInfo
[17:14:19] [Render thread/DEBUG] (FabricLoader/Mixin) fabric-lifecycle-events-v1.client.mixins.json:ClientPlayNetworkHandlerMixin from mod fabric-lifecycle-events-v1->@Inject::onGameJoin(Lnet/minecraft/network/protocol/game/ClientboundLoginPacket;Lorg/spongepowered/asm/mixin/injection/callback/CallbackInfo;)V has 0 override(s) in child classes
[17:14:19] [Render thread/DEBUG] (FabricLoader/Mixin) fabric-lifecycle-events-v1.client.mixins.json:ClientPlayNetworkHandlerMixin from mod fabric-lifecycle-events-v1->@Inject::onGameJoin(Lnet/minecraft/network/protocol/game/ClientboundLoginPacket;Lorg/spongepowered/asm/mixin/injection/callback/CallbackInfo;)V won't be passed a CallbackInfo as a result
[17:14:19] [Render thread/DEBUG] (FabricLoader/Mixin) fabric-lifecycle-events-v1.client.mixins.json:ClientPlayNetworkHandlerMixin from mod fabric-lifecycle-events-v1->@Inject::onClearWorld(Lorg/spongepowered/asm/mixin/injection/callback/CallbackInfo;)V doesn't use it's CallbackInfo
[17:14:19] [Render thread/DEBUG] (FabricLoader/Mixin) fabric-lifecycle-events-v1.client.mixins.json:ClientPlayNetworkHandlerMixin from mod fabric-lifecycle-events-v1->@Inject::onClearWorld(Lorg/spongepowered/asm/mixin/injection/callback/CallbackInfo;)V has 0 override(s) in child classes
[17:14:19] [Render thread/DEBUG] (FabricLoader/Mixin) fabric-lifecycle-events-v1.client.mixins.json:ClientPlayNetworkHandlerMixin from mod fabric-lifecycle-events-v1->@Inject::onClearWorld(Lorg/spongepowered/asm/mixin/injection/callback/CallbackInfo;)V won't be passed a CallbackInfo as a result
[17:14:19] [Render thread/DEBUG] (FabricLoader/Mixin) fabric-lifecycle-events-v1.client.mixins.json:ClientPlayNetworkHandlerMixin from mod fabric-lifecycle-events-v1->@Inject::invokeTagsLoaded(Lnet/minecraft/network/protocol/common/ClientboundUpdateTagsPacket;Lorg/spongepowered/asm/mixin/injection/callback/CallbackInfo;)V doesn't use it's CallbackInfo
[17:14:19] [Render thread/DEBUG] (FabricLoader/Mixin) fabric-lifecycle-events-v1.client.mixins.json:ClientPlayNetworkHandlerMixin from mod fabric-lifecycle-events-v1->@Inject::invokeTagsLoaded(Lnet/minecraft/network/protocol/common/ClientboundUpdateTagsPacket;Lorg/spongepowered/asm/mixin/injection/callback/CallbackInfo;)V has 0 override(s) in child classes
[17:14:19] [Render thread/DEBUG] (FabricLoader/Mixin) fabric-lifecycle-events-v1.client.mixins.json:ClientPlayNetworkHandlerMixin from mod fabric-lifecycle-events-v1->@Inject::invokeTagsLoaded(Lnet/minecraft/network/protocol/common/ClientboundUpdateTagsPacket;Lorg/spongepowered/asm/mixin/injection/callback/CallbackInfo;)V won't be passed a CallbackInfo as a result
[17:14:19] [Render thread/DEBUG] (FabricLoader/Mixin) fabric-command-api-v2.client.mixins.json:ClientPlayNetworkHandlerMixin from mod fabric-command-api-v2->@Inject::onGameJoin(Lnet/minecraft/network/protocol/game/ClientboundLoginPacket;Lorg/spongepowered/asm/mixin/injection/callback/CallbackInfo;)V doesn't use it's CallbackInfo
[17:14:19] [Render thread/DEBUG] (FabricLoader/Mixin) fabric-command-api-v2.client.mixins.json:ClientPlayNetworkHandlerMixin from mod fabric-command-api-v2->@Inject::onGameJoin(Lnet/minecraft/network/protocol/game/ClientboundLoginPacket;Lorg/spongepowered/asm/mixin/injection/callback/CallbackInfo;)V has 0 override(s) in child classes
[17:14:19] [Render thread/DEBUG] (FabricLoader/Mixin) fabric-command-api-v2.client.mixins.json:ClientPlayNetworkHandlerMixin from mod fabric-command-api-v2->@Inject::onGameJoin(Lnet/minecraft/network/protocol/game/ClientboundLoginPacket;Lorg/spongepowered/asm/mixin/injection/callback/CallbackInfo;)V won't be passed a CallbackInfo as a result
[17:14:19] [Render thread/DEBUG] (FabricLoader/Mixin) fabric-command-api-v2.client.mixins.json:ClientPlayNetworkHandlerMixin from mod fabric-command-api-v2->@Inject::onOnCommandTree(Lnet/minecraft/network/protocol/game/ClientboundCommandsPacket;Lorg/spongepowered/asm/mixin/injection/callback/CallbackInfo;)V doesn't use it's CallbackInfo
[17:14:19] [Render thread/DEBUG] (FabricLoader/Mixin) fabric-command-api-v2.client.mixins.json:ClientPlayNetworkHandlerMixin from mod fabric-command-api-v2->@Inject::onOnCommandTree(Lnet/minecraft/network/protocol/game/ClientboundCommandsPacket;Lorg/spongepowered/asm/mixin/injection/callback/CallbackInfo;)V has 0 override(s) in child classes
[17:14:19] [Render thread/DEBUG] (FabricLoader/Mixin) fabric-command-api-v2.client.mixins.json:ClientPlayNetworkHandlerMixin from mod fabric-command-api-v2->@Inject::onOnCommandTree(Lnet/minecraft/network/protocol/game/ClientboundCommandsPacket;Lorg/spongepowered/asm/mixin/injection/callback/CallbackInfo;)V won't be passed a CallbackInfo as a result
[17:14:19] [Render thread/DEBUG] (FabricLoader/Mixin) fabric-command-api-v2.client.mixins.json:ClientPlayNetworkHandlerMixin from mod fabric-command-api-v2->@Inject::setLastReceivedCommandsPacket(Lnet/minecraft/network/protocol/game/ClientboundCommandsPacket;Lorg/spongepowered/asm/mixin/injection/callback/CallbackInfo;)V doesn't use it's CallbackInfo
[17:14:19] [Render thread/DEBUG] (FabricLoader/Mixin) fabric-command-api-v2.client.mixins.json:ClientPlayNetworkHandlerMixin from mod fabric-command-api-v2->@Inject::setLastReceivedCommandsPacket(Lnet/minecraft/network/protocol/game/ClientboundCommandsPacket;Lorg/spongepowered/asm/mixin/injection/callback/CallbackInfo;)V has 0 override(s) in child classes
[17:14:19] [Render thread/DEBUG] (FabricLoader/Mixin) fabric-command-api-v2.client.mixins.json:ClientPlayNetworkHandlerMixin from mod fabric-command-api-v2->@Inject::setLastReceivedCommandsPacket(Lnet/minecraft/network/protocol/game/ClientboundCommandsPacket;Lorg/spongepowered/asm/mixin/injection/callback/CallbackInfo;)V won't be passed a CallbackInfo as a result
[17:14:19] [Render thread/DEBUG] (FabricLoader/Mixin) fabric-command-api-v2.client.mixins.json:ClientPlayNetworkHandlerMixin from mod fabric-command-api-v2->@Inject::onSendCommand(Ljava/lang/String;Lnet/minecraft/client/gui/screens/Screen;Lorg/spongepowered/asm/mixin/injection/callback/CallbackInfo;)V does use it's CallbackInfo
[17:14:19] [Render thread/DEBUG] (FabricLoader/Mixin) fabric-command-api-v2.client.mixins.json:ClientPlayNetworkHandlerMixin from mod fabric-command-api-v2->@Inject::onSendCommand(Ljava/lang/String;Lorg/spongepowered/asm/mixin/injection/callback/CallbackInfo;)V does use it's CallbackInfo
[17:14:19] [Render thread/DEBUG] (FabricLoader/Mixin) Mixing accessor.ClientCommonNetworkHandlerAccessor from fabric-networking-api-v1.client.mixins.json into net.minecraft.client.multiplayer.ClientCommonPacketListenerImpl
[17:14:19] [Render thread/DEBUG] (FabricLoader/Mixin) Mixing ClientCommonNetworkHandlerMixin from fabric-networking-api-v1.client.mixins.json into net.minecraft.client.multiplayer.ClientCommonPacketListenerImpl
[17:14:19] [Render thread/DEBUG] (FabricLoader/Mixin) fabric-networking-api-v1.client.mixins.json:ClientCommonNetworkHandlerMixin from mod fabric-networking-api-v1->@Inject::onCustomPayload(Lnet/minecraft/network/protocol/common/ClientboundCustomPayloadPacket;Lorg/spongepowered/asm/mixin/injection/callback/CallbackInfo;)V does use it's CallbackInfo
[17:14:19] [Render thread/DEBUG] (FabricLoader/Mixin) Mixing ClientConfigurationNetworkHandlerMixin from fabric-networking-api-v1.client.mixins.json into net.minecraft.client.multiplayer.ClientConfigurationPacketListenerImpl
[17:14:19] [Render thread/DEBUG] (FabricLoader/Mixin) Mixing sync.ClientConfigurationNetworkHandlerMixin from fabric-recipe-api-v1.client.mixins.json into net.minecraft.client.multiplayer.ClientConfigurationPacketListenerImpl
[17:14:19] [Render thread/DEBUG] (FabricLoader/Mixin) Mixing accessor.ClientConfigurationNetworkHandlerAccessor from fabric-networking-api-v1.client.mixins.json into net.minecraft.client.multiplayer.ClientConfigurationPacketListenerImpl
[17:14:19] [Render thread/DEBUG] (FabricLoader/Mixin) Mixing ClientConfigurationNetworkHandlerMixin from fabric-lifecycle-events-v1.client.mixins.json into net.minecraft.client.multiplayer.ClientConfigurationPacketListenerImpl
[17:14:19] [Render thread/DEBUG] (FabricLoader/Mixin) fabric-networking-api-v1.client.mixins.json:ClientConfigurationNetworkHandlerMixin from mod fabric-networking-api-v1->@Inject::initAddon(Lorg/spongepowered/asm/mixin/injection/callback/CallbackInfo;)V doesn't use it's CallbackInfo
[17:14:19] [Render thread/DEBUG] (FabricLoader/Mixin) fabric-networking-api-v1.client.mixins.json:ClientConfigurationNetworkHandlerMixin from mod fabric-networking-api-v1->@Inject::initAddon(Lorg/spongepowered/asm/mixin/injection/callback/CallbackInfo;)V has 0 override(s) in child classes
[17:14:19] [Render thread/DEBUG] (FabricLoader/Mixin) fabric-networking-api-v1.client.mixins.json:ClientConfigurationNetworkHandlerMixin from mod fabric-networking-api-v1->@Inject::initAddon(Lorg/spongepowered/asm/mixin/injection/callback/CallbackInfo;)V won't be passed a CallbackInfo as a result
[17:14:19] [Render thread/DEBUG] (FabricLoader/Mixin) fabric-networking-api-v1.client.mixins.json:ClientConfigurationNetworkHandlerMixin from mod fabric-networking-api-v1->@Inject::handleComplete(Lnet/minecraft/network/protocol/configuration/ClientboundFinishConfigurationPacket;Lorg/spongepowered/asm/mixin/injection/callback/CallbackInfo;)V doesn't use it's CallbackInfo
[17:14:19] [Render thread/DEBUG] (FabricLoader/Mixin) fabric-networking-api-v1.client.mixins.json:ClientConfigurationNetworkHandlerMixin from mod fabric-networking-api-v1->@Inject::handleComplete(Lnet/minecraft/network/protocol/configuration/ClientboundFinishConfigurationPacket;Lorg/spongepowered/asm/mixin/injection/callback/CallbackInfo;)V has 0 override(s) in child classes
[17:14:19] [Render thread/DEBUG] (FabricLoader/Mixin) fabric-networking-api-v1.client.mixins.json:ClientConfigurationNetworkHandlerMixin from mod fabric-networking-api-v1->@Inject::handleComplete(Lnet/minecraft/network/protocol/configuration/ClientboundFinishConfigurationPacket;Lorg/spongepowered/asm/mixin/injection/callback/CallbackInfo;)V won't be passed a CallbackInfo as a result
[17:14:19] [Render thread/DEBUG] (FabricLoader/Mixin) fabric-recipe-api-v1.client.mixins.json:sync.ClientConfigurationNetworkHandlerMixin from mod fabric-recipe-api-v1->@Inject::sendSupportedRecipeSerializers(Lnet/minecraft/network/protocol/configuration/ClientboundSelectKnownPacks;Lorg/spongepowered/asm/mixin/injection/callback/CallbackInfo;)V doesn't use it's CallbackInfo
[17:14:19] [Render thread/DEBUG] (FabricLoader/Mixin) fabric-recipe-api-v1.client.mixins.json:sync.ClientConfigurationNetworkHandlerMixin from mod fabric-recipe-api-v1->@Inject::sendSupportedRecipeSerializers(Lnet/minecraft/network/protocol/configuration/ClientboundSelectKnownPacks;Lorg/spongepowered/asm/mixin/injection/callback/CallbackInfo;)V has 0 override(s) in child classes
[17:14:19] [Render thread/DEBUG] (FabricLoader/Mixin) fabric-recipe-api-v1.client.mixins.json:sync.ClientConfigurationNetworkHandlerMixin from mod fabric-recipe-api-v1->@Inject::sendSupportedRecipeSerializers(Lnet/minecraft/network/protocol/configuration/ClientboundSelectKnownPacks;Lorg/spongepowered/asm/mixin/injection/callback/CallbackInfo;)V won't be passed a CallbackInfo as a result
[17:14:19] [Render thread/DEBUG] (FabricLoader/Mixin) fabric-lifecycle-events-v1.client.mixins.json:ClientConfigurationNetworkHandlerMixin from mod fabric-lifecycle-events-v1->@Inject::invokeTagsLoaded(Lnet/minecraft/server/packs/resources/ResourceProvider;Lorg/spongepowered/asm/mixin/injection/callback/CallbackInfoReturnable;)V does use it's CallbackInfoReturnable
[17:14:19] [Render thread/DEBUG] (FabricLoader/Mixin) Mixing ingredient.ClientConnectionMixin from fabric-recipe-api-v1.mixins.json into net.minecraft.network.Connection
[17:14:19] [Render thread/DEBUG] (FabricLoader/Mixin) Mixing sync.ClientConnectionMixin from fabric-recipe-api-v1.mixins.json into net.minecraft.network.Connection
[17:14:19] [Render thread/DEBUG] (FabricLoader/Mixin) Mixing ClientConnectionMixin from fabric-networking-api-v1.mixins.json into net.minecraft.network.Connection
[17:14:19] [Render thread/DEBUG] (FabricLoader/Mixin) Renaming synthetic method lambda$fabric_getPendingChannelsNames$2(Lnet/minecraft/network/ConnectionProtocol;)Ljava/util/Collection; to md7d776e$fabric-networking-api-v1$lambda$fabric_getPendingChannelsNames$2$0 in fabric-networking-api-v1.mixins.json:ClientConnectionMixin from mod fabric-networking-api-v1
[17:14:19] [Render thread/DEBUG] (FabricLoader/Mixin) Renaming synthetic method lambda$injectFabricPacketSlitterHandlerOutbound$1(Lnet/fabricmc/fabric/impl/networking/PayloadTypeRegistryImpl;Lio/netty/channel/ChannelHandlerContext;)V to md7d776e$fabric-networking-api-v1$lambda$injectFabricPacketSlitterHandlerOutbound$1$1 in fabric-networking-api-v1.mixins.json:ClientConnectionMixin from mod fabric-networking-api-v1
[17:14:19] [Render thread/DEBUG] (FabricLoader/Mixin) Renaming synthetic method lambda$injectFabricPacketSlitterHandlerInbound$0(Lnet/fabricmc/fabric/impl/networking/PayloadTypeRegistryImpl;Lnet/minecraft/network/ProtocolInfo;Lio/netty/channel/ChannelHandlerContext;)V to md7d776e$fabric-networking-api-v1$lambda$injectFabricPacketSlitterHandlerInbound$0$2 in fabric-networking-api-v1.mixins.json:ClientConnectionMixin from mod fabric-networking-api-v1
[17:14:19] [Render thread/DEBUG] (FabricLoader/Mixin) Mixing ClientConnectionMixin from fabric-data-attachment-api-v1.mixins.json into net.minecraft.network.Connection
[17:14:19] [Render thread/DEBUG] (FabricLoader/Mixin) fabric-networking-api-v1.mixins.json:ClientConnectionMixin from mod fabric-networking-api-v1->@Inject::initAddedFields(Lnet/minecraft/network/protocol/PacketFlow;Lorg/spongepowered/asm/mixin/injection/callback/CallbackInfo;)V doesn't use it's CallbackInfo
[17:14:19] [Render thread/DEBUG] (FabricLoader/Mixin) fabric-networking-api-v1.mixins.json:ClientConnectionMixin from mod fabric-networking-api-v1->@Inject::initAddedFields(Lnet/minecraft/network/protocol/PacketFlow;Lorg/spongepowered/asm/mixin/injection/callback/CallbackInfo;)V has 0 override(s) in child classes
[17:14:19] [Render thread/DEBUG] (FabricLoader/Mixin) fabric-networking-api-v1.mixins.json:ClientConnectionMixin from mod fabric-networking-api-v1->@Inject::initAddedFields(Lnet/minecraft/network/protocol/PacketFlow;Lorg/spongepowered/asm/mixin/injection/callback/CallbackInfo;)V won't be passed a CallbackInfo as a result
[17:14:19] [Render thread/DEBUG] (FabricLoader/Mixin) fabric-networking-api-v1.mixins.json:ClientConnectionMixin from mod fabric-networking-api-v1->@Inject::checkPacket(Lnet/minecraft/network/protocol/Packet;Lio/netty/channel/ChannelFutureListener;ZLorg/spongepowered/asm/mixin/injection/callback/CallbackInfo;)V doesn't use it's CallbackInfo
[17:14:19] [Render thread/DEBUG] (FabricLoader/Mixin) fabric-networking-api-v1.mixins.json:ClientConnectionMixin from mod fabric-networking-api-v1->@Inject::checkPacket(Lnet/minecraft/network/protocol/Packet;Lio/netty/channel/ChannelFutureListener;ZLorg/spongepowered/asm/mixin/injection/callback/CallbackInfo;)V has 0 override(s) in child classes
[17:14:19] [Render thread/DEBUG] (FabricLoader/Mixin) fabric-networking-api-v1.mixins.json:ClientConnectionMixin from mod fabric-networking-api-v1->@Inject::checkPacket(Lnet/minecraft/network/protocol/Packet;Lio/netty/channel/ChannelFutureListener;ZLorg/spongepowered/asm/mixin/injection/callback/CallbackInfo;)V won't be passed a CallbackInfo as a result
[17:14:19] [Render thread/DEBUG] (FabricLoader/Mixin) fabric-networking-api-v1.mixins.json:ClientConnectionMixin from mod fabric-networking-api-v1->@Inject::checkPacket(Lnet/minecraft/network/protocol/Packet;Lio/netty/channel/ChannelFutureListener;ZLorg/spongepowered/asm/mixin/injection/callback/CallbackInfo;)V doesn't use it's CallbackInfo
[17:14:19] [Render thread/DEBUG] (FabricLoader/Mixin) fabric-networking-api-v1.mixins.json:ClientConnectionMixin from mod fabric-networking-api-v1->@Inject::checkPacket(Lnet/minecraft/network/protocol/Packet;Lio/netty/channel/ChannelFutureListener;ZLorg/spongepowered/asm/mixin/injection/callback/CallbackInfo;)V has 0 override(s) in child classes
[17:14:19] [Render thread/DEBUG] (FabricLoader/Mixin) fabric-networking-api-v1.mixins.json:ClientConnectionMixin from mod fabric-networking-api-v1->@Inject::checkPacket(Lnet/minecraft/network/protocol/Packet;Lio/netty/channel/ChannelFutureListener;ZLorg/spongepowered/asm/mixin/injection/callback/CallbackInfo;)V won't be passed a CallbackInfo as a result
[17:14:19] [Render thread/DEBUG] (FabricLoader/Mixin) fabric-networking-api-v1.mixins.json:ClientConnectionMixin from mod fabric-networking-api-v1->@Inject::unwatchAddon(Lnet/minecraft/network/ProtocolInfo;Lnet/minecraft/network/PacketListener;Lorg/spongepowered/asm/mixin/injection/callback/CallbackInfo;)V doesn't use it's CallbackInfo
[17:14:19] [Render thread/DEBUG] (FabricLoader/Mixin) fabric-networking-api-v1.mixins.json:ClientConnectionMixin from mod fabric-networking-api-v1->@Inject::unwatchAddon(Lnet/minecraft/network/ProtocolInfo;Lnet/minecraft/network/PacketListener;Lorg/spongepowered/asm/mixin/injection/callback/CallbackInfo;)V has 0 override(s) in child classes
[17:14:19] [Render thread/DEBUG] (FabricLoader/Mixin) fabric-networking-api-v1.mixins.json:ClientConnectionMixin from mod fabric-networking-api-v1->@Inject::unwatchAddon(Lnet/minecraft/network/ProtocolInfo;Lnet/minecraft/network/PacketListener;Lorg/spongepowered/asm/mixin/injection/callback/CallbackInfo;)V won't be passed a CallbackInfo as a result
[17:14:19] [Render thread/DEBUG] (FabricLoader/Mixin) fabric-networking-api-v1.mixins.json:ClientConnectionMixin from mod fabric-networking-api-v1->@Inject::disconnectAddon(Lio/netty/channel/ChannelHandlerContext;Lorg/spongepowered/asm/mixin/injection/callback/CallbackInfo;)V doesn't use it's CallbackInfo
[17:14:19] [Render thread/DEBUG] (FabricLoader/Mixin) fabric-networking-api-v1.mixins.json:ClientConnectionMixin from mod fabric-networking-api-v1->@Inject::disconnectAddon(Lio/netty/channel/ChannelHandlerContext;Lorg/spongepowered/asm/mixin/injection/callback/CallbackInfo;)V has 0 override(s) in child classes
[17:14:19] [Render thread/DEBUG] (FabricLoader/Mixin) fabric-networking-api-v1.mixins.json:ClientConnectionMixin from mod fabric-networking-api-v1->@Inject::disconnectAddon(Lio/netty/channel/ChannelHandlerContext;Lorg/spongepowered/asm/mixin/injection/callback/CallbackInfo;)V won't be passed a CallbackInfo as a result
[17:14:19] [Render thread/DEBUG] (FabricLoader/Mixin) fabric-networking-api-v1.mixins.json:ClientConnectionMixin from mod fabric-networking-api-v1->@Inject::disconnectAddon(Lorg/spongepowered/asm/mixin/injection/callback/CallbackInfo;)V doesn't use it's CallbackInfo
[17:14:19] [Render thread/DEBUG] (FabricLoader/Mixin) fabric-networking-api-v1.mixins.json:ClientConnectionMixin from mod fabric-networking-api-v1->@Inject::disconnectAddon(Lorg/spongepowered/asm/mixin/injection/callback/CallbackInfo;)V has 0 override(s) in child classes
[17:14:19] [Render thread/DEBUG] (FabricLoader/Mixin) fabric-networking-api-v1.mixins.json:ClientConnectionMixin from mod fabric-networking-api-v1->@Inject::disconnectAddon(Lorg/spongepowered/asm/mixin/injection/callback/CallbackInfo;)V won't be passed a CallbackInfo as a result
[17:14:19] [Render thread/INFO] (net.fabricmc.fabric.impl.client.indigo.Indigo) [Indigo] Registering Indigo renderer!
[17:14:19] [Render thread/DEBUG] (FabricLoader/Mixin) Mixing SimpleRegistryTagLookup2Accessor from fabric-tag-api-v1.mixins.json into net.minecraft.core.MappedRegistry$TagSet$2
[17:14:19] [Render thread/DEBUG] (FabricLoader/Mixin) Mixing GameOptionsMixin from fabric-resource-loader-v0.client.mixins.json into net.minecraft.client.Options
[17:14:19] [Render thread/DEBUG] (FabricLoader/Mixin) Mixing GameOptionsMixin from fabric-key-binding-api-v1.mixins.json into net.minecraft.client.Options
[17:14:19] [Render thread/DEBUG] (FabricLoader/Mixin) fabric-resource-loader-v0.client.mixins.json:GameOptionsMixin from mod fabric-resource-loader-v0->@Inject::onLoad(Lorg/spongepowered/asm/mixin/injection/callback/CallbackInfo;)V doesn't use it's CallbackInfo
[17:14:19] [Render thread/DEBUG] (FabricLoader/Mixin) fabric-resource-loader-v0.client.mixins.json:GameOptionsMixin from mod fabric-resource-loader-v0->@Inject::onLoad(Lorg/spongepowered/asm/mixin/injection/callback/CallbackInfo;)V has 0 override(s) in child classes
[17:14:19] [Render thread/DEBUG] (FabricLoader/Mixin) fabric-resource-loader-v0.client.mixins.json:GameOptionsMixin from mod fabric-resource-loader-v0->@Inject::onLoad(Lorg/spongepowered/asm/mixin/injection/callback/CallbackInfo;)V won't be passed a CallbackInfo as a result
[17:14:19] [Render thread/DEBUG] (FabricLoader/Mixin) fabric-resource-loader-v0.client.mixins.json:GameOptionsMixin from mod fabric-resource-loader-v0->@Inject::onLoad(Lorg/spongepowered/asm/mixin/injection/callback/CallbackInfo;)V doesn't use it's CallbackInfo
[17:14:19] [Render thread/DEBUG] (FabricLoader/Mixin) fabric-resource-loader-v0.client.mixins.json:GameOptionsMixin from mod fabric-resource-loader-v0->@Inject::onLoad(Lorg/spongepowered/asm/mixin/injection/callback/CallbackInfo;)V has 0 override(s) in child classes
[17:14:19] [Render thread/DEBUG] (FabricLoader/Mixin) fabric-resource-loader-v0.client.mixins.json:GameOptionsMixin from mod fabric-resource-loader-v0->@Inject::onLoad(Lorg/spongepowered/asm/mixin/injection/callback/CallbackInfo;)V won't be passed a CallbackInfo as a result
[17:14:19] [Render thread/DEBUG] (FabricLoader/Mixin) fabric-key-binding-api-v1.mixins.json:GameOptionsMixin from mod fabric-key-binding-api-v1->@Inject::loadHook(Lorg/spongepowered/asm/mixin/injection/callback/CallbackInfo;)V doesn't use it's CallbackInfo
[17:14:19] [Render thread/DEBUG] (FabricLoader/Mixin) fabric-key-binding-api-v1.mixins.json:GameOptionsMixin from mod fabric-key-binding-api-v1->@Inject::loadHook(Lorg/spongepowered/asm/mixin/injection/callback/CallbackInfo;)V has 0 override(s) in child classes
[17:14:19] [Render thread/DEBUG] (FabricLoader/Mixin) fabric-key-binding-api-v1.mixins.json:GameOptionsMixin from mod fabric-key-binding-api-v1->@Inject::loadHook(Lorg/spongepowered/asm/mixin/injection/callback/CallbackInfo;)V won't be passed a CallbackInfo as a result
[17:14:19] [Render thread/DEBUG] (FabricLoader/Mixin) Mixing SoundInstanceMixin from fabric-sound-api-v1.mixins.json into net.minecraft.client.resources.sounds.SoundInstance
[17:14:20] [Render thread/DEBUG] (FabricLoader/Mixin) Mixing ResourcePackProfileMixin from fabric-resource-loader-v0.mixins.json into net.minecraft.server.packs.repository.Pack
[17:14:20] [Render thread/DEBUG] (FabricLoader/Mixin) Renaming synthetic method lambda$static$0(Ljava/util/Set;)Z to md7d776e$fabric-resource-loader-v0$lambda$static$0$0 in fabric-resource-loader-v0.mixins.json:ResourcePackProfileMixin from mod fabric-resource-loader-v0
[17:14:20] [Render thread/DEBUG] (FabricLoader/Mixin) Mixing ResourcePackProfileMixin from fabric-resource-conditions-api-v1.mixins.json into net.minecraft.server.packs.repository.Pack
[17:14:20] [Render thread/DEBUG] (FabricLoader/Mixin) fabric-resource-loader-v0.mixins.json:ResourcePackProfileMixin from mod fabric-resource-loader-v0->@Inject::onCreateResourcePack(Lorg/spongepowered/asm/mixin/injection/callback/CallbackInfoReturnable;)V does use it's CallbackInfoReturnable
[17:14:20] [Render thread/DEBUG] (FabricLoader/Mixin) Mixing GameOptionsWriteVisitorMixin from fabric-resource-loader-v0.client.mixins.json into net.minecraft.client.Options$3
[17:14:20] [Render thread/INFO] (net.minecraft.client.Minecraft) Backend library: LWJGL version 3.3.3-snapshot
[17:14:20] [ModMenu/Update Checker/Fabric Loader/DEBUG] (Mod Menu/Fabric Update Checker) Fabric Loader is up to date.
[17:14:20] [Download-1/DEBUG] (com.mojang.authlib.yggdrasil.YggdrasilMinecraftSessionService) Couldn't fetch profile properties for bbd99455-8401-3d8f-8354-38be4a4ffba2 as the profile does not exist
[17:14:20] [ModMenu/Update Checker/2/DEBUG] (Mod Menu/Update Checker) Status: 200
[17:14:20] [ModMenu/Update Checker/2/DEBUG] (Mod Menu/Update Checker) {}
[17:14:20] [Download-2/ERROR] (net.minecraft.client.Minecraft) Failed to fetch user properties
com.mojang.authlib.exceptions.InvalidCredentialsException: Status: 401
	at knot/com.mojang.authlib.exceptions.MinecraftClientHttpException.toAuthenticationException(MinecraftClientHttpException.java:59) ~[authlib-7.0.61.jar:?]
	at knot/com.mojang.authlib.yggdrasil.YggdrasilUserApiService.fetchProperties(YggdrasilUserApiService.java:150) ~[authlib-7.0.61.jar:?]
	at knot/net.minecraft.client.Minecraft.method_55608(Minecraft.java:465) ~[minecraft-merged-fc94d00cde-1.21.10-loom.mappings.1_21_10.layered+hash.40359-v2.jar:?]
	at java.base/java.util.concurrent.CompletableFuture$AsyncSupply.run(CompletableFuture.java:1812) ~[?:?]
	at java.base/java.util.concurrent.ThreadPoolExecutor.runWorker(ThreadPoolExecutor.java:1144) ~[?:?]
	at java.base/java.util.concurrent.ThreadPoolExecutor$Worker.run(ThreadPoolExecutor.java:642) ~[?:?]
	at java.base/java.lang.Thread.run(Thread.java:1575) [?:?]
Caused by: com.mojang.authlib.exceptions.MinecraftClientHttpException: Status: 401
	at knot/com.mojang.authlib.minecraft.client.MinecraftClient.readInputStream(MinecraftClient.java:103) ~[authlib-7.0.61.jar:?]
	at knot/com.mojang.authlib.minecraft.client.MinecraftClient.get(MinecraftClient.java:56) ~[authlib-7.0.61.jar:?]
	at knot/com.mojang.authlib.yggdrasil.YggdrasilUserApiService.fetchProperties(YggdrasilUserApiService.java:121) ~[authlib-7.0.61.jar:?]
	... 5 more
[17:14:20] [Render thread/DEBUG] (FabricLoader/Mixin) Mixing MouseMixin from fabric-screen-api-v1.mixins.json into net.minecraft.client.MouseHandler
[17:14:20] [Render thread/DEBUG] (FabricLoader/Mixin) Mixing client.MixinMouseHandler from architectury.mixins.json into net.minecraft.client.MouseHandler
[17:14:20] [Render thread/DEBUG] (FabricLoader/Mixin) architectury.mixins.json:client.MixinMouseHandler from mod architectury: Class version 65 required is higher than the class version supported by the current version of Mixin (JAVA_16 supports class version 60)
[17:14:20] [Render thread/DEBUG] (FabricLoader/Mixin) architectury.mixins.json:client.MixinMouseHandler from mod architectury->@Inject::onRawMouseScrolled(JDDLorg/spongepowered/asm/mixin/injection/callback/CallbackInfo;)V does use it's CallbackInfo
[17:14:20] [Render thread/DEBUG] (FabricLoader/Mixin) architectury.mixins.json:client.MixinMouseHandler from mod architectury->@Inject::onRawMouseClicked(JLnet/minecraft/client/input/MouseButtonInfo;ILorg/spongepowered/asm/mixin/injection/callback/CallbackInfo;)V does use it's CallbackInfo
[17:14:20] [Render thread/DEBUG] (FabricLoader/Mixin) architectury.mixins.json:client.MixinMouseHandler from mod architectury->@Inject::onRawMouseClickedPost(JLnet/minecraft/client/input/MouseButtonInfo;ILorg/spongepowered/asm/mixin/injection/callback/CallbackInfo;)V does use it's CallbackInfo
[17:14:20] [Render thread/DEBUG] (FabricLoader/Mixin) architectury.mixins.json:client.MixinMouseHandler from mod architectury->@Inject::onRawMouseClickedPost(JLnet/minecraft/client/input/MouseButtonInfo;ILorg/spongepowered/asm/mixin/injection/callback/CallbackInfo;)V does use it's CallbackInfo
[17:14:20] [Render thread/DEBUG] (FabricLoader/Mixin) architectury.mixins.json:client.MixinMouseHandler from mod architectury->@Inject::onRawMouseClickedPost(JLnet/minecraft/client/input/MouseButtonInfo;ILorg/spongepowered/asm/mixin/injection/callback/CallbackInfo;)V does use it's CallbackInfo
[17:14:20] [Render thread/DEBUG] (FabricLoader/Mixin) architectury.mixins.json:client.MixinMouseHandler from mod architectury->@Inject::onRawMouseClickedPost(JLnet/minecraft/client/input/MouseButtonInfo;ILorg/spongepowered/asm/mixin/injection/callback/CallbackInfo;)V does use it's CallbackInfo
[17:14:20] [Render thread/DEBUG] (FabricLoader/Mixin) architectury.mixins.json:client.MixinMouseHandler from mod architectury->@Inject::onRawMouseClickedPost(JLnet/minecraft/client/input/MouseButtonInfo;ILorg/spongepowered/asm/mixin/injection/callback/CallbackInfo;)V does use it's CallbackInfo
[17:14:20] [Render thread/DEBUG] (FabricLoader/Mixin) architectury.mixins.json:client.MixinMouseHandler from mod architectury->@Inject::onRawMouseClickedPost(JLnet/minecraft/client/input/MouseButtonInfo;ILorg/spongepowered/asm/mixin/injection/callback/CallbackInfo;)V does use it's CallbackInfo
[17:14:20] [Render thread/DEBUG] (FabricLoader/Mixin) Mixing KeyboardMixin from fabric-screen-api-v1.mixins.json into net.minecraft.client.KeyboardHandler
[17:14:20] [Render thread/DEBUG] (FabricLoader/Mixin) Mixing client.MixinKeyboardHandler from architectury.mixins.json into net.minecraft.client.KeyboardHandler
[17:14:20] [Render thread/DEBUG] (FabricLoader/Mixin) architectury.mixins.json:client.MixinKeyboardHandler from mod architectury: Class version 65 required is higher than the class version supported by the current version of Mixin (JAVA_16 supports class version 60)
[17:14:20] [Render thread/DEBUG] (FabricLoader/Mixin) architectury.mixins.json:client.MixinKeyboardHandler from mod architectury->@Inject::onRawKey(JILnet/minecraft/client/input/KeyEvent;Lorg/spongepowered/asm/mixin/injection/callback/CallbackInfo;)V does use it's CallbackInfo
[17:14:20] [Render thread/DEBUG] (FabricLoader/Mixin) architectury.mixins.json:client.MixinKeyboardHandler from mod architectury->@Inject::onRawKey(JILnet/minecraft/client/input/KeyEvent;Lorg/spongepowered/asm/mixin/injection/callback/CallbackInfo;)V does use it's CallbackInfo
[17:14:20] [Render thread/DEBUG] (FabricLoader/Mixin) architectury.mixins.json:client.MixinKeyboardHandler from mod architectury->@Inject::onRawKey(JILnet/minecraft/client/input/KeyEvent;Lorg/spongepowered/asm/mixin/injection/callback/CallbackInfo;)V does use it's CallbackInfo
[17:14:20] [Render thread/DEBUG] (FabricLoader/Mixin) architectury.mixins.json:client.MixinKeyboardHandler from mod architectury->@Inject::onRawKey(JILnet/minecraft/client/input/KeyEvent;Lorg/spongepowered/asm/mixin/injection/callback/CallbackInfo;)V does use it's CallbackInfo
[17:14:20] [Render thread/DEBUG] (FabricLoader/Mixin) architectury.mixins.json:client.MixinKeyboardHandler from mod architectury->@Inject::onRawKey(JILnet/minecraft/client/input/KeyEvent;Lorg/spongepowered/asm/mixin/injection/callback/CallbackInfo;)V does use it's CallbackInfo
[17:14:20] [Render thread/DEBUG] (FabricLoader/Mixin) architectury.mixins.json:client.MixinKeyboardHandler from mod architectury->@Inject::onRawKey(JILnet/minecraft/client/input/KeyEvent;Lorg/spongepowered/asm/mixin/injection/callback/CallbackInfo;)V does use it's CallbackInfo
[17:14:20] [Render thread/DEBUG] (FabricLoader/Mixin) architectury.mixins.json:client.MixinKeyboardHandler from mod architectury->@Inject::onRawKey(JILnet/minecraft/client/input/KeyEvent;Lorg/spongepowered/asm/mixin/injection/callback/CallbackInfo;)V does use it's CallbackInfo
[17:14:20] [Render thread/INFO] (net.minecraft.client.Minecraft) Using optional rendering extensions: 
[17:14:20] [Render thread/DEBUG] (FabricLoader/Mixin) Mixing LifecycledResourceManagerImplMixin from fabric-resource-loader-v1.mixins.json into net.minecraft.server.packs.resources.MultiPackResourceManager
[17:14:20] [Render thread/DEBUG] (FabricLoader/Mixin) fabric-resource-loader-v1.mixins.json:LifecycledResourceManagerImplMixin from mod fabric-resource-loader-v1->@Inject::init(Lnet/minecraft/server/packs/PackType;Ljava/util/List;Lorg/spongepowered/asm/mixin/injection/callback/CallbackInfo;)V doesn't use it's CallbackInfo
[17:14:20] [Render thread/DEBUG] (FabricLoader/Mixin) fabric-resource-loader-v1.mixins.json:LifecycledResourceManagerImplMixin from mod fabric-resource-loader-v1->@Inject::init(Lnet/minecraft/server/packs/PackType;Ljava/util/List;Lorg/spongepowered/asm/mixin/injection/callback/CallbackInfo;)V has 0 override(s) in child classes
[17:14:20] [Render thread/DEBUG] (FabricLoader/Mixin) fabric-resource-loader-v1.mixins.json:LifecycledResourceManagerImplMixin from mod fabric-resource-loader-v1->@Inject::init(Lnet/minecraft/server/packs/PackType;Ljava/util/List;Lorg/spongepowered/asm/mixin/injection/callback/CallbackInfo;)V won't be passed a CallbackInfo as a result
[17:14:20] [Render thread/DEBUG] (net.fabricmc.fabric.impl.resource.loader.ModResourcePackUtil) [Fabric] Starting internal pack sorting with: [vanilla, cloth-config, effectual, fabric, fabric-api, fabric-api-base, fabric-api-lookup-api-v1, fabric-biome-api-v1, fabric-block-api-v1, fabric-block-view-api-v2, fabric-client-gametest-api-v1, fabric-command-api-v2, fabric-content-registries-v0, fabric-convention-tags-v1, fabric-convention-tags-v2, fabric-crash-report-info-v1, fabric-data-attachment-api-v1, fabric-data-generation-api-v1, fabric-dimensions-v1, fabric-entity-events-v1, fabric-events-interaction-v0, fabric-game-rule-api-v1, fabric-gametest-api-v1, fabric-item-api-v1, fabric-item-group-api-v1, fabric-item-group-api-v1_programmer_art, fabric-key-binding-api-v1, fabric-lifecycle-events-v1, fabric-loot-api-v2, fabric-loot-api-v3, fabric-message-api-v1, fabric-model-loading-api-v1, fabric-networking-api-v1, fabric-object-builder-api-v1, fabric-particles-v1, fabric-recipe-api-v1, fabric-registry-sync-v0, fabric-renderer-api-v1, fabric-renderer-indigo, fabric-rendering-fluids-v1, fabric-rendering-v1, fabric-resource-conditions-api-v1, fabric-resource-loader-v0, fabric-resource-loader-v1, fabric-screen-api-v1, fabric-screen-handler-api-v1, fabric-serialization-api-v1, fabric-sound-api-v1, fabric-tag-api-v1, fabric-transfer-api-v1, fabric-transitive-access-wideners-v1, fabricloader, generated_5ad6e91, modmenu, modmenu_high_contrast, modmenu_programmer_art, tlib]
[17:14:20] [Render thread/DEBUG] (net.fabricmc.fabric.impl.resource.loader.ModResourcePackUtil) [Fabric] Removed all internal packs, result: [vanilla, fabric]
[17:14:20] [Render thread/DEBUG] (net.fabricmc.fabric.impl.resource.loader.ModResourcePackUtil) [Fabric] cur @ fabric, auto-enabled cloth-config, currently enabled: [vanilla, fabric, cloth-config]
[17:14:20] [Render thread/DEBUG] (net.fabricmc.fabric.impl.resource.loader.ModResourcePackUtil) [Fabric] cur @ fabric, auto-enabled effectual, currently enabled: [vanilla, fabric, cloth-config, effectual]
[17:14:20] [Render thread/DEBUG] (net.fabricmc.fabric.impl.resource.loader.ModResourcePackUtil) [Fabric] cur @ fabric, auto-enabled fabric-api, currently enabled: [vanilla, fabric, cloth-config, effectual, fabric-api]
[17:14:20] [Render thread/DEBUG] (net.fabricmc.fabric.impl.resource.loader.ModResourcePackUtil) [Fabric] cur @ fabric, auto-enabled fabric-api-base, currently enabled: [vanilla, fabric, cloth-config, effectual, fabric-api, fabric-api-base]
[17:14:20] [Render thread/DEBUG] (net.fabricmc.fabric.impl.resource.loader.ModResourcePackUtil) [Fabric] cur @ fabric, auto-enabled fabric-api-lookup-api-v1, currently enabled: [vanilla, fabric, cloth-config, effectual, fabric-api, fabric-api-base, fabric-api-lookup-api-v1]
[17:14:20] [Render thread/DEBUG] (net.fabricmc.fabric.impl.resource.loader.ModResourcePackUtil) [Fabric] cur @ fabric, auto-enabled fabric-biome-api-v1, currently enabled: [vanilla, fabric, cloth-config, effectual, fabric-api, fabric-api-base, fabric-api-lookup-api-v1, fabric-biome-api-v1]
[17:14:20] [Render thread/DEBUG] (net.fabricmc.fabric.impl.resource.loader.ModResourcePackUtil) [Fabric] cur @ fabric, auto-enabled fabric-block-api-v1, currently enabled: [vanilla, fabric, cloth-config, effectual, fabric-api, fabric-api-base, fabric-api-lookup-api-v1, fabric-biome-api-v1, fabric-block-api-v1]
[17:14:20] [Render thread/DEBUG] (net.fabricmc.fabric.impl.resource.loader.ModResourcePackUtil) [Fabric] cur @ fabric, auto-enabled fabric-block-view-api-v2, currently enabled: [vanilla, fabric, cloth-config, effectual, fabric-api, fabric-api-base, fabric-api-lookup-api-v1, fabric-biome-api-v1, fabric-block-api-v1, fabric-block-view-api-v2]
[17:14:20] [Render thread/DEBUG] (net.fabricmc.fabric.impl.resource.loader.ModResourcePackUtil) [Fabric] cur @ fabric, auto-enabled fabric-client-gametest-api-v1, currently enabled: [vanilla, fabric, cloth-config, effectual, fabric-api, fabric-api-base, fabric-api-lookup-api-v1, fabric-biome-api-v1, fabric-block-api-v1, fabric-block-view-api-v2, fabric-client-gametest-api-v1]
[17:14:20] [Render thread/DEBUG] (net.fabricmc.fabric.impl.resource.loader.ModResourcePackUtil) [Fabric] cur @ fabric, auto-enabled fabric-command-api-v2, currently enabled: [vanilla, fabric, cloth-config, effectual, fabric-api, fabric-api-base, fabric-api-lookup-api-v1, fabric-biome-api-v1, fabric-block-api-v1, fabric-block-view-api-v2, fabric-client-gametest-api-v1, fabric-command-api-v2]
[17:14:20] [Render thread/DEBUG] (net.fabricmc.fabric.impl.resource.loader.ModResourcePackUtil) [Fabric] cur @ fabric, auto-enabled fabric-content-registries-v0, currently enabled: [vanilla, fabric, cloth-config, effectual, fabric-api, fabric-api-base, fabric-api-lookup-api-v1, fabric-biome-api-v1, fabric-block-api-v1, fabric-block-view-api-v2, fabric-client-gametest-api-v1, fabric-command-api-v2, fabric-content-registries-v0]
[17:14:20] [Render thread/DEBUG] (net.fabricmc.fabric.impl.resource.loader.ModResourcePackUtil) [Fabric] cur @ fabric, auto-enabled fabric-convention-tags-v1, currently enabled: [vanilla, fabric, cloth-config, effectual, fabric-api, fabric-api-base, fabric-api-lookup-api-v1, fabric-biome-api-v1, fabric-block-api-v1, fabric-block-view-api-v2, fabric-client-gametest-api-v1, fabric-command-api-v2, fabric-content-registries-v0, fabric-convention-tags-v1]
[17:14:20] [Render thread/DEBUG] (net.fabricmc.fabric.impl.resource.loader.ModResourcePackUtil) [Fabric] cur @ fabric, auto-enabled fabric-convention-tags-v2, currently enabled: [vanilla, fabric, cloth-config, effectual, fabric-api, fabric-api-base, fabric-api-lookup-api-v1, fabric-biome-api-v1, fabric-block-api-v1, fabric-block-view-api-v2, fabric-client-gametest-api-v1, fabric-command-api-v2, fabric-content-registries-v0, fabric-convention-tags-v1, fabric-convention-tags-v2]
[17:14:20] [Render thread/DEBUG] (net.fabricmc.fabric.impl.resource.loader.ModResourcePackUtil) [Fabric] cur @ fabric, auto-enabled fabric-crash-report-info-v1, currently enabled: [vanilla, fabric, cloth-config, effectual, fabric-api, fabric-api-base, fabric-api-lookup-api-v1, fabric-biome-api-v1, fabric-block-api-v1, fabric-block-view-api-v2, fabric-client-gametest-api-v1, fabric-command-api-v2, fabric-content-registries-v0, fabric-convention-tags-v1, fabric-convention-tags-v2, fabric-crash-report-info-v1]
[17:14:20] [Render thread/DEBUG] (net.fabricmc.fabric.impl.resource.loader.ModResourcePackUtil) [Fabric] cur @ fabric, auto-enabled fabric-data-attachment-api-v1, currently enabled: [vanilla, fabric, cloth-config, effectual, fabric-api, fabric-api-base, fabric-api-lookup-api-v1, fabric-biome-api-v1, fabric-block-api-v1, fabric-block-view-api-v2, fabric-client-gametest-api-v1, fabric-command-api-v2, fabric-content-registries-v0, fabric-convention-tags-v1, fabric-convention-tags-v2, fabric-crash-report-info-v1, fabric-data-attachment-api-v1]
[17:14:20] [Render thread/DEBUG] (net.fabricmc.fabric.impl.resource.loader.ModResourcePackUtil) [Fabric] cur @ fabric, auto-enabled fabric-data-generation-api-v1, currently enabled: [vanilla, fabric, cloth-config, effectual, fabric-api, fabric-api-base, fabric-api-lookup-api-v1, fabric-biome-api-v1, fabric-block-api-v1, fabric-block-view-api-v2, fabric-client-gametest-api-v1, fabric-command-api-v2, fabric-content-registries-v0, fabric-convention-tags-v1, fabric-convention-tags-v2, fabric-crash-report-info-v1, fabric-data-attachment-api-v1, fabric-data-generation-api-v1]
[17:14:20] [Render thread/DEBUG] (net.fabricmc.fabric.impl.resource.loader.ModResourcePackUtil) [Fabric] cur @ fabric, auto-enabled fabric-dimensions-v1, currently enabled: [vanilla, fabric, cloth-config, effectual, fabric-api, fabric-api-base, fabric-api-lookup-api-v1, fabric-biome-api-v1, fabric-block-api-v1, fabric-block-view-api-v2, fabric-client-gametest-api-v1, fabric-command-api-v2, fabric-content-registries-v0, fabric-convention-tags-v1, fabric-convention-tags-v2, fabric-crash-report-info-v1, fabric-data-attachment-api-v1, fabric-data-generation-api-v1, fabric-dimensions-v1]
[17:14:20] [Render thread/DEBUG] (net.fabricmc.fabric.impl.resource.loader.ModResourcePackUtil) [Fabric] cur @ fabric, auto-enabled fabric-entity-events-v1, currently enabled: [vanilla, fabric, cloth-config, effectual, fabric-api, fabric-api-base, fabric-api-lookup-api-v1, fabric-biome-api-v1, fabric-block-api-v1, fabric-block-view-api-v2, fabric-client-gametest-api-v1, fabric-command-api-v2, fabric-content-registries-v0, fabric-convention-tags-v1, fabric-convention-tags-v2, fabric-crash-report-info-v1, fabric-data-attachment-api-v1, fabric-data-generation-api-v1, fabric-dimensions-v1, fabric-entity-events-v1]
[17:14:20] [Render thread/DEBUG] (net.fabricmc.fabric.impl.resource.loader.ModResourcePackUtil) [Fabric] cur @ fabric, auto-enabled fabric-events-interaction-v0, currently enabled: [vanilla, fabric, cloth-config, effectual, fabric-api, fabric-api-base, fabric-api-lookup-api-v1, fabric-biome-api-v1, fabric-block-api-v1, fabric-block-view-api-v2, fabric-client-gametest-api-v1, fabric-command-api-v2, fabric-content-registries-v0, fabric-convention-tags-v1, fabric-convention-tags-v2, fabric-crash-report-info-v1, fabric-data-attachment-api-v1, fabric-data-generation-api-v1, fabric-dimensions-v1, fabric-entity-events-v1, fabric-events-interaction-v0]
[17:14:20] [Render thread/DEBUG] (net.fabricmc.fabric.impl.resource.loader.ModResourcePackUtil) [Fabric] cur @ fabric, auto-enabled fabric-game-rule-api-v1, currently enabled: [vanilla, fabric, cloth-config, effectual, fabric-api, fabric-api-base, fabric-api-lookup-api-v1, fabric-biome-api-v1, fabric-block-api-v1, fabric-block-view-api-v2, fabric-client-gametest-api-v1, fabric-command-api-v2, fabric-content-registries-v0, fabric-convention-tags-v1, fabric-convention-tags-v2, fabric-crash-report-info-v1, fabric-data-attachment-api-v1, fabric-data-generation-api-v1, fabric-dimensions-v1, fabric-entity-events-v1, fabric-events-interaction-v0, fabric-game-rule-api-v1]
[17:14:20] [Render thread/DEBUG] (net.fabricmc.fabric.impl.resource.loader.ModResourcePackUtil) [Fabric] cur @ fabric, auto-enabled fabric-gametest-api-v1, currently enabled: [vanilla, fabric, cloth-config, effectual, fabric-api, fabric-api-base, fabric-api-lookup-api-v1, fabric-biome-api-v1, fabric-block-api-v1, fabric-block-view-api-v2, fabric-client-gametest-api-v1, fabric-command-api-v2, fabric-content-registries-v0, fabric-convention-tags-v1, fabric-convention-tags-v2, fabric-crash-report-info-v1, fabric-data-attachment-api-v1, fabric-data-generation-api-v1, fabric-dimensions-v1, fabric-entity-events-v1, fabric-events-interaction-v0, fabric-game-rule-api-v1, fabric-gametest-api-v1]
[17:14:20] [Render thread/DEBUG] (net.fabricmc.fabric.impl.resource.loader.ModResourcePackUtil) [Fabric] cur @ fabric, auto-enabled fabric-item-api-v1, currently enabled: [vanilla, fabric, cloth-config, effectual, fabric-api, fabric-api-base, fabric-api-lookup-api-v1, fabric-biome-api-v1, fabric-block-api-v1, fabric-block-view-api-v2, fabric-client-gametest-api-v1, fabric-command-api-v2, fabric-content-registries-v0, fabric-convention-tags-v1, fabric-convention-tags-v2, fabric-crash-report-info-v1, fabric-data-attachment-api-v1, fabric-data-generation-api-v1, fabric-dimensions-v1, fabric-entity-events-v1, fabric-events-interaction-v0, fabric-game-rule-api-v1, fabric-gametest-api-v1, fabric-item-api-v1]
[17:14:20] [Render thread/DEBUG] (net.fabricmc.fabric.impl.resource.loader.ModResourcePackUtil) [Fabric] cur @ fabric, auto-enabled fabric-item-group-api-v1, currently enabled: [vanilla, fabric, cloth-config, effectual, fabric-api, fabric-api-base, fabric-api-lookup-api-v1, fabric-biome-api-v1, fabric-block-api-v1, fabric-block-view-api-v2, fabric-client-gametest-api-v1, fabric-command-api-v2, fabric-content-registries-v0, fabric-convention-tags-v1, fabric-convention-tags-v2, fabric-crash-report-info-v1, fabric-data-attachment-api-v1, fabric-data-generation-api-v1, fabric-dimensions-v1, fabric-entity-events-v1, fabric-events-interaction-v0, fabric-game-rule-api-v1, fabric-gametest-api-v1, fabric-item-api-v1, fabric-item-group-api-v1]
[17:14:20] [Render thread/DEBUG] (net.fabricmc.fabric.impl.resource.loader.ModResourcePackUtil) [Fabric] cur @ fabric, auto-enabled fabric-key-binding-api-v1, currently enabled: [vanilla, fabric, cloth-config, effectual, fabric-api, fabric-api-base, fabric-api-lookup-api-v1, fabric-biome-api-v1, fabric-block-api-v1, fabric-block-view-api-v2, fabric-client-gametest-api-v1, fabric-command-api-v2, fabric-content-registries-v0, fabric-convention-tags-v1, fabric-convention-tags-v2, fabric-crash-report-info-v1, fabric-data-attachment-api-v1, fabric-data-generation-api-v1, fabric-dimensions-v1, fabric-entity-events-v1, fabric-events-interaction-v0, fabric-game-rule-api-v1, fabric-gametest-api-v1, fabric-item-api-v1, fabric-item-group-api-v1, fabric-key-binding-api-v1]
[17:14:20] [Render thread/DEBUG] (net.fabricmc.fabric.impl.resource.loader.ModResourcePackUtil) [Fabric] cur @ fabric, auto-enabled fabric-lifecycle-events-v1, currently enabled: [vanilla, fabric, cloth-config, effectual, fabric-api, fabric-api-base, fabric-api-lookup-api-v1, fabric-biome-api-v1, fabric-block-api-v1, fabric-block-view-api-v2, fabric-client-gametest-api-v1, fabric-command-api-v2, fabric-content-registries-v0, fabric-convention-tags-v1, fabric-convention-tags-v2, fabric-crash-report-info-v1, fabric-data-attachment-api-v1, fabric-data-generation-api-v1, fabric-dimensions-v1, fabric-entity-events-v1, fabric-events-interaction-v0, fabric-game-rule-api-v1, fabric-gametest-api-v1, fabric-item-api-v1, fabric-item-group-api-v1, fabric-key-binding-api-v1, fabric-lifecycle-events-v1]
[17:14:20] [Render thread/DEBUG] (net.fabricmc.fabric.impl.resource.loader.ModResourcePackUtil) [Fabric] cur @ fabric, auto-enabled fabric-loot-api-v2, currently enabled: [vanilla, fabric, cloth-config, effectual, fabric-api, fabric-api-base, fabric-api-lookup-api-v1, fabric-biome-api-v1, fabric-block-api-v1, fabric-block-view-api-v2, fabric-client-gametest-api-v1, fabric-command-api-v2, fabric-content-registries-v0, fabric-convention-tags-v1, fabric-convention-tags-v2, fabric-crash-report-info-v1, fabric-data-attachment-api-v1, fabric-data-generation-api-v1, fabric-dimensions-v1, fabric-entity-events-v1, fabric-events-interaction-v0, fabric-game-rule-api-v1, fabric-gametest-api-v1, fabric-item-api-v1, fabric-item-group-api-v1, fabric-key-binding-api-v1, fabric-lifecycle-events-v1, fabric-loot-api-v2]
[17:14:20] [Render thread/DEBUG] (net.fabricmc.fabric.impl.resource.loader.ModResourcePackUtil) [Fabric] cur @ fabric, auto-enabled fabric-loot-api-v3, currently enabled: [vanilla, fabric, cloth-config, effectual, fabric-api, fabric-api-base, fabric-api-lookup-api-v1, fabric-biome-api-v1, fabric-block-api-v1, fabric-block-view-api-v2, fabric-client-gametest-api-v1, fabric-command-api-v2, fabric-content-registries-v0, fabric-convention-tags-v1, fabric-convention-tags-v2, fabric-crash-report-info-v1, fabric-data-attachment-api-v1, fabric-data-generation-api-v1, fabric-dimensions-v1, fabric-entity-events-v1, fabric-events-interaction-v0, fabric-game-rule-api-v1, fabric-gametest-api-v1, fabric-item-api-v1, fabric-item-group-api-v1, fabric-key-binding-api-v1, fabric-lifecycle-events-v1, fabric-loot-api-v2, fabric-loot-api-v3]
[17:14:20] [Render thread/DEBUG] (net.fabricmc.fabric.impl.resource.loader.ModResourcePackUtil) [Fabric] cur @ fabric, auto-enabled fabric-message-api-v1, currently enabled: [vanilla, fabric, cloth-config, effectual, fabric-api, fabric-api-base, fabric-api-lookup-api-v1, fabric-biome-api-v1, fabric-block-api-v1, fabric-block-view-api-v2, fabric-client-gametest-api-v1, fabric-command-api-v2, fabric-content-registries-v0, fabric-convention-tags-v1, fabric-convention-tags-v2, fabric-crash-report-info-v1, fabric-data-attachment-api-v1, fabric-data-generation-api-v1, fabric-dimensions-v1, fabric-entity-events-v1, fabric-events-interaction-v0, fabric-game-rule-api-v1, fabric-gametest-api-v1, fabric-item-api-v1, fabric-item-group-api-v1, fabric-key-binding-api-v1, fabric-lifecycle-events-v1, fabric-loot-api-v2, fabric-loot-api-v3, fabric-message-api-v1]
[17:14:20] [Render thread/DEBUG] (net.fabricmc.fabric.impl.resource.loader.ModResourcePackUtil) [Fabric] cur @ fabric, auto-enabled fabric-model-loading-api-v1, currently enabled: [vanilla, fabric, cloth-config, effectual, fabric-api, fabric-api-base, fabric-api-lookup-api-v1, fabric-biome-api-v1, fabric-block-api-v1, fabric-block-view-api-v2, fabric-client-gametest-api-v1, fabric-command-api-v2, fabric-content-registries-v0, fabric-convention-tags-v1, fabric-convention-tags-v2, fabric-crash-report-info-v1, fabric-data-attachment-api-v1, fabric-data-generation-api-v1, fabric-dimensions-v1, fabric-entity-events-v1, fabric-events-interaction-v0, fabric-game-rule-api-v1, fabric-gametest-api-v1, fabric-item-api-v1, fabric-item-group-api-v1, fabric-key-binding-api-v1, fabric-lifecycle-events-v1, fabric-loot-api-v2, fabric-loot-api-v3, fabric-message-api-v1, fabric-model-loading-api-v1]
[17:14:20] [Render thread/DEBUG] (net.fabricmc.fabric.impl.resource.loader.ModResourcePackUtil) [Fabric] cur @ fabric, auto-enabled fabric-networking-api-v1, currently enabled: [vanilla, fabric, cloth-config, effectual, fabric-api, fabric-api-base, fabric-api-lookup-api-v1, fabric-biome-api-v1, fabric-block-api-v1, fabric-block-view-api-v2, fabric-client-gametest-api-v1, fabric-command-api-v2, fabric-content-registries-v0, fabric-convention-tags-v1, fabric-convention-tags-v2, fabric-crash-report-info-v1, fabric-data-attachment-api-v1, fabric-data-generation-api-v1, fabric-dimensions-v1, fabric-entity-events-v1, fabric-events-interaction-v0, fabric-game-rule-api-v1, fabric-gametest-api-v1, fabric-item-api-v1, fabric-item-group-api-v1, fabric-key-binding-api-v1, fabric-lifecycle-events-v1, fabric-loot-api-v2, fabric-loot-api-v3, fabric-message-api-v1, fabric-model-loading-api-v1, fabric-networking-api-v1]
[17:14:20] [Render thread/DEBUG] (net.fabricmc.fabric.impl.resource.loader.ModResourcePackUtil) [Fabric] cur @ fabric, auto-enabled fabric-object-builder-api-v1, currently enabled: [vanilla, fabric, cloth-config, effectual, fabric-api, fabric-api-base, fabric-api-lookup-api-v1, fabric-biome-api-v1, fabric-block-api-v1, fabric-block-view-api-v2, fabric-client-gametest-api-v1, fabric-command-api-v2, fabric-content-registries-v0, fabric-convention-tags-v1, fabric-convention-tags-v2, fabric-crash-report-info-v1, fabric-data-attachment-api-v1, fabric-data-generation-api-v1, fabric-dimensions-v1, fabric-entity-events-v1, fabric-events-interaction-v0, fabric-game-rule-api-v1, fabric-gametest-api-v1, fabric-item-api-v1, fabric-item-group-api-v1, fabric-key-binding-api-v1, fabric-lifecycle-events-v1, fabric-loot-api-v2, fabric-loot-api-v3, fabric-message-api-v1, fabric-model-loading-api-v1, fabric-networking-api-v1, fabric-object-builder-api-v1]
[17:14:20] [Render thread/DEBUG] (net.fabricmc.fabric.impl.resource.loader.ModResourcePackUtil) [Fabric] cur @ fabric, auto-enabled fabric-particles-v1, currently enabled: [vanilla, fabric, cloth-config, effectual, fabric-api, fabric-api-base, fabric-api-lookup-api-v1, fabric-biome-api-v1, fabric-block-api-v1, fabric-block-view-api-v2, fabric-client-gametest-api-v1, fabric-command-api-v2, fabric-content-registries-v0, fabric-convention-tags-v1, fabric-convention-tags-v2, fabric-crash-report-info-v1, fabric-data-attachment-api-v1, fabric-data-generation-api-v1, fabric-dimensions-v1, fabric-entity-events-v1, fabric-events-interaction-v0, fabric-game-rule-api-v1, fabric-gametest-api-v1, fabric-item-api-v1, fabric-item-group-api-v1, fabric-key-binding-api-v1, fabric-lifecycle-events-v1, fabric-loot-api-v2, fabric-loot-api-v3, fabric-message-api-v1, fabric-model-loading-api-v1, fabric-networking-api-v1, fabric-object-builder-api-v1, fabric-particles-v1]
[17:14:20] [Render thread/DEBUG] (net.fabricmc.fabric.impl.resource.loader.ModResourcePackUtil) [Fabric] cur @ fabric, auto-enabled fabric-recipe-api-v1, currently enabled: [vanilla, fabric, cloth-config, effectual, fabric-api, fabric-api-base, fabric-api-lookup-api-v1, fabric-biome-api-v1, fabric-block-api-v1, fabric-block-view-api-v2, fabric-client-gametest-api-v1, fabric-command-api-v2, fabric-content-registries-v0, fabric-convention-tags-v1, fabric-convention-tags-v2, fabric-crash-report-info-v1, fabric-data-attachment-api-v1, fabric-data-generation-api-v1, fabric-dimensions-v1, fabric-entity-events-v1, fabric-events-interaction-v0, fabric-game-rule-api-v1, fabric-gametest-api-v1, fabric-item-api-v1, fabric-item-group-api-v1, fabric-key-binding-api-v1, fabric-lifecycle-events-v1, fabric-loot-api-v2, fabric-loot-api-v3, fabric-message-api-v1, fabric-model-loading-api-v1, fabric-networking-api-v1, fabric-object-builder-api-v1, fabric-particles-v1, fabric-recipe-api-v1]
[17:14:20] [Render thread/DEBUG] (net.fabricmc.fabric.impl.resource.loader.ModResourcePackUtil) [Fabric] cur @ fabric, auto-enabled fabric-registry-sync-v0, currently enabled: [vanilla, fabric, cloth-config, effectual, fabric-api, fabric-api-base, fabric-api-lookup-api-v1, fabric-biome-api-v1, fabric-block-api-v1, fabric-block-view-api-v2, fabric-client-gametest-api-v1, fabric-command-api-v2, fabric-content-registries-v0, fabric-convention-tags-v1, fabric-convention-tags-v2, fabric-crash-report-info-v1, fabric-data-attachment-api-v1, fabric-data-generation-api-v1, fabric-dimensions-v1, fabric-entity-events-v1, fabric-events-interaction-v0, fabric-game-rule-api-v1, fabric-gametest-api-v1, fabric-item-api-v1, fabric-item-group-api-v1, fabric-key-binding-api-v1, fabric-lifecycle-events-v1, fabric-loot-api-v2, fabric-loot-api-v3, fabric-message-api-v1, fabric-model-loading-api-v1, fabric-networking-api-v1, fabric-object-builder-api-v1, fabric-particles-v1, fabric-recipe-api-v1, fabric-registry-sync-v0]
[17:14:20] [Render thread/DEBUG] (net.fabricmc.fabric.impl.resource.loader.ModResourcePackUtil) [Fabric] cur @ fabric, auto-enabled fabric-renderer-api-v1, currently enabled: [vanilla, fabric, cloth-config, effectual, fabric-api, fabric-api-base, fabric-api-lookup-api-v1, fabric-biome-api-v1, fabric-block-api-v1, fabric-block-view-api-v2, fabric-client-gametest-api-v1, fabric-command-api-v2, fabric-content-registries-v0, fabric-convention-tags-v1, fabric-convention-tags-v2, fabric-crash-report-info-v1, fabric-data-attachment-api-v1, fabric-data-generation-api-v1, fabric-dimensions-v1, fabric-entity-events-v1, fabric-events-interaction-v0, fabric-game-rule-api-v1, fabric-gametest-api-v1, fabric-item-api-v1, fabric-item-group-api-v1, fabric-key-binding-api-v1, fabric-lifecycle-events-v1, fabric-loot-api-v2, fabric-loot-api-v3, fabric-message-api-v1, fabric-model-loading-api-v1, fabric-networking-api-v1, fabric-object-builder-api-v1, fabric-particles-v1, fabric-recipe-api-v1, fabric-registry-sync-v0, fabric-renderer-api-v1]
[17:14:20] [Render thread/DEBUG] (net.fabricmc.fabric.impl.resource.loader.ModResourcePackUtil) [Fabric] cur @ fabric, auto-enabled fabric-renderer-indigo, currently enabled: [vanilla, fabric, cloth-config, effectual, fabric-api, fabric-api-base, fabric-api-lookup-api-v1, fabric-biome-api-v1, fabric-block-api-v1, fabric-block-view-api-v2, fabric-client-gametest-api-v1, fabric-command-api-v2, fabric-content-registries-v0, fabric-convention-tags-v1, fabric-convention-tags-v2, fabric-crash-report-info-v1, fabric-data-attachment-api-v1, fabric-data-generation-api-v1, fabric-dimensions-v1, fabric-entity-events-v1, fabric-events-interaction-v0, fabric-game-rule-api-v1, fabric-gametest-api-v1, fabric-item-api-v1, fabric-item-group-api-v1, fabric-key-binding-api-v1, fabric-lifecycle-events-v1, fabric-loot-api-v2, fabric-loot-api-v3, fabric-message-api-v1, fabric-model-loading-api-v1, fabric-networking-api-v1, fabric-object-builder-api-v1, fabric-particles-v1, fabric-recipe-api-v1, fabric-registry-sync-v0, fabric-renderer-api-v1, fabric-renderer-indigo]
[17:14:20] [Render thread/DEBUG] (net.fabricmc.fabric.impl.resource.loader.ModResourcePackUtil) [Fabric] cur @ fabric, auto-enabled fabric-rendering-fluids-v1, currently enabled: [vanilla, fabric, cloth-config, effectual, fabric-api, fabric-api-base, fabric-api-lookup-api-v1, fabric-biome-api-v1, fabric-block-api-v1, fabric-block-view-api-v2, fabric-client-gametest-api-v1, fabric-command-api-v2, fabric-content-registries-v0, fabric-convention-tags-v1, fabric-convention-tags-v2, fabric-crash-report-info-v1, fabric-data-attachment-api-v1, fabric-data-generation-api-v1, fabric-dimensions-v1, fabric-entity-events-v1, fabric-events-interaction-v0, fabric-game-rule-api-v1, fabric-gametest-api-v1, fabric-item-api-v1, fabric-item-group-api-v1, fabric-key-binding-api-v1, fabric-lifecycle-events-v1, fabric-loot-api-v2, fabric-loot-api-v3, fabric-message-api-v1, fabric-model-loading-api-v1, fabric-networking-api-v1, fabric-object-builder-api-v1, fabric-particles-v1, fabric-recipe-api-v1, fabric-registry-sync-v0, fabric-renderer-api-v1, fabric-renderer-indigo, fabric-rendering-fluids-v1]
[17:14:20] [Render thread/DEBUG] (net.fabricmc.fabric.impl.resource.loader.ModResourcePackUtil) [Fabric] cur @ fabric, auto-enabled fabric-rendering-v1, currently enabled: [vanilla, fabric, cloth-config, effectual, fabric-api, fabric-api-base, fabric-api-lookup-api-v1, fabric-biome-api-v1, fabric-block-api-v1, fabric-block-view-api-v2, fabric-client-gametest-api-v1, fabric-command-api-v2, fabric-content-registries-v0, fabric-convention-tags-v1, fabric-convention-tags-v2, fabric-crash-report-info-v1, fabric-data-attachment-api-v1, fabric-data-generation-api-v1, fabric-dimensions-v1, fabric-entity-events-v1, fabric-events-interaction-v0, fabric-game-rule-api-v1, fabric-gametest-api-v1, fabric-item-api-v1, fabric-item-group-api-v1, fabric-key-binding-api-v1, fabric-lifecycle-events-v1, fabric-loot-api-v2, fabric-loot-api-v3, fabric-message-api-v1, fabric-model-loading-api-v1, fabric-networking-api-v1, fabric-object-builder-api-v1, fabric-particles-v1, fabric-recipe-api-v1, fabric-registry-sync-v0, fabric-renderer-api-v1, fabric-renderer-indigo, fabric-rendering-fluids-v1, fabric-rendering-v1]
[17:14:20] [Render thread/DEBUG] (net.fabricmc.fabric.impl.resource.loader.ModResourcePackUtil) [Fabric] cur @ fabric, auto-enabled fabric-resource-conditions-api-v1, currently enabled: [vanilla, fabric, cloth-config, effectual, fabric-api, fabric-api-base, fabric-api-lookup-api-v1, fabric-biome-api-v1, fabric-block-api-v1, fabric-block-view-api-v2, fabric-client-gametest-api-v1, fabric-command-api-v2, fabric-content-registries-v0, fabric-convention-tags-v1, fabric-convention-tags-v2, fabric-crash-report-info-v1, fabric-data-attachment-api-v1, fabric-data-generation-api-v1, fabric-dimensions-v1, fabric-entity-events-v1, fabric-events-interaction-v0, fabric-game-rule-api-v1, fabric-gametest-api-v1, fabric-item-api-v1, fabric-item-group-api-v1, fabric-key-binding-api-v1, fabric-lifecycle-events-v1, fabric-loot-api-v2, fabric-loot-api-v3, fabric-message-api-v1, fabric-model-loading-api-v1, fabric-networking-api-v1, fabric-object-builder-api-v1, fabric-particles-v1, fabric-recipe-api-v1, fabric-registry-sync-v0, fabric-renderer-api-v1, fabric-renderer-indigo, fabric-rendering-fluids-v1, fabric-rendering-v1, fabric-resource-conditions-api-v1]
[17:14:20] [Render thread/DEBUG] (net.fabricmc.fabric.impl.resource.loader.ModResourcePackUtil) [Fabric] cur @ fabric, auto-enabled fabric-resource-loader-v0, currently enabled: [vanilla, fabric, cloth-config, effectual, fabric-api, fabric-api-base, fabric-api-lookup-api-v1, fabric-biome-api-v1, fabric-block-api-v1, fabric-block-view-api-v2, fabric-client-gametest-api-v1, fabric-command-api-v2, fabric-content-registries-v0, fabric-convention-tags-v1, fabric-convention-tags-v2, fabric-crash-report-info-v1, fabric-data-attachment-api-v1, fabric-data-generation-api-v1, fabric-dimensions-v1, fabric-entity-events-v1, fabric-events-interaction-v0, fabric-game-rule-api-v1, fabric-gametest-api-v1, fabric-item-api-v1, fabric-item-group-api-v1, fabric-key-binding-api-v1, fabric-lifecycle-events-v1, fabric-loot-api-v2, fabric-loot-api-v3, fabric-message-api-v1, fabric-model-loading-api-v1, fabric-networking-api-v1, fabric-object-builder-api-v1, fabric-particles-v1, fabric-recipe-api-v1, fabric-registry-sync-v0, fabric-renderer-api-v1, fabric-renderer-indigo, fabric-rendering-fluids-v1, fabric-rendering-v1, fabric-resource-conditions-api-v1, fabric-resource-loader-v0]
[17:14:20] [Render thread/DEBUG] (net.fabricmc.fabric.impl.resource.loader.ModResourcePackUtil) [Fabric] cur @ fabric, auto-enabled fabric-resource-loader-v1, currently enabled: [vanilla, fabric, cloth-config, effectual, fabric-api, fabric-api-base, fabric-api-lookup-api-v1, fabric-biome-api-v1, fabric-block-api-v1, fabric-block-view-api-v2, fabric-client-gametest-api-v1, fabric-command-api-v2, fabric-content-registries-v0, fabric-convention-tags-v1, fabric-convention-tags-v2, fabric-crash-report-info-v1, fabric-data-attachment-api-v1, fabric-data-generation-api-v1, fabric-dimensions-v1, fabric-entity-events-v1, fabric-events-interaction-v0, fabric-game-rule-api-v1, fabric-gametest-api-v1, fabric-item-api-v1, fabric-item-group-api-v1, fabric-key-binding-api-v1, fabric-lifecycle-events-v1, fabric-loot-api-v2, fabric-loot-api-v3, fabric-message-api-v1, fabric-model-loading-api-v1, fabric-networking-api-v1, fabric-object-builder-api-v1, fabric-particles-v1, fabric-recipe-api-v1, fabric-registry-sync-v0, fabric-renderer-api-v1, fabric-renderer-indigo, fabric-rendering-fluids-v1, fabric-rendering-v1, fabric-resource-conditions-api-v1, fabric-resource-loader-v0, fabric-resource-loader-v1]
[17:14:20] [Render thread/DEBUG] (net.fabricmc.fabric.impl.resource.loader.ModResourcePackUtil) [Fabric] cur @ fabric, auto-enabled fabric-screen-api-v1, currently enabled: [vanilla, fabric, cloth-config, effectual, fabric-api, fabric-api-base, fabric-api-lookup-api-v1, fabric-biome-api-v1, fabric-block-api-v1, fabric-block-view-api-v2, fabric-client-gametest-api-v1, fabric-command-api-v2, fabric-content-registries-v0, fabric-convention-tags-v1, fabric-convention-tags-v2, fabric-crash-report-info-v1, fabric-data-attachment-api-v1, fabric-data-generation-api-v1, fabric-dimensions-v1, fabric-entity-events-v1, fabric-events-interaction-v0, fabric-game-rule-api-v1, fabric-gametest-api-v1, fabric-item-api-v1, fabric-item-group-api-v1, fabric-key-binding-api-v1, fabric-lifecycle-events-v1, fabric-loot-api-v2, fabric-loot-api-v3, fabric-message-api-v1, fabric-model-loading-api-v1, fabric-networking-api-v1, fabric-object-builder-api-v1, fabric-particles-v1, fabric-recipe-api-v1, fabric-registry-sync-v0, fabric-renderer-api-v1, fabric-renderer-indigo, fabric-rendering-fluids-v1, fabric-rendering-v1, fabric-resource-conditions-api-v1, fabric-resource-loader-v0, fabric-resource-loader-v1, fabric-screen-api-v1]
[17:14:20] [Render thread/DEBUG] (net.fabricmc.fabric.impl.resource.loader.ModResourcePackUtil) [Fabric] cur @ fabric, auto-enabled fabric-screen-handler-api-v1, currently enabled: [vanilla, fabric, cloth-config, effectual, fabric-api, fabric-api-base, fabric-api-lookup-api-v1, fabric-biome-api-v1, fabric-block-api-v1, fabric-block-view-api-v2, fabric-client-gametest-api-v1, fabric-command-api-v2, fabric-content-registries-v0, fabric-convention-tags-v1, fabric-convention-tags-v2, fabric-crash-report-info-v1, fabric-data-attachment-api-v1, fabric-data-generation-api-v1, fabric-dimensions-v1, fabric-entity-events-v1, fabric-events-interaction-v0, fabric-game-rule-api-v1, fabric-gametest-api-v1, fabric-item-api-v1, fabric-item-group-api-v1, fabric-key-binding-api-v1, fabric-lifecycle-events-v1, fabric-loot-api-v2, fabric-loot-api-v3, fabric-message-api-v1, fabric-model-loading-api-v1, fabric-networking-api-v1, fabric-object-builder-api-v1, fabric-particles-v1, fabric-recipe-api-v1, fabric-registry-sync-v0, fabric-renderer-api-v1, fabric-renderer-indigo, fabric-rendering-fluids-v1, fabric-rendering-v1, fabric-resource-conditions-api-v1, fabric-resource-loader-v0, fabric-resource-loader-v1, fabric-screen-api-v1, fabric-screen-handler-api-v1]
[17:14:20] [Render thread/DEBUG] (net.fabricmc.fabric.impl.resource.loader.ModResourcePackUtil) [Fabric] cur @ fabric, auto-enabled fabric-serialization-api-v1, currently enabled: [vanilla, fabric, cloth-config, effectual, fabric-api, fabric-api-base, fabric-api-lookup-api-v1, fabric-biome-api-v1, fabric-block-api-v1, fabric-block-view-api-v2, fabric-client-gametest-api-v1, fabric-command-api-v2, fabric-content-registries-v0, fabric-convention-tags-v1, fabric-convention-tags-v2, fabric-crash-report-info-v1, fabric-data-attachment-api-v1, fabric-data-generation-api-v1, fabric-dimensions-v1, fabric-entity-events-v1, fabric-events-interaction-v0, fabric-game-rule-api-v1, fabric-gametest-api-v1, fabric-item-api-v1, fabric-item-group-api-v1, fabric-key-binding-api-v1, fabric-lifecycle-events-v1, fabric-loot-api-v2, fabric-loot-api-v3, fabric-message-api-v1, fabric-model-loading-api-v1, fabric-networking-api-v1, fabric-object-builder-api-v1, fabric-particles-v1, fabric-recipe-api-v1, fabric-registry-sync-v0, fabric-renderer-api-v1, fabric-renderer-indigo, fabric-rendering-fluids-v1, fabric-rendering-v1, fabric-resource-conditions-api-v1, fabric-resource-loader-v0, fabric-resource-loader-v1, fabric-screen-api-v1, fabric-screen-handler-api-v1, fabric-serialization-api-v1]
[17:14:20] [Render thread/DEBUG] (net.fabricmc.fabric.impl.resource.loader.ModResourcePackUtil) [Fabric] cur @ fabric, auto-enabled fabric-sound-api-v1, currently enabled: [vanilla, fabric, cloth-config, effectual, fabric-api, fabric-api-base, fabric-api-lookup-api-v1, fabric-biome-api-v1, fabric-block-api-v1, fabric-block-view-api-v2, fabric-client-gametest-api-v1, fabric-command-api-v2, fabric-content-registries-v0, fabric-convention-tags-v1, fabric-convention-tags-v2, fabric-crash-report-info-v1, fabric-data-attachment-api-v1, fabric-data-generation-api-v1, fabric-dimensions-v1, fabric-entity-events-v1, fabric-events-interaction-v0, fabric-game-rule-api-v1, fabric-gametest-api-v1, fabric-item-api-v1, fabric-item-group-api-v1, fabric-key-binding-api-v1, fabric-lifecycle-events-v1, fabric-loot-api-v2, fabric-loot-api-v3, fabric-message-api-v1, fabric-model-loading-api-v1, fabric-networking-api-v1, fabric-object-builder-api-v1, fabric-particles-v1, fabric-recipe-api-v1, fabric-registry-sync-v0, fabric-renderer-api-v1, fabric-renderer-indigo, fabric-rendering-fluids-v1, fabric-rendering-v1, fabric-resource-conditions-api-v1, fabric-resource-loader-v0, fabric-resource-loader-v1, fabric-screen-api-v1, fabric-screen-handler-api-v1, fabric-serialization-api-v1, fabric-sound-api-v1]
[17:14:20] [Render thread/DEBUG] (net.fabricmc.fabric.impl.resource.loader.ModResourcePackUtil) [Fabric] cur @ fabric, auto-enabled fabric-tag-api-v1, currently enabled: [vanilla, fabric, cloth-config, effectual, fabric-api, fabric-api-base, fabric-api-lookup-api-v1, fabric-biome-api-v1, fabric-block-api-v1, fabric-block-view-api-v2, fabric-client-gametest-api-v1, fabric-command-api-v2, fabric-content-registries-v0, fabric-convention-tags-v1, fabric-convention-tags-v2, fabric-crash-report-info-v1, fabric-data-attachment-api-v1, fabric-data-generation-api-v1, fabric-dimensions-v1, fabric-entity-events-v1, fabric-events-interaction-v0, fabric-game-rule-api-v1, fabric-gametest-api-v1, fabric-item-api-v1, fabric-item-group-api-v1, fabric-key-binding-api-v1, fabric-lifecycle-events-v1, fabric-loot-api-v2, fabric-loot-api-v3, fabric-message-api-v1, fabric-model-loading-api-v1, fabric-networking-api-v1, fabric-object-builder-api-v1, fabric-particles-v1, fabric-recipe-api-v1, fabric-registry-sync-v0, fabric-renderer-api-v1, fabric-renderer-indigo, fabric-rendering-fluids-v1, fabric-rendering-v1, fabric-resource-conditions-api-v1, fabric-resource-loader-v0, fabric-resource-loader-v1, fabric-screen-api-v1, fabric-screen-handler-api-v1, fabric-serialization-api-v1, fabric-sound-api-v1, fabric-tag-api-v1]
[17:14:20] [Render thread/DEBUG] (net.fabricmc.fabric.impl.resource.loader.ModResourcePackUtil) [Fabric] cur @ fabric, auto-enabled fabric-transfer-api-v1, currently enabled: [vanilla, fabric, cloth-config, effectual, fabric-api, fabric-api-base, fabric-api-lookup-api-v1, fabric-biome-api-v1, fabric-block-api-v1, fabric-block-view-api-v2, fabric-client-gametest-api-v1, fabric-command-api-v2, fabric-content-registries-v0, fabric-convention-tags-v1, fabric-convention-tags-v2, fabric-crash-report-info-v1, fabric-data-attachment-api-v1, fabric-data-generation-api-v1, fabric-dimensions-v1, fabric-entity-events-v1, fabric-events-interaction-v0, fabric-game-rule-api-v1, fabric-gametest-api-v1, fabric-item-api-v1, fabric-item-group-api-v1, fabric-key-binding-api-v1, fabric-lifecycle-events-v1, fabric-loot-api-v2, fabric-loot-api-v3, fabric-message-api-v1, fabric-model-loading-api-v1, fabric-networking-api-v1, fabric-object-builder-api-v1, fabric-particles-v1, fabric-recipe-api-v1, fabric-registry-sync-v0, fabric-renderer-api-v1, fabric-renderer-indigo, fabric-rendering-fluids-v1, fabric-rendering-v1, fabric-resource-conditions-api-v1, fabric-resource-loader-v0, fabric-resource-loader-v1, fabric-screen-api-v1, fabric-screen-handler-api-v1, fabric-serialization-api-v1, fabric-sound-api-v1, fabric-tag-api-v1, fabric-transfer-api-v1]
[17:14:20] [Render thread/DEBUG] (net.fabricmc.fabric.impl.resource.loader.ModResourcePackUtil) [Fabric] cur @ fabric, auto-enabled fabric-transitive-access-wideners-v1, currently enabled: [vanilla, fabric, cloth-config, effectual, fabric-api, fabric-api-base, fabric-api-lookup-api-v1, fabric-biome-api-v1, fabric-block-api-v1, fabric-block-view-api-v2, fabric-client-gametest-api-v1, fabric-command-api-v2, fabric-content-registries-v0, fabric-convention-tags-v1, fabric-convention-tags-v2, fabric-crash-report-info-v1, fabric-data-attachment-api-v1, fabric-data-generation-api-v1, fabric-dimensions-v1, fabric-entity-events-v1, fabric-events-interaction-v0, fabric-game-rule-api-v1, fabric-gametest-api-v1, fabric-item-api-v1, fabric-item-group-api-v1, fabric-key-binding-api-v1, fabric-lifecycle-events-v1, fabric-loot-api-v2, fabric-loot-api-v3, fabric-message-api-v1, fabric-model-loading-api-v1, fabric-networking-api-v1, fabric-object-builder-api-v1, fabric-particles-v1, fabric-recipe-api-v1, fabric-registry-sync-v0, fabric-renderer-api-v1, fabric-renderer-indigo, fabric-rendering-fluids-v1, fabric-rendering-v1, fabric-resource-conditions-api-v1, fabric-resource-loader-v0, fabric-resource-loader-v1, fabric-screen-api-v1, fabric-screen-handler-api-v1, fabric-serialization-api-v1, fabric-sound-api-v1, fabric-tag-api-v1, fabric-transfer-api-v1, fabric-transitive-access-wideners-v1]
[17:14:20] [Render thread/DEBUG] (net.fabricmc.fabric.impl.resource.loader.ModResourcePackUtil) [Fabric] cur @ fabric, auto-enabled fabricloader, currently enabled: [vanilla, fabric, cloth-config, effectual, fabric-api, fabric-api-base, fabric-api-lookup-api-v1, fabric-biome-api-v1, fabric-block-api-v1, fabric-block-view-api-v2, fabric-client-gametest-api-v1, fabric-command-api-v2, fabric-content-registries-v0, fabric-convention-tags-v1, fabric-convention-tags-v2, fabric-crash-report-info-v1, fabric-data-attachment-api-v1, fabric-data-generation-api-v1, fabric-dimensions-v1, fabric-entity-events-v1, fabric-events-interaction-v0, fabric-game-rule-api-v1, fabric-gametest-api-v1, fabric-item-api-v1, fabric-item-group-api-v1, fabric-key-binding-api-v1, fabric-lifecycle-events-v1, fabric-loot-api-v2, fabric-loot-api-v3, fabric-message-api-v1, fabric-model-loading-api-v1, fabric-networking-api-v1, fabric-object-builder-api-v1, fabric-particles-v1, fabric-recipe-api-v1, fabric-registry-sync-v0, fabric-renderer-api-v1, fabric-renderer-indigo, fabric-rendering-fluids-v1, fabric-rendering-v1, fabric-resource-conditions-api-v1, fabric-resource-loader-v0, fabric-resource-loader-v1, fabric-screen-api-v1, fabric-screen-handler-api-v1, fabric-serialization-api-v1, fabric-sound-api-v1, fabric-tag-api-v1, fabric-transfer-api-v1, fabric-transitive-access-wideners-v1, fabricloader]
[17:14:20] [Render thread/DEBUG] (net.fabricmc.fabric.impl.resource.loader.ModResourcePackUtil) [Fabric] cur @ fabric, auto-enabled generated_5ad6e91, currently enabled: [vanilla, fabric, cloth-config, effectual, fabric-api, fabric-api-base, fabric-api-lookup-api-v1, fabric-biome-api-v1, fabric-block-api-v1, fabric-block-view-api-v2, fabric-client-gametest-api-v1, fabric-command-api-v2, fabric-content-registries-v0, fabric-convention-tags-v1, fabric-convention-tags-v2, fabric-crash-report-info-v1, fabric-data-attachment-api-v1, fabric-data-generation-api-v1, fabric-dimensions-v1, fabric-entity-events-v1, fabric-events-interaction-v0, fabric-game-rule-api-v1, fabric-gametest-api-v1, fabric-item-api-v1, fabric-item-group-api-v1, fabric-key-binding-api-v1, fabric-lifecycle-events-v1, fabric-loot-api-v2, fabric-loot-api-v3, fabric-message-api-v1, fabric-model-loading-api-v1, fabric-networking-api-v1, fabric-object-builder-api-v1, fabric-particles-v1, fabric-recipe-api-v1, fabric-registry-sync-v0, fabric-renderer-api-v1, fabric-renderer-indigo, fabric-rendering-fluids-v1, fabric-rendering-v1, fabric-resource-conditions-api-v1, fabric-resource-loader-v0, fabric-resource-loader-v1, fabric-screen-api-v1, fabric-screen-handler-api-v1, fabric-serialization-api-v1, fabric-sound-api-v1, fabric-tag-api-v1, fabric-transfer-api-v1, fabric-transitive-access-wideners-v1, fabricloader, generated_5ad6e91]
[17:14:20] [Render thread/DEBUG] (net.fabricmc.fabric.impl.resource.loader.ModResourcePackUtil) [Fabric] cur @ fabric, auto-enabled modmenu, currently enabled: [vanilla, fabric, cloth-config, effectual, fabric-api, fabric-api-base, fabric-api-lookup-api-v1, fabric-biome-api-v1, fabric-block-api-v1, fabric-block-view-api-v2, fabric-client-gametest-api-v1, fabric-command-api-v2, fabric-content-registries-v0, fabric-convention-tags-v1, fabric-convention-tags-v2, fabric-crash-report-info-v1, fabric-data-attachment-api-v1, fabric-data-generation-api-v1, fabric-dimensions-v1, fabric-entity-events-v1, fabric-events-interaction-v0, fabric-game-rule-api-v1, fabric-gametest-api-v1, fabric-item-api-v1, fabric-item-group-api-v1, fabric-key-binding-api-v1, fabric-lifecycle-events-v1, fabric-loot-api-v2, fabric-loot-api-v3, fabric-message-api-v1, fabric-model-loading-api-v1, fabric-networking-api-v1, fabric-object-builder-api-v1, fabric-particles-v1, fabric-recipe-api-v1, fabric-registry-sync-v0, fabric-renderer-api-v1, fabric-renderer-indigo, fabric-rendering-fluids-v1, fabric-rendering-v1, fabric-resource-conditions-api-v1, fabric-resource-loader-v0, fabric-resource-loader-v1, fabric-screen-api-v1, fabric-screen-handler-api-v1, fabric-serialization-api-v1, fabric-sound-api-v1, fabric-tag-api-v1, fabric-transfer-api-v1, fabric-transitive-access-wideners-v1, fabricloader, generated_5ad6e91, modmenu]
[17:14:20] [Render thread/DEBUG] (net.fabricmc.fabric.impl.resource.loader.ModResourcePackUtil) [Fabric] cur @ fabric, auto-enabled tlib, currently enabled: [vanilla, fabric, cloth-config, effectual, fabric-api, fabric-api-base, fabric-api-lookup-api-v1, fabric-biome-api-v1, fabric-block-api-v1, fabric-block-view-api-v2, fabric-client-gametest-api-v1, fabric-command-api-v2, fabric-content-registries-v0, fabric-convention-tags-v1, fabric-convention-tags-v2, fabric-crash-report-info-v1, fabric-data-attachment-api-v1, fabric-data-generation-api-v1, fabric-dimensions-v1, fabric-entity-events-v1, fabric-events-interaction-v0, fabric-game-rule-api-v1, fabric-gametest-api-v1, fabric-item-api-v1, fabric-item-group-api-v1, fabric-key-binding-api-v1, fabric-lifecycle-events-v1, fabric-loot-api-v2, fabric-loot-api-v3, fabric-message-api-v1, fabric-model-loading-api-v1, fabric-networking-api-v1, fabric-object-builder-api-v1, fabric-particles-v1, fabric-recipe-api-v1, fabric-registry-sync-v0, fabric-renderer-api-v1, fabric-renderer-indigo, fabric-rendering-fluids-v1, fabric-rendering-v1, fabric-resource-conditions-api-v1, fabric-resource-loader-v0, fabric-resource-loader-v1, fabric-screen-api-v1, fabric-screen-handler-api-v1, fabric-serialization-api-v1, fabric-sound-api-v1, fabric-tag-api-v1, fabric-transfer-api-v1, fabric-transitive-access-wideners-v1, fabricloader, generated_5ad6e91, modmenu, tlib]
[17:14:20] [Render thread/DEBUG] (net.fabricmc.fabric.impl.resource.loader.ModResourcePackUtil) [Fabric] Final sorting result: [vanilla, fabric, cloth-config, effectual, fabric-api, fabric-api-base, fabric-api-lookup-api-v1, fabric-biome-api-v1, fabric-block-api-v1, fabric-block-view-api-v2, fabric-client-gametest-api-v1, fabric-command-api-v2, fabric-content-registries-v0, fabric-convention-tags-v1, fabric-convention-tags-v2, fabric-crash-report-info-v1, fabric-data-attachment-api-v1, fabric-data-generation-api-v1, fabric-dimensions-v1, fabric-entity-events-v1, fabric-events-interaction-v0, fabric-game-rule-api-v1, fabric-gametest-api-v1, fabric-item-api-v1, fabric-item-group-api-v1, fabric-key-binding-api-v1, fabric-lifecycle-events-v1, fabric-loot-api-v2, fabric-loot-api-v3, fabric-message-api-v1, fabric-model-loading-api-v1, fabric-networking-api-v1, fabric-object-builder-api-v1, fabric-particles-v1, fabric-recipe-api-v1, fabric-registry-sync-v0, fabric-renderer-api-v1, fabric-renderer-indigo, fabric-rendering-fluids-v1, fabric-rendering-v1, fabric-resource-conditions-api-v1, fabric-resource-loader-v0, fabric-resource-loader-v1, fabric-screen-api-v1, fabric-screen-handler-api-v1, fabric-serialization-api-v1, fabric-sound-api-v1, fabric-tag-api-v1, fabric-transfer-api-v1, fabric-transitive-access-wideners-v1, fabricloader, generated_5ad6e91, modmenu, tlib]
[17:14:20] [Render thread/DEBUG] (net.fabricmc.fabric.impl.resource.loader.ModResourcePackUtil) [Fabric] Starting internal pack sorting with: [vanilla, fabric, generated_5ad6e91, cloth-config, effectual, fabric-api, fabric-api-base, fabric-api-lookup-api-v1, fabric-biome-api-v1, fabric-block-api-v1, fabric-block-view-api-v2, fabric-client-gametest-api-v1, fabric-command-api-v2, fabric-content-registries-v0, fabric-convention-tags-v1, fabric-convention-tags-v2, fabric-crash-report-info-v1, fabric-data-attachment-api-v1, fabric-data-generation-api-v1, fabric-dimensions-v1, fabric-entity-events-v1, fabric-events-interaction-v0, fabric-game-rule-api-v1, fabric-gametest-api-v1, fabric-item-api-v1, fabric-item-group-api-v1, fabric-item-group-api-v1_programmer_art, fabric-key-binding-api-v1, fabric-lifecycle-events-v1, fabric-loot-api-v2, fabric-loot-api-v3, fabric-message-api-v1, fabric-model-loading-api-v1, fabric-networking-api-v1, fabric-object-builder-api-v1, fabric-particles-v1, fabric-recipe-api-v1, fabric-registry-sync-v0, fabric-renderer-api-v1, fabric-renderer-indigo, fabric-rendering-fluids-v1, fabric-rendering-v1, fabric-resource-conditions-api-v1, fabric-resource-loader-v0, fabric-resource-loader-v1, fabric-screen-api-v1, fabric-screen-handler-api-v1, fabric-serialization-api-v1, fabric-sound-api-v1, fabric-tag-api-v1, fabric-transfer-api-v1, fabric-transitive-access-wideners-v1, fabricloader, modmenu, modmenu_high_contrast, modmenu_programmer_art, tlib]
[17:14:20] [Render thread/DEBUG] (net.fabricmc.fabric.impl.resource.loader.ModResourcePackUtil) [Fabric] Removed all internal packs, result: [vanilla, fabric]
[17:14:20] [Render thread/DEBUG] (net.fabricmc.fabric.impl.resource.loader.ModResourcePackUtil) [Fabric] cur @ fabric, auto-enabled cloth-config, currently enabled: [vanilla, fabric, cloth-config]
[17:14:20] [Render thread/DEBUG] (net.fabricmc.fabric.impl.resource.loader.ModResourcePackUtil) [Fabric] cur @ fabric, auto-enabled effectual, currently enabled: [vanilla, fabric, cloth-config, effectual]
[17:14:20] [Render thread/DEBUG] (net.fabricmc.fabric.impl.resource.loader.ModResourcePackUtil) [Fabric] cur @ fabric, auto-enabled fabric-api, currently enabled: [vanilla, fabric, cloth-config, effectual, fabric-api]
[17:14:20] [Render thread/DEBUG] (net.fabricmc.fabric.impl.resource.loader.ModResourcePackUtil) [Fabric] cur @ fabric, auto-enabled fabric-api-base, currently enabled: [vanilla, fabric, cloth-config, effectual, fabric-api, fabric-api-base]
[17:14:20] [Render thread/DEBUG] (net.fabricmc.fabric.impl.resource.loader.ModResourcePackUtil) [Fabric] cur @ fabric, auto-enabled fabric-api-lookup-api-v1, currently enabled: [vanilla, fabric, cloth-config, effectual, fabric-api, fabric-api-base, fabric-api-lookup-api-v1]
[17:14:20] [Render thread/DEBUG] (net.fabricmc.fabric.impl.resource.loader.ModResourcePackUtil) [Fabric] cur @ fabric, auto-enabled fabric-biome-api-v1, currently enabled: [vanilla, fabric, cloth-config, effectual, fabric-api, fabric-api-base, fabric-api-lookup-api-v1, fabric-biome-api-v1]
[17:14:20] [Render thread/DEBUG] (net.fabricmc.fabric.impl.resource.loader.ModResourcePackUtil) [Fabric] cur @ fabric, auto-enabled fabric-block-api-v1, currently enabled: [vanilla, fabric, cloth-config, effectual, fabric-api, fabric-api-base, fabric-api-lookup-api-v1, fabric-biome-api-v1, fabric-block-api-v1]
[17:14:20] [Render thread/DEBUG] (net.fabricmc.fabric.impl.resource.loader.ModResourcePackUtil) [Fabric] cur @ fabric, auto-enabled fabric-block-view-api-v2, currently enabled: [vanilla, fabric, cloth-config, effectual, fabric-api, fabric-api-base, fabric-api-lookup-api-v1, fabric-biome-api-v1, fabric-block-api-v1, fabric-block-view-api-v2]
[17:14:20] [Render thread/DEBUG] (net.fabricmc.fabric.impl.resource.loader.ModResourcePackUtil) [Fabric] cur @ fabric, auto-enabled fabric-client-gametest-api-v1, currently enabled: [vanilla, fabric, cloth-config, effectual, fabric-api, fabric-api-base, fabric-api-lookup-api-v1, fabric-biome-api-v1, fabric-block-api-v1, fabric-block-view-api-v2, fabric-client-gametest-api-v1]
[17:14:20] [Render thread/DEBUG] (net.fabricmc.fabric.impl.resource.loader.ModResourcePackUtil) [Fabric] cur @ fabric, auto-enabled fabric-command-api-v2, currently enabled: [vanilla, fabric, cloth-config, effectual, fabric-api, fabric-api-base, fabric-api-lookup-api-v1, fabric-biome-api-v1, fabric-block-api-v1, fabric-block-view-api-v2, fabric-client-gametest-api-v1, fabric-command-api-v2]
[17:14:20] [Render thread/DEBUG] (net.fabricmc.fabric.impl.resource.loader.ModResourcePackUtil) [Fabric] cur @ fabric, auto-enabled fabric-content-registries-v0, currently enabled: [vanilla, fabric, cloth-config, effectual, fabric-api, fabric-api-base, fabric-api-lookup-api-v1, fabric-biome-api-v1, fabric-block-api-v1, fabric-block-view-api-v2, fabric-client-gametest-api-v1, fabric-command-api-v2, fabric-content-registries-v0]
[17:14:20] [Render thread/DEBUG] (net.fabricmc.fabric.impl.resource.loader.ModResourcePackUtil) [Fabric] cur @ fabric, auto-enabled fabric-convention-tags-v1, currently enabled: [vanilla, fabric, cloth-config, effectual, fabric-api, fabric-api-base, fabric-api-lookup-api-v1, fabric-biome-api-v1, fabric-block-api-v1, fabric-block-view-api-v2, fabric-client-gametest-api-v1, fabric-command-api-v2, fabric-content-registries-v0, fabric-convention-tags-v1]
[17:14:20] [Render thread/DEBUG] (net.fabricmc.fabric.impl.resource.loader.ModResourcePackUtil) [Fabric] cur @ fabric, auto-enabled fabric-convention-tags-v2, currently enabled: [vanilla, fabric, cloth-config, effectual, fabric-api, fabric-api-base, fabric-api-lookup-api-v1, fabric-biome-api-v1, fabric-block-api-v1, fabric-block-view-api-v2, fabric-client-gametest-api-v1, fabric-command-api-v2, fabric-content-registries-v0, fabric-convention-tags-v1, fabric-convention-tags-v2]
[17:14:20] [Render thread/DEBUG] (net.fabricmc.fabric.impl.resource.loader.ModResourcePackUtil) [Fabric] cur @ fabric, auto-enabled fabric-crash-report-info-v1, currently enabled: [vanilla, fabric, cloth-config, effectual, fabric-api, fabric-api-base, fabric-api-lookup-api-v1, fabric-biome-api-v1, fabric-block-api-v1, fabric-block-view-api-v2, fabric-client-gametest-api-v1, fabric-command-api-v2, fabric-content-registries-v0, fabric-convention-tags-v1, fabric-convention-tags-v2, fabric-crash-report-info-v1]
[17:14:20] [Render thread/DEBUG] (net.fabricmc.fabric.impl.resource.loader.ModResourcePackUtil) [Fabric] cur @ fabric, auto-enabled fabric-data-attachment-api-v1, currently enabled: [vanilla, fabric, cloth-config, effectual, fabric-api, fabric-api-base, fabric-api-lookup-api-v1, fabric-biome-api-v1, fabric-block-api-v1, fabric-block-view-api-v2, fabric-client-gametest-api-v1, fabric-command-api-v2, fabric-content-registries-v0, fabric-convention-tags-v1, fabric-convention-tags-v2, fabric-crash-report-info-v1, fabric-data-attachment-api-v1]
[17:14:20] [Render thread/DEBUG] (net.fabricmc.fabric.impl.resource.loader.ModResourcePackUtil) [Fabric] cur @ fabric, auto-enabled fabric-data-generation-api-v1, currently enabled: [vanilla, fabric, cloth-config, effectual, fabric-api, fabric-api-base, fabric-api-lookup-api-v1, fabric-biome-api-v1, fabric-block-api-v1, fabric-block-view-api-v2, fabric-client-gametest-api-v1, fabric-command-api-v2, fabric-content-registries-v0, fabric-convention-tags-v1, fabric-convention-tags-v2, fabric-crash-report-info-v1, fabric-data-attachment-api-v1, fabric-data-generation-api-v1]
[17:14:20] [Render thread/DEBUG] (net.fabricmc.fabric.impl.resource.loader.ModResourcePackUtil) [Fabric] cur @ fabric, auto-enabled fabric-dimensions-v1, currently enabled: [vanilla, fabric, cloth-config, effectual, fabric-api, fabric-api-base, fabric-api-lookup-api-v1, fabric-biome-api-v1, fabric-block-api-v1, fabric-block-view-api-v2, fabric-client-gametest-api-v1, fabric-command-api-v2, fabric-content-registries-v0, fabric-convention-tags-v1, fabric-convention-tags-v2, fabric-crash-report-info-v1, fabric-data-attachment-api-v1, fabric-data-generation-api-v1, fabric-dimensions-v1]
[17:14:20] [Render thread/DEBUG] (net.fabricmc.fabric.impl.resource.loader.ModResourcePackUtil) [Fabric] cur @ fabric, auto-enabled fabric-entity-events-v1, currently enabled: [vanilla, fabric, cloth-config, effectual, fabric-api, fabric-api-base, fabric-api-lookup-api-v1, fabric-biome-api-v1, fabric-block-api-v1, fabric-block-view-api-v2, fabric-client-gametest-api-v1, fabric-command-api-v2, fabric-content-registries-v0, fabric-convention-tags-v1, fabric-convention-tags-v2, fabric-crash-report-info-v1, fabric-data-attachment-api-v1, fabric-data-generation-api-v1, fabric-dimensions-v1, fabric-entity-events-v1]
[17:14:20] [Render thread/DEBUG] (net.fabricmc.fabric.impl.resource.loader.ModResourcePackUtil) [Fabric] cur @ fabric, auto-enabled fabric-events-interaction-v0, currently enabled: [vanilla, fabric, cloth-config, effectual, fabric-api, fabric-api-base, fabric-api-lookup-api-v1, fabric-biome-api-v1, fabric-block-api-v1, fabric-block-view-api-v2, fabric-client-gametest-api-v1, fabric-command-api-v2, fabric-content-registries-v0, fabric-convention-tags-v1, fabric-convention-tags-v2, fabric-crash-report-info-v1, fabric-data-attachment-api-v1, fabric-data-generation-api-v1, fabric-dimensions-v1, fabric-entity-events-v1, fabric-events-interaction-v0]
[17:14:20] [Render thread/DEBUG] (net.fabricmc.fabric.impl.resource.loader.ModResourcePackUtil) [Fabric] cur @ fabric, auto-enabled fabric-game-rule-api-v1, currently enabled: [vanilla, fabric, cloth-config, effectual, fabric-api, fabric-api-base, fabric-api-lookup-api-v1, fabric-biome-api-v1, fabric-block-api-v1, fabric-block-view-api-v2, fabric-client-gametest-api-v1, fabric-command-api-v2, fabric-content-registries-v0, fabric-convention-tags-v1, fabric-convention-tags-v2, fabric-crash-report-info-v1, fabric-data-attachment-api-v1, fabric-data-generation-api-v1, fabric-dimensions-v1, fabric-entity-events-v1, fabric-events-interaction-v0, fabric-game-rule-api-v1]
[17:14:20] [Render thread/DEBUG] (net.fabricmc.fabric.impl.resource.loader.ModResourcePackUtil) [Fabric] cur @ fabric, auto-enabled fabric-gametest-api-v1, currently enabled: [vanilla, fabric, cloth-config, effectual, fabric-api, fabric-api-base, fabric-api-lookup-api-v1, fabric-biome-api-v1, fabric-block-api-v1, fabric-block-view-api-v2, fabric-client-gametest-api-v1, fabric-command-api-v2, fabric-content-registries-v0, fabric-convention-tags-v1, fabric-convention-tags-v2, fabric-crash-report-info-v1, fabric-data-attachment-api-v1, fabric-data-generation-api-v1, fabric-dimensions-v1, fabric-entity-events-v1, fabric-events-interaction-v0, fabric-game-rule-api-v1, fabric-gametest-api-v1]
[17:14:20] [Render thread/DEBUG] (net.fabricmc.fabric.impl.resource.loader.ModResourcePackUtil) [Fabric] cur @ fabric, auto-enabled fabric-item-api-v1, currently enabled: [vanilla, fabric, cloth-config, effectual, fabric-api, fabric-api-base, fabric-api-lookup-api-v1, fabric-biome-api-v1, fabric-block-api-v1, fabric-block-view-api-v2, fabric-client-gametest-api-v1, fabric-command-api-v2, fabric-content-registries-v0, fabric-convention-tags-v1, fabric-convention-tags-v2, fabric-crash-report-info-v1, fabric-data-attachment-api-v1, fabric-data-generation-api-v1, fabric-dimensions-v1, fabric-entity-events-v1, fabric-events-interaction-v0, fabric-game-rule-api-v1, fabric-gametest-api-v1, fabric-item-api-v1]
[17:14:20] [Render thread/DEBUG] (net.fabricmc.fabric.impl.resource.loader.ModResourcePackUtil) [Fabric] cur @ fabric, auto-enabled fabric-item-group-api-v1, currently enabled: [vanilla, fabric, cloth-config, effectual, fabric-api, fabric-api-base, fabric-api-lookup-api-v1, fabric-biome-api-v1, fabric-block-api-v1, fabric-block-view-api-v2, fabric-client-gametest-api-v1, fabric-command-api-v2, fabric-content-registries-v0, fabric-convention-tags-v1, fabric-convention-tags-v2, fabric-crash-report-info-v1, fabric-data-attachment-api-v1, fabric-data-generation-api-v1, fabric-dimensions-v1, fabric-entity-events-v1, fabric-events-interaction-v0, fabric-game-rule-api-v1, fabric-gametest-api-v1, fabric-item-api-v1, fabric-item-group-api-v1]
[17:14:20] [Render thread/DEBUG] (net.fabricmc.fabric.impl.resource.loader.ModResourcePackUtil) [Fabric] cur @ fabric, auto-enabled fabric-key-binding-api-v1, currently enabled: [vanilla, fabric, cloth-config, effectual, fabric-api, fabric-api-base, fabric-api-lookup-api-v1, fabric-biome-api-v1, fabric-block-api-v1, fabric-block-view-api-v2, fabric-client-gametest-api-v1, fabric-command-api-v2, fabric-content-registries-v0, fabric-convention-tags-v1, fabric-convention-tags-v2, fabric-crash-report-info-v1, fabric-data-attachment-api-v1, fabric-data-generation-api-v1, fabric-dimensions-v1, fabric-entity-events-v1, fabric-events-interaction-v0, fabric-game-rule-api-v1, fabric-gametest-api-v1, fabric-item-api-v1, fabric-item-group-api-v1, fabric-key-binding-api-v1]
[17:14:20] [Render thread/DEBUG] (net.fabricmc.fabric.impl.resource.loader.ModResourcePackUtil) [Fabric] cur @ fabric, auto-enabled fabric-lifecycle-events-v1, currently enabled: [vanilla, fabric, cloth-config, effectual, fabric-api, fabric-api-base, fabric-api-lookup-api-v1, fabric-biome-api-v1, fabric-block-api-v1, fabric-block-view-api-v2, fabric-client-gametest-api-v1, fabric-command-api-v2, fabric-content-registries-v0, fabric-convention-tags-v1, fabric-convention-tags-v2, fabric-crash-report-info-v1, fabric-data-attachment-api-v1, fabric-data-generation-api-v1, fabric-dimensions-v1, fabric-entity-events-v1, fabric-events-interaction-v0, fabric-game-rule-api-v1, fabric-gametest-api-v1, fabric-item-api-v1, fabric-item-group-api-v1, fabric-key-binding-api-v1, fabric-lifecycle-events-v1]
[17:14:20] [Render thread/DEBUG] (net.fabricmc.fabric.impl.resource.loader.ModResourcePackUtil) [Fabric] cur @ fabric, auto-enabled fabric-loot-api-v2, currently enabled: [vanilla, fabric, cloth-config, effectual, fabric-api, fabric-api-base, fabric-api-lookup-api-v1, fabric-biome-api-v1, fabric-block-api-v1, fabric-block-view-api-v2, fabric-client-gametest-api-v1, fabric-command-api-v2, fabric-content-registries-v0, fabric-convention-tags-v1, fabric-convention-tags-v2, fabric-crash-report-info-v1, fabric-data-attachment-api-v1, fabric-data-generation-api-v1, fabric-dimensions-v1, fabric-entity-events-v1, fabric-events-interaction-v0, fabric-game-rule-api-v1, fabric-gametest-api-v1, fabric-item-api-v1, fabric-item-group-api-v1, fabric-key-binding-api-v1, fabric-lifecycle-events-v1, fabric-loot-api-v2]
[17:14:20] [Render thread/DEBUG] (net.fabricmc.fabric.impl.resource.loader.ModResourcePackUtil) [Fabric] cur @ fabric, auto-enabled fabric-loot-api-v3, currently enabled: [vanilla, fabric, cloth-config, effectual, fabric-api, fabric-api-base, fabric-api-lookup-api-v1, fabric-biome-api-v1, fabric-block-api-v1, fabric-block-view-api-v2, fabric-client-gametest-api-v1, fabric-command-api-v2, fabric-content-registries-v0, fabric-convention-tags-v1, fabric-convention-tags-v2, fabric-crash-report-info-v1, fabric-data-attachment-api-v1, fabric-data-generation-api-v1, fabric-dimensions-v1, fabric-entity-events-v1, fabric-events-interaction-v0, fabric-game-rule-api-v1, fabric-gametest-api-v1, fabric-item-api-v1, fabric-item-group-api-v1, fabric-key-binding-api-v1, fabric-lifecycle-events-v1, fabric-loot-api-v2, fabric-loot-api-v3]
[17:14:20] [Render thread/DEBUG] (net.fabricmc.fabric.impl.resource.loader.ModResourcePackUtil) [Fabric] cur @ fabric, auto-enabled fabric-message-api-v1, currently enabled: [vanilla, fabric, cloth-config, effectual, fabric-api, fabric-api-base, fabric-api-lookup-api-v1, fabric-biome-api-v1, fabric-block-api-v1, fabric-block-view-api-v2, fabric-client-gametest-api-v1, fabric-command-api-v2, fabric-content-registries-v0, fabric-convention-tags-v1, fabric-convention-tags-v2, fabric-crash-report-info-v1, fabric-data-attachment-api-v1, fabric-data-generation-api-v1, fabric-dimensions-v1, fabric-entity-events-v1, fabric-events-interaction-v0, fabric-game-rule-api-v1, fabric-gametest-api-v1, fabric-item-api-v1, fabric-item-group-api-v1, fabric-key-binding-api-v1, fabric-lifecycle-events-v1, fabric-loot-api-v2, fabric-loot-api-v3, fabric-message-api-v1]
[17:14:20] [Render thread/DEBUG] (net.fabricmc.fabric.impl.resource.loader.ModResourcePackUtil) [Fabric] cur @ fabric, auto-enabled fabric-model-loading-api-v1, currently enabled: [vanilla, fabric, cloth-config, effectual, fabric-api, fabric-api-base, fabric-api-lookup-api-v1, fabric-biome-api-v1, fabric-block-api-v1, fabric-block-view-api-v2, fabric-client-gametest-api-v1, fabric-command-api-v2, fabric-content-registries-v0, fabric-convention-tags-v1, fabric-convention-tags-v2, fabric-crash-report-info-v1, fabric-data-attachment-api-v1, fabric-data-generation-api-v1, fabric-dimensions-v1, fabric-entity-events-v1, fabric-events-interaction-v0, fabric-game-rule-api-v1, fabric-gametest-api-v1, fabric-item-api-v1, fabric-item-group-api-v1, fabric-key-binding-api-v1, fabric-lifecycle-events-v1, fabric-loot-api-v2, fabric-loot-api-v3, fabric-message-api-v1, fabric-model-loading-api-v1]
[17:14:20] [Render thread/DEBUG] (net.fabricmc.fabric.impl.resource.loader.ModResourcePackUtil) [Fabric] cur @ fabric, auto-enabled fabric-networking-api-v1, currently enabled: [vanilla, fabric, cloth-config, effectual, fabric-api, fabric-api-base, fabric-api-lookup-api-v1, fabric-biome-api-v1, fabric-block-api-v1, fabric-block-view-api-v2, fabric-client-gametest-api-v1, fabric-command-api-v2, fabric-content-registries-v0, fabric-convention-tags-v1, fabric-convention-tags-v2, fabric-crash-report-info-v1, fabric-data-attachment-api-v1, fabric-data-generation-api-v1, fabric-dimensions-v1, fabric-entity-events-v1, fabric-events-interaction-v0, fabric-game-rule-api-v1, fabric-gametest-api-v1, fabric-item-api-v1, fabric-item-group-api-v1, fabric-key-binding-api-v1, fabric-lifecycle-events-v1, fabric-loot-api-v2, fabric-loot-api-v3, fabric-message-api-v1, fabric-model-loading-api-v1, fabric-networking-api-v1]
[17:14:20] [Render thread/DEBUG] (net.fabricmc.fabric.impl.resource.loader.ModResourcePackUtil) [Fabric] cur @ fabric, auto-enabled fabric-object-builder-api-v1, currently enabled: [vanilla, fabric, cloth-config, effectual, fabric-api, fabric-api-base, fabric-api-lookup-api-v1, fabric-biome-api-v1, fabric-block-api-v1, fabric-block-view-api-v2, fabric-client-gametest-api-v1, fabric-command-api-v2, fabric-content-registries-v0, fabric-convention-tags-v1, fabric-convention-tags-v2, fabric-crash-report-info-v1, fabric-data-attachment-api-v1, fabric-data-generation-api-v1, fabric-dimensions-v1, fabric-entity-events-v1, fabric-events-interaction-v0, fabric-game-rule-api-v1, fabric-gametest-api-v1, fabric-item-api-v1, fabric-item-group-api-v1, fabric-key-binding-api-v1, fabric-lifecycle-events-v1, fabric-loot-api-v2, fabric-loot-api-v3, fabric-message-api-v1, fabric-model-loading-api-v1, fabric-networking-api-v1, fabric-object-builder-api-v1]
[17:14:20] [Render thread/DEBUG] (net.fabricmc.fabric.impl.resource.loader.ModResourcePackUtil) [Fabric] cur @ fabric, auto-enabled fabric-particles-v1, currently enabled: [vanilla, fabric, cloth-config, effectual, fabric-api, fabric-api-base, fabric-api-lookup-api-v1, fabric-biome-api-v1, fabric-block-api-v1, fabric-block-view-api-v2, fabric-client-gametest-api-v1, fabric-command-api-v2, fabric-content-registries-v0, fabric-convention-tags-v1, fabric-convention-tags-v2, fabric-crash-report-info-v1, fabric-data-attachment-api-v1, fabric-data-generation-api-v1, fabric-dimensions-v1, fabric-entity-events-v1, fabric-events-interaction-v0, fabric-game-rule-api-v1, fabric-gametest-api-v1, fabric-item-api-v1, fabric-item-group-api-v1, fabric-key-binding-api-v1, fabric-lifecycle-events-v1, fabric-loot-api-v2, fabric-loot-api-v3, fabric-message-api-v1, fabric-model-loading-api-v1, fabric-networking-api-v1, fabric-object-builder-api-v1, fabric-particles-v1]
[17:14:20] [Render thread/DEBUG] (net.fabricmc.fabric.impl.resource.loader.ModResourcePackUtil) [Fabric] cur @ fabric, auto-enabled fabric-recipe-api-v1, currently enabled: [vanilla, fabric, cloth-config, effectual, fabric-api, fabric-api-base, fabric-api-lookup-api-v1, fabric-biome-api-v1, fabric-block-api-v1, fabric-block-view-api-v2, fabric-client-gametest-api-v1, fabric-command-api-v2, fabric-content-registries-v0, fabric-convention-tags-v1, fabric-convention-tags-v2, fabric-crash-report-info-v1, fabric-data-attachment-api-v1, fabric-data-generation-api-v1, fabric-dimensions-v1, fabric-entity-events-v1, fabric-events-interaction-v0, fabric-game-rule-api-v1, fabric-gametest-api-v1, fabric-item-api-v1, fabric-item-group-api-v1, fabric-key-binding-api-v1, fabric-lifecycle-events-v1, fabric-loot-api-v2, fabric-loot-api-v3, fabric-message-api-v1, fabric-model-loading-api-v1, fabric-networking-api-v1, fabric-object-builder-api-v1, fabric-particles-v1, fabric-recipe-api-v1]
[17:14:20] [Render thread/DEBUG] (net.fabricmc.fabric.impl.resource.loader.ModResourcePackUtil) [Fabric] cur @ fabric, auto-enabled fabric-registry-sync-v0, currently enabled: [vanilla, fabric, cloth-config, effectual, fabric-api, fabric-api-base, fabric-api-lookup-api-v1, fabric-biome-api-v1, fabric-block-api-v1, fabric-block-view-api-v2, fabric-client-gametest-api-v1, fabric-command-api-v2, fabric-content-registries-v0, fabric-convention-tags-v1, fabric-convention-tags-v2, fabric-crash-report-info-v1, fabric-data-attachment-api-v1, fabric-data-generation-api-v1, fabric-dimensions-v1, fabric-entity-events-v1, fabric-events-interaction-v0, fabric-game-rule-api-v1, fabric-gametest-api-v1, fabric-item-api-v1, fabric-item-group-api-v1, fabric-key-binding-api-v1, fabric-lifecycle-events-v1, fabric-loot-api-v2, fabric-loot-api-v3, fabric-message-api-v1, fabric-model-loading-api-v1, fabric-networking-api-v1, fabric-object-builder-api-v1, fabric-particles-v1, fabric-recipe-api-v1, fabric-registry-sync-v0]
[17:14:20] [Render thread/DEBUG] (net.fabricmc.fabric.impl.resource.loader.ModResourcePackUtil) [Fabric] cur @ fabric, auto-enabled fabric-renderer-api-v1, currently enabled: [vanilla, fabric, cloth-config, effectual, fabric-api, fabric-api-base, fabric-api-lookup-api-v1, fabric-biome-api-v1, fabric-block-api-v1, fabric-block-view-api-v2, fabric-client-gametest-api-v1, fabric-command-api-v2, fabric-content-registries-v0, fabric-convention-tags-v1, fabric-convention-tags-v2, fabric-crash-report-info-v1, fabric-data-attachment-api-v1, fabric-data-generation-api-v1, fabric-dimensions-v1, fabric-entity-events-v1, fabric-events-interaction-v0, fabric-game-rule-api-v1, fabric-gametest-api-v1, fabric-item-api-v1, fabric-item-group-api-v1, fabric-key-binding-api-v1, fabric-lifecycle-events-v1, fabric-loot-api-v2, fabric-loot-api-v3, fabric-message-api-v1, fabric-model-loading-api-v1, fabric-networking-api-v1, fabric-object-builder-api-v1, fabric-particles-v1, fabric-recipe-api-v1, fabric-registry-sync-v0, fabric-renderer-api-v1]
[17:14:20] [Render thread/DEBUG] (net.fabricmc.fabric.impl.resource.loader.ModResourcePackUtil) [Fabric] cur @ fabric, auto-enabled fabric-renderer-indigo, currently enabled: [vanilla, fabric, cloth-config, effectual, fabric-api, fabric-api-base, fabric-api-lookup-api-v1, fabric-biome-api-v1, fabric-block-api-v1, fabric-block-view-api-v2, fabric-client-gametest-api-v1, fabric-command-api-v2, fabric-content-registries-v0, fabric-convention-tags-v1, fabric-convention-tags-v2, fabric-crash-report-info-v1, fabric-data-attachment-api-v1, fabric-data-generation-api-v1, fabric-dimensions-v1, fabric-entity-events-v1, fabric-events-interaction-v0, fabric-game-rule-api-v1, fabric-gametest-api-v1, fabric-item-api-v1, fabric-item-group-api-v1, fabric-key-binding-api-v1, fabric-lifecycle-events-v1, fabric-loot-api-v2, fabric-loot-api-v3, fabric-message-api-v1, fabric-model-loading-api-v1, fabric-networking-api-v1, fabric-object-builder-api-v1, fabric-particles-v1, fabric-recipe-api-v1, fabric-registry-sync-v0, fabric-renderer-api-v1, fabric-renderer-indigo]
[17:14:20] [Render thread/DEBUG] (net.fabricmc.fabric.impl.resource.loader.ModResourcePackUtil) [Fabric] cur @ fabric, auto-enabled fabric-rendering-fluids-v1, currently enabled: [vanilla, fabric, cloth-config, effectual, fabric-api, fabric-api-base, fabric-api-lookup-api-v1, fabric-biome-api-v1, fabric-block-api-v1, fabric-block-view-api-v2, fabric-client-gametest-api-v1, fabric-command-api-v2, fabric-content-registries-v0, fabric-convention-tags-v1, fabric-convention-tags-v2, fabric-crash-report-info-v1, fabric-data-attachment-api-v1, fabric-data-generation-api-v1, fabric-dimensions-v1, fabric-entity-events-v1, fabric-events-interaction-v0, fabric-game-rule-api-v1, fabric-gametest-api-v1, fabric-item-api-v1, fabric-item-group-api-v1, fabric-key-binding-api-v1, fabric-lifecycle-events-v1, fabric-loot-api-v2, fabric-loot-api-v3, fabric-message-api-v1, fabric-model-loading-api-v1, fabric-networking-api-v1, fabric-object-builder-api-v1, fabric-particles-v1, fabric-recipe-api-v1, fabric-registry-sync-v0, fabric-renderer-api-v1, fabric-renderer-indigo, fabric-rendering-fluids-v1]
[17:14:20] [Render thread/DEBUG] (net.fabricmc.fabric.impl.resource.loader.ModResourcePackUtil) [Fabric] cur @ fabric, auto-enabled fabric-rendering-v1, currently enabled: [vanilla, fabric, cloth-config, effectual, fabric-api, fabric-api-base, fabric-api-lookup-api-v1, fabric-biome-api-v1, fabric-block-api-v1, fabric-block-view-api-v2, fabric-client-gametest-api-v1, fabric-command-api-v2, fabric-content-registries-v0, fabric-convention-tags-v1, fabric-convention-tags-v2, fabric-crash-report-info-v1, fabric-data-attachment-api-v1, fabric-data-generation-api-v1, fabric-dimensions-v1, fabric-entity-events-v1, fabric-events-interaction-v0, fabric-game-rule-api-v1, fabric-gametest-api-v1, fabric-item-api-v1, fabric-item-group-api-v1, fabric-key-binding-api-v1, fabric-lifecycle-events-v1, fabric-loot-api-v2, fabric-loot-api-v3, fabric-message-api-v1, fabric-model-loading-api-v1, fabric-networking-api-v1, fabric-object-builder-api-v1, fabric-particles-v1, fabric-recipe-api-v1, fabric-registry-sync-v0, fabric-renderer-api-v1, fabric-renderer-indigo, fabric-rendering-fluids-v1, fabric-rendering-v1]
[17:14:20] [Render thread/DEBUG] (net.fabricmc.fabric.impl.resource.loader.ModResourcePackUtil) [Fabric] cur @ fabric, auto-enabled fabric-resource-conditions-api-v1, currently enabled: [vanilla, fabric, cloth-config, effectual, fabric-api, fabric-api-base, fabric-api-lookup-api-v1, fabric-biome-api-v1, fabric-block-api-v1, fabric-block-view-api-v2, fabric-client-gametest-api-v1, fabric-command-api-v2, fabric-content-registries-v0, fabric-convention-tags-v1, fabric-convention-tags-v2, fabric-crash-report-info-v1, fabric-data-attachment-api-v1, fabric-data-generation-api-v1, fabric-dimensions-v1, fabric-entity-events-v1, fabric-events-interaction-v0, fabric-game-rule-api-v1, fabric-gametest-api-v1, fabric-item-api-v1, fabric-item-group-api-v1, fabric-key-binding-api-v1, fabric-lifecycle-events-v1, fabric-loot-api-v2, fabric-loot-api-v3, fabric-message-api-v1, fabric-model-loading-api-v1, fabric-networking-api-v1, fabric-object-builder-api-v1, fabric-particles-v1, fabric-recipe-api-v1, fabric-registry-sync-v0, fabric-renderer-api-v1, fabric-renderer-indigo, fabric-rendering-fluids-v1, fabric-rendering-v1, fabric-resource-conditions-api-v1]
[17:14:20] [Render thread/DEBUG] (net.fabricmc.fabric.impl.resource.loader.ModResourcePackUtil) [Fabric] cur @ fabric, auto-enabled fabric-resource-loader-v0, currently enabled: [vanilla, fabric, cloth-config, effectual, fabric-api, fabric-api-base, fabric-api-lookup-api-v1, fabric-biome-api-v1, fabric-block-api-v1, fabric-block-view-api-v2, fabric-client-gametest-api-v1, fabric-command-api-v2, fabric-content-registries-v0, fabric-convention-tags-v1, fabric-convention-tags-v2, fabric-crash-report-info-v1, fabric-data-attachment-api-v1, fabric-data-generation-api-v1, fabric-dimensions-v1, fabric-entity-events-v1, fabric-events-interaction-v0, fabric-game-rule-api-v1, fabric-gametest-api-v1, fabric-item-api-v1, fabric-item-group-api-v1, fabric-key-binding-api-v1, fabric-lifecycle-events-v1, fabric-loot-api-v2, fabric-loot-api-v3, fabric-message-api-v1, fabric-model-loading-api-v1, fabric-networking-api-v1, fabric-object-builder-api-v1, fabric-particles-v1, fabric-recipe-api-v1, fabric-registry-sync-v0, fabric-renderer-api-v1, fabric-renderer-indigo, fabric-rendering-fluids-v1, fabric-rendering-v1, fabric-resource-conditions-api-v1, fabric-resource-loader-v0]
[17:14:20] [Render thread/DEBUG] (net.fabricmc.fabric.impl.resource.loader.ModResourcePackUtil) [Fabric] cur @ fabric, auto-enabled fabric-resource-loader-v1, currently enabled: [vanilla, fabric, cloth-config, effectual, fabric-api, fabric-api-base, fabric-api-lookup-api-v1, fabric-biome-api-v1, fabric-block-api-v1, fabric-block-view-api-v2, fabric-client-gametest-api-v1, fabric-command-api-v2, fabric-content-registries-v0, fabric-convention-tags-v1, fabric-convention-tags-v2, fabric-crash-report-info-v1, fabric-data-attachment-api-v1, fabric-data-generation-api-v1, fabric-dimensions-v1, fabric-entity-events-v1, fabric-events-interaction-v0, fabric-game-rule-api-v1, fabric-gametest-api-v1, fabric-item-api-v1, fabric-item-group-api-v1, fabric-key-binding-api-v1, fabric-lifecycle-events-v1, fabric-loot-api-v2, fabric-loot-api-v3, fabric-message-api-v1, fabric-model-loading-api-v1, fabric-networking-api-v1, fabric-object-builder-api-v1, fabric-particles-v1, fabric-recipe-api-v1, fabric-registry-sync-v0, fabric-renderer-api-v1, fabric-renderer-indigo, fabric-rendering-fluids-v1, fabric-rendering-v1, fabric-resource-conditions-api-v1, fabric-resource-loader-v0, fabric-resource-loader-v1]
[17:14:20] [Render thread/DEBUG] (net.fabricmc.fabric.impl.resource.loader.ModResourcePackUtil) [Fabric] cur @ fabric, auto-enabled fabric-screen-api-v1, currently enabled: [vanilla, fabric, cloth-config, effectual, fabric-api, fabric-api-base, fabric-api-lookup-api-v1, fabric-biome-api-v1, fabric-block-api-v1, fabric-block-view-api-v2, fabric-client-gametest-api-v1, fabric-command-api-v2, fabric-content-registries-v0, fabric-convention-tags-v1, fabric-convention-tags-v2, fabric-crash-report-info-v1, fabric-data-attachment-api-v1, fabric-data-generation-api-v1, fabric-dimensions-v1, fabric-entity-events-v1, fabric-events-interaction-v0, fabric-game-rule-api-v1, fabric-gametest-api-v1, fabric-item-api-v1, fabric-item-group-api-v1, fabric-key-binding-api-v1, fabric-lifecycle-events-v1, fabric-loot-api-v2, fabric-loot-api-v3, fabric-message-api-v1, fabric-model-loading-api-v1, fabric-networking-api-v1, fabric-object-builder-api-v1, fabric-particles-v1, fabric-recipe-api-v1, fabric-registry-sync-v0, fabric-renderer-api-v1, fabric-renderer-indigo, fabric-rendering-fluids-v1, fabric-rendering-v1, fabric-resource-conditions-api-v1, fabric-resource-loader-v0, fabric-resource-loader-v1, fabric-screen-api-v1]
[17:14:20] [Render thread/DEBUG] (net.fabricmc.fabric.impl.resource.loader.ModResourcePackUtil) [Fabric] cur @ fabric, auto-enabled fabric-screen-handler-api-v1, currently enabled: [vanilla, fabric, cloth-config, effectual, fabric-api, fabric-api-base, fabric-api-lookup-api-v1, fabric-biome-api-v1, fabric-block-api-v1, fabric-block-view-api-v2, fabric-client-gametest-api-v1, fabric-command-api-v2, fabric-content-registries-v0, fabric-convention-tags-v1, fabric-convention-tags-v2, fabric-crash-report-info-v1, fabric-data-attachment-api-v1, fabric-data-generation-api-v1, fabric-dimensions-v1, fabric-entity-events-v1, fabric-events-interaction-v0, fabric-game-rule-api-v1, fabric-gametest-api-v1, fabric-item-api-v1, fabric-item-group-api-v1, fabric-key-binding-api-v1, fabric-lifecycle-events-v1, fabric-loot-api-v2, fabric-loot-api-v3, fabric-message-api-v1, fabric-model-loading-api-v1, fabric-networking-api-v1, fabric-object-builder-api-v1, fabric-particles-v1, fabric-recipe-api-v1, fabric-registry-sync-v0, fabric-renderer-api-v1, fabric-renderer-indigo, fabric-rendering-fluids-v1, fabric-rendering-v1, fabric-resource-conditions-api-v1, fabric-resource-loader-v0, fabric-resource-loader-v1, fabric-screen-api-v1, fabric-screen-handler-api-v1]
[17:14:20] [Render thread/DEBUG] (net.fabricmc.fabric.impl.resource.loader.ModResourcePackUtil) [Fabric] cur @ fabric, auto-enabled fabric-serialization-api-v1, currently enabled: [vanilla, fabric, cloth-config, effectual, fabric-api, fabric-api-base, fabric-api-lookup-api-v1, fabric-biome-api-v1, fabric-block-api-v1, fabric-block-view-api-v2, fabric-client-gametest-api-v1, fabric-command-api-v2, fabric-content-registries-v0, fabric-convention-tags-v1, fabric-convention-tags-v2, fabric-crash-report-info-v1, fabric-data-attachment-api-v1, fabric-data-generation-api-v1, fabric-dimensions-v1, fabric-entity-events-v1, fabric-events-interaction-v0, fabric-game-rule-api-v1, fabric-gametest-api-v1, fabric-item-api-v1, fabric-item-group-api-v1, fabric-key-binding-api-v1, fabric-lifecycle-events-v1, fabric-loot-api-v2, fabric-loot-api-v3, fabric-message-api-v1, fabric-model-loading-api-v1, fabric-networking-api-v1, fabric-object-builder-api-v1, fabric-particles-v1, fabric-recipe-api-v1, fabric-registry-sync-v0, fabric-renderer-api-v1, fabric-renderer-indigo, fabric-rendering-fluids-v1, fabric-rendering-v1, fabric-resource-conditions-api-v1, fabric-resource-loader-v0, fabric-resource-loader-v1, fabric-screen-api-v1, fabric-screen-handler-api-v1, fabric-serialization-api-v1]
[17:14:20] [Render thread/DEBUG] (net.fabricmc.fabric.impl.resource.loader.ModResourcePackUtil) [Fabric] cur @ fabric, auto-enabled fabric-sound-api-v1, currently enabled: [vanilla, fabric, cloth-config, effectual, fabric-api, fabric-api-base, fabric-api-lookup-api-v1, fabric-biome-api-v1, fabric-block-api-v1, fabric-block-view-api-v2, fabric-client-gametest-api-v1, fabric-command-api-v2, fabric-content-registries-v0, fabric-convention-tags-v1, fabric-convention-tags-v2, fabric-crash-report-info-v1, fabric-data-attachment-api-v1, fabric-data-generation-api-v1, fabric-dimensions-v1, fabric-entity-events-v1, fabric-events-interaction-v0, fabric-game-rule-api-v1, fabric-gametest-api-v1, fabric-item-api-v1, fabric-item-group-api-v1, fabric-key-binding-api-v1, fabric-lifecycle-events-v1, fabric-loot-api-v2, fabric-loot-api-v3, fabric-message-api-v1, fabric-model-loading-api-v1, fabric-networking-api-v1, fabric-object-builder-api-v1, fabric-particles-v1, fabric-recipe-api-v1, fabric-registry-sync-v0, fabric-renderer-api-v1, fabric-renderer-indigo, fabric-rendering-fluids-v1, fabric-rendering-v1, fabric-resource-conditions-api-v1, fabric-resource-loader-v0, fabric-resource-loader-v1, fabric-screen-api-v1, fabric-screen-handler-api-v1, fabric-serialization-api-v1, fabric-sound-api-v1]
[17:14:20] [Render thread/DEBUG] (net.fabricmc.fabric.impl.resource.loader.ModResourcePackUtil) [Fabric] cur @ fabric, auto-enabled fabric-tag-api-v1, currently enabled: [vanilla, fabric, cloth-config, effectual, fabric-api, fabric-api-base, fabric-api-lookup-api-v1, fabric-biome-api-v1, fabric-block-api-v1, fabric-block-view-api-v2, fabric-client-gametest-api-v1, fabric-command-api-v2, fabric-content-registries-v0, fabric-convention-tags-v1, fabric-convention-tags-v2, fabric-crash-report-info-v1, fabric-data-attachment-api-v1, fabric-data-generation-api-v1, fabric-dimensions-v1, fabric-entity-events-v1, fabric-events-interaction-v0, fabric-game-rule-api-v1, fabric-gametest-api-v1, fabric-item-api-v1, fabric-item-group-api-v1, fabric-key-binding-api-v1, fabric-lifecycle-events-v1, fabric-loot-api-v2, fabric-loot-api-v3, fabric-message-api-v1, fabric-model-loading-api-v1, fabric-networking-api-v1, fabric-object-builder-api-v1, fabric-particles-v1, fabric-recipe-api-v1, fabric-registry-sync-v0, fabric-renderer-api-v1, fabric-renderer-indigo, fabric-rendering-fluids-v1, fabric-rendering-v1, fabric-resource-conditions-api-v1, fabric-resource-loader-v0, fabric-resource-loader-v1, fabric-screen-api-v1, fabric-screen-handler-api-v1, fabric-serialization-api-v1, fabric-sound-api-v1, fabric-tag-api-v1]
[17:14:20] [Render thread/DEBUG] (net.fabricmc.fabric.impl.resource.loader.ModResourcePackUtil) [Fabric] cur @ fabric, auto-enabled fabric-transfer-api-v1, currently enabled: [vanilla, fabric, cloth-config, effectual, fabric-api, fabric-api-base, fabric-api-lookup-api-v1, fabric-biome-api-v1, fabric-block-api-v1, fabric-block-view-api-v2, fabric-client-gametest-api-v1, fabric-command-api-v2, fabric-content-registries-v0, fabric-convention-tags-v1, fabric-convention-tags-v2, fabric-crash-report-info-v1, fabric-data-attachment-api-v1, fabric-data-generation-api-v1, fabric-dimensions-v1, fabric-entity-events-v1, fabric-events-interaction-v0, fabric-game-rule-api-v1, fabric-gametest-api-v1, fabric-item-api-v1, fabric-item-group-api-v1, fabric-key-binding-api-v1, fabric-lifecycle-events-v1, fabric-loot-api-v2, fabric-loot-api-v3, fabric-message-api-v1, fabric-model-loading-api-v1, fabric-networking-api-v1, fabric-object-builder-api-v1, fabric-particles-v1, fabric-recipe-api-v1, fabric-registry-sync-v0, fabric-renderer-api-v1, fabric-renderer-indigo, fabric-rendering-fluids-v1, fabric-rendering-v1, fabric-resource-conditions-api-v1, fabric-resource-loader-v0, fabric-resource-loader-v1, fabric-screen-api-v1, fabric-screen-handler-api-v1, fabric-serialization-api-v1, fabric-sound-api-v1, fabric-tag-api-v1, fabric-transfer-api-v1]
[17:14:20] [Render thread/DEBUG] (net.fabricmc.fabric.impl.resource.loader.ModResourcePackUtil) [Fabric] cur @ fabric, auto-enabled fabric-transitive-access-wideners-v1, currently enabled: [vanilla, fabric, cloth-config, effectual, fabric-api, fabric-api-base, fabric-api-lookup-api-v1, fabric-biome-api-v1, fabric-block-api-v1, fabric-block-view-api-v2, fabric-client-gametest-api-v1, fabric-command-api-v2, fabric-content-registries-v0, fabric-convention-tags-v1, fabric-convention-tags-v2, fabric-crash-report-info-v1, fabric-data-attachment-api-v1, fabric-data-generation-api-v1, fabric-dimensions-v1, fabric-entity-events-v1, fabric-events-interaction-v0, fabric-game-rule-api-v1, fabric-gametest-api-v1, fabric-item-api-v1, fabric-item-group-api-v1, fabric-key-binding-api-v1, fabric-lifecycle-events-v1, fabric-loot-api-v2, fabric-loot-api-v3, fabric-message-api-v1, fabric-model-loading-api-v1, fabric-networking-api-v1, fabric-object-builder-api-v1, fabric-particles-v1, fabric-recipe-api-v1, fabric-registry-sync-v0, fabric-renderer-api-v1, fabric-renderer-indigo, fabric-rendering-fluids-v1, fabric-rendering-v1, fabric-resource-conditions-api-v1, fabric-resource-loader-v0, fabric-resource-loader-v1, fabric-screen-api-v1, fabric-screen-handler-api-v1, fabric-serialization-api-v1, fabric-sound-api-v1, fabric-tag-api-v1, fabric-transfer-api-v1, fabric-transitive-access-wideners-v1]
[17:14:20] [Render thread/DEBUG] (net.fabricmc.fabric.impl.resource.loader.ModResourcePackUtil) [Fabric] cur @ fabric, auto-enabled fabricloader, currently enabled: [vanilla, fabric, cloth-config, effectual, fabric-api, fabric-api-base, fabric-api-lookup-api-v1, fabric-biome-api-v1, fabric-block-api-v1, fabric-block-view-api-v2, fabric-client-gametest-api-v1, fabric-command-api-v2, fabric-content-registries-v0, fabric-convention-tags-v1, fabric-convention-tags-v2, fabric-crash-report-info-v1, fabric-data-attachment-api-v1, fabric-data-generation-api-v1, fabric-dimensions-v1, fabric-entity-events-v1, fabric-events-interaction-v0, fabric-game-rule-api-v1, fabric-gametest-api-v1, fabric-item-api-v1, fabric-item-group-api-v1, fabric-key-binding-api-v1, fabric-lifecycle-events-v1, fabric-loot-api-v2, fabric-loot-api-v3, fabric-message-api-v1, fabric-model-loading-api-v1, fabric-networking-api-v1, fabric-object-builder-api-v1, fabric-particles-v1, fabric-recipe-api-v1, fabric-registry-sync-v0, fabric-renderer-api-v1, fabric-renderer-indigo, fabric-rendering-fluids-v1, fabric-rendering-v1, fabric-resource-conditions-api-v1, fabric-resource-loader-v0, fabric-resource-loader-v1, fabric-screen-api-v1, fabric-screen-handler-api-v1, fabric-serialization-api-v1, fabric-sound-api-v1, fabric-tag-api-v1, fabric-transfer-api-v1, fabric-transitive-access-wideners-v1, fabricloader]
[17:14:20] [Render thread/DEBUG] (net.fabricmc.fabric.impl.resource.loader.ModResourcePackUtil) [Fabric] cur @ fabric, auto-enabled generated_5ad6e91, currently enabled: [vanilla, fabric, cloth-config, effectual, fabric-api, fabric-api-base, fabric-api-lookup-api-v1, fabric-biome-api-v1, fabric-block-api-v1, fabric-block-view-api-v2, fabric-client-gametest-api-v1, fabric-command-api-v2, fabric-content-registries-v0, fabric-convention-tags-v1, fabric-convention-tags-v2, fabric-crash-report-info-v1, fabric-data-attachment-api-v1, fabric-data-generation-api-v1, fabric-dimensions-v1, fabric-entity-events-v1, fabric-events-interaction-v0, fabric-game-rule-api-v1, fabric-gametest-api-v1, fabric-item-api-v1, fabric-item-group-api-v1, fabric-key-binding-api-v1, fabric-lifecycle-events-v1, fabric-loot-api-v2, fabric-loot-api-v3, fabric-message-api-v1, fabric-model-loading-api-v1, fabric-networking-api-v1, fabric-object-builder-api-v1, fabric-particles-v1, fabric-recipe-api-v1, fabric-registry-sync-v0, fabric-renderer-api-v1, fabric-renderer-indigo, fabric-rendering-fluids-v1, fabric-rendering-v1, fabric-resource-conditions-api-v1, fabric-resource-loader-v0, fabric-resource-loader-v1, fabric-screen-api-v1, fabric-screen-handler-api-v1, fabric-serialization-api-v1, fabric-sound-api-v1, fabric-tag-api-v1, fabric-transfer-api-v1, fabric-transitive-access-wideners-v1, fabricloader, generated_5ad6e91]
[17:14:20] [Render thread/DEBUG] (net.fabricmc.fabric.impl.resource.loader.ModResourcePackUtil) [Fabric] cur @ fabric, auto-enabled modmenu, currently enabled: [vanilla, fabric, cloth-config, effectual, fabric-api, fabric-api-base, fabric-api-lookup-api-v1, fabric-biome-api-v1, fabric-block-api-v1, fabric-block-view-api-v2, fabric-client-gametest-api-v1, fabric-command-api-v2, fabric-content-registries-v0, fabric-convention-tags-v1, fabric-convention-tags-v2, fabric-crash-report-info-v1, fabric-data-attachment-api-v1, fabric-data-generation-api-v1, fabric-dimensions-v1, fabric-entity-events-v1, fabric-events-interaction-v0, fabric-game-rule-api-v1, fabric-gametest-api-v1, fabric-item-api-v1, fabric-item-group-api-v1, fabric-key-binding-api-v1, fabric-lifecycle-events-v1, fabric-loot-api-v2, fabric-loot-api-v3, fabric-message-api-v1, fabric-model-loading-api-v1, fabric-networking-api-v1, fabric-object-builder-api-v1, fabric-particles-v1, fabric-recipe-api-v1, fabric-registry-sync-v0, fabric-renderer-api-v1, fabric-renderer-indigo, fabric-rendering-fluids-v1, fabric-rendering-v1, fabric-resource-conditions-api-v1, fabric-resource-loader-v0, fabric-resource-loader-v1, fabric-screen-api-v1, fabric-screen-handler-api-v1, fabric-serialization-api-v1, fabric-sound-api-v1, fabric-tag-api-v1, fabric-transfer-api-v1, fabric-transitive-access-wideners-v1, fabricloader, generated_5ad6e91, modmenu]
[17:14:20] [Render thread/DEBUG] (net.fabricmc.fabric.impl.resource.loader.ModResourcePackUtil) [Fabric] cur @ fabric, auto-enabled tlib, currently enabled: [vanilla, fabric, cloth-config, effectual, fabric-api, fabric-api-base, fabric-api-lookup-api-v1, fabric-biome-api-v1, fabric-block-api-v1, fabric-block-view-api-v2, fabric-client-gametest-api-v1, fabric-command-api-v2, fabric-content-registries-v0, fabric-convention-tags-v1, fabric-convention-tags-v2, fabric-crash-report-info-v1, fabric-data-attachment-api-v1, fabric-data-generation-api-v1, fabric-dimensions-v1, fabric-entity-events-v1, fabric-events-interaction-v0, fabric-game-rule-api-v1, fabric-gametest-api-v1, fabric-item-api-v1, fabric-item-group-api-v1, fabric-key-binding-api-v1, fabric-lifecycle-events-v1, fabric-loot-api-v2, fabric-loot-api-v3, fabric-message-api-v1, fabric-model-loading-api-v1, fabric-networking-api-v1, fabric-object-builder-api-v1, fabric-particles-v1, fabric-recipe-api-v1, fabric-registry-sync-v0, fabric-renderer-api-v1, fabric-renderer-indigo, fabric-rendering-fluids-v1, fabric-rendering-v1, fabric-resource-conditions-api-v1, fabric-resource-loader-v0, fabric-resource-loader-v1, fabric-screen-api-v1, fabric-screen-handler-api-v1, fabric-serialization-api-v1, fabric-sound-api-v1, fabric-tag-api-v1, fabric-transfer-api-v1, fabric-transitive-access-wideners-v1, fabricloader, generated_5ad6e91, modmenu, tlib]
[17:14:20] [Render thread/DEBUG] (net.fabricmc.fabric.impl.resource.loader.ModResourcePackUtil) [Fabric] Final sorting result: [vanilla, fabric, cloth-config, effectual, fabric-api, fabric-api-base, fabric-api-lookup-api-v1, fabric-biome-api-v1, fabric-block-api-v1, fabric-block-view-api-v2, fabric-client-gametest-api-v1, fabric-command-api-v2, fabric-content-registries-v0, fabric-convention-tags-v1, fabric-convention-tags-v2, fabric-crash-report-info-v1, fabric-data-attachment-api-v1, fabric-data-generation-api-v1, fabric-dimensions-v1, fabric-entity-events-v1, fabric-events-interaction-v0, fabric-game-rule-api-v1, fabric-gametest-api-v1, fabric-item-api-v1, fabric-item-group-api-v1, fabric-key-binding-api-v1, fabric-lifecycle-events-v1, fabric-loot-api-v2, fabric-loot-api-v3, fabric-message-api-v1, fabric-model-loading-api-v1, fabric-networking-api-v1, fabric-object-builder-api-v1, fabric-particles-v1, fabric-recipe-api-v1, fabric-registry-sync-v0, fabric-renderer-api-v1, fabric-renderer-indigo, fabric-rendering-fluids-v1, fabric-rendering-v1, fabric-resource-conditions-api-v1, fabric-resource-loader-v0, fabric-resource-loader-v1, fabric-screen-api-v1, fabric-screen-handler-api-v1, fabric-serialization-api-v1, fabric-sound-api-v1, fabric-tag-api-v1, fabric-transfer-api-v1, fabric-transitive-access-wideners-v1, fabricloader, generated_5ad6e91, modmenu, tlib]
[17:14:20] [Render thread/DEBUG] (FabricLoader/Mixin) Mixing KeyedClientResourceReloadListenerMixin from fabric-resource-loader-v1.client.mixins.json into net.minecraft.client.resources.language.LanguageManager
[17:14:20] [Render thread/DEBUG] (FabricLoader/Mixin) Mixing KeyedClientResourceReloadListenerMixin from fabric-resource-loader-v1.client.mixins.json into net.minecraft.client.renderer.texture.TextureManager
[17:14:20] [Render thread/DEBUG] (FabricLoader/Mixin) Mixing KeyedClientResourceReloadListenerMixin from fabric-resource-loader-v1.client.mixins.json into net.minecraft.client.renderer.ShaderManager
[17:14:21] [Render thread/DEBUG] (FabricLoader/Mixin) Mixing KeyedClientResourceReloadListenerMixin from fabric-resource-loader-v1.client.mixins.json into net.minecraft.client.sounds.SoundManager
[17:14:21] [Render thread/DEBUG] (FabricLoader/Mixin) Mixing SoundSystemMixin from fabric-sound-api-v1.mixins.json into net.minecraft.client.sounds.SoundEngine
[17:14:21] [Render thread/DEBUG] (FabricLoader/Mixin) Mixing KeyedClientResourceReloadListenerMixin from fabric-resource-loader-v1.client.mixins.json into net.minecraft.client.resources.SplashManager
[17:14:21] [Render thread/DEBUG] (FabricLoader/Mixin) Mixing KeyedClientResourceReloadListenerMixin from fabric-resource-loader-v1.client.mixins.json into net.minecraft.client.resources.model.AtlasManager
[17:14:21] [Render thread/DEBUG] (FabricLoader/Mixin) Mixing KeyedClientResourceReloadListenerMixin from fabric-resource-loader-v1.client.mixins.json into net.minecraft.client.gui.font.FontManager
[17:14:21] [Render thread/DEBUG] (FabricLoader/Mixin) Mixing KeyedClientResourceReloadListenerMixin from fabric-resource-loader-v1.client.mixins.json into net.minecraft.client.resources.GrassColorReloadListener
[17:14:21] [Render thread/DEBUG] (FabricLoader/Mixin) Mixing KeyedClientResourceReloadListenerMixin from fabric-resource-loader-v1.client.mixins.json into net.minecraft.client.resources.FoliageColorReloadListener
[17:14:21] [Render thread/DEBUG] (FabricLoader/Mixin) Mixing KeyedClientResourceReloadListenerMixin from fabric-resource-loader-v1.client.mixins.json into net.minecraft.client.resources.DryFoliageColorReloadListener
[17:14:21] [Render thread/DEBUG] (FabricLoader/Mixin) Mixing BlockColorsMixin from fabric-rendering-v1.mixins.json into net.minecraft.client.color.block.BlockColors
[17:14:21] [Render thread/DEBUG] (FabricLoader/Mixin) Mixing BlockColorsMixin from fabric-registry-sync-v0.client.mixins.json into net.minecraft.client.color.block.BlockColors
[17:14:21] [Render thread/DEBUG] (FabricLoader/Mixin) fabric-rendering-v1.mixins.json:BlockColorsMixin from mod fabric-rendering-v1->@Inject::create(Lorg/spongepowered/asm/mixin/injection/callback/CallbackInfoReturnable;)V does use it's CallbackInfoReturnable
[17:14:21] [Render thread/DEBUG] (FabricLoader/Mixin) fabric-registry-sync-v0.client.mixins.json:BlockColorsMixin from mod fabric-registry-sync-v0->@Inject::create(Lorg/spongepowered/asm/mixin/injection/callback/CallbackInfo;)V doesn't use it's CallbackInfo
[17:14:21] [Render thread/DEBUG] (FabricLoader/Mixin) fabric-registry-sync-v0.client.mixins.json:BlockColorsMixin from mod fabric-registry-sync-v0->@Inject::create(Lorg/spongepowered/asm/mixin/injection/callback/CallbackInfo;)V has 0 override(s) in child classes
[17:14:21] [Render thread/DEBUG] (FabricLoader/Mixin) fabric-registry-sync-v0.client.mixins.json:BlockColorsMixin from mod fabric-registry-sync-v0->@Inject::create(Lorg/spongepowered/asm/mixin/injection/callback/CallbackInfo;)V won't be passed a CallbackInfo as a result
[17:14:21] [Render thread/DEBUG] (FabricLoader/Mixin) Mixing KeyedClientResourceReloadListenerMixin from fabric-resource-loader-v1.client.mixins.json into net.minecraft.client.resources.model.ModelManager
[17:14:21] [Render thread/DEBUG] (FabricLoader/Mixin) Mixing BakedModelManagerMixin from fabric-model-loading-api-v1.mixins.json into net.minecraft.client.resources.model.ModelManager
[17:14:21] [Render thread/DEBUG] (FabricLoader/Mixin) Renaming synthetic method lambda$withModelDispatcher$3(Ljava/util/concurrent/CompletableFuture;Ljava/util/function/Function;Ljava/lang/Object;)Ljava/lang/Object; to md7d776e$fabric-model-loading-api-v1$lambda$withModelDispatcher$3$0 in fabric-model-loading-api-v1.mixins.json:BakedModelManagerMixin from mod fabric-model-loading-api-v1
[17:14:21] [Render thread/DEBUG] (FabricLoader/Mixin) Renaming synthetic method lambda$hookBlockStateModels$2(Lnet/minecraft/client/resources/model/BlockStateModelLoader$LoadedModels;Lnet/fabricmc/fabric/impl/client/model/loading/ModelLoadingEventDispatcher;)Lnet/minecraft/client/resources/model/BlockStateModelLoader$LoadedModels; to md7d776e$fabric-model-loading-api-v1$lambda$hookBlockStateModels$2$1 in fabric-model-loading-api-v1.mixins.json:BakedModelManagerMixin from mod fabric-model-loading-api-v1
[17:14:21] [Render thread/DEBUG] (FabricLoader/Mixin) Renaming synthetic method lambda$hookModels$1(Ljava/util/Map;Lnet/fabricmc/fabric/impl/client/model/loading/ModelLoadingEventDispatcher;)Ljava/util/Map; to md7d776e$fabric-model-loading-api-v1$lambda$hookModels$1$2 in fabric-model-loading-api-v1.mixins.json:BakedModelManagerMixin from mod fabric-model-loading-api-v1
[17:14:21] [Render thread/DEBUG] (FabricLoader/Mixin) Renaming synthetic method lambda$resetEventDispatcherFuture$0(Ljava/lang/Void;)Ljava/lang/Void; to md7d776e$fabric-model-loading-api-v1$lambda$resetEventDispatcherFuture$0$3 in fabric-model-loading-api-v1.mixins.json:BakedModelManagerMixin from mod fabric-model-loading-api-v1
[17:14:21] [Render thread/DEBUG] (FabricLoader/Mixin) fabric-model-loading-api-v1.mixins.json:BakedModelManagerMixin from mod fabric-model-loading-api-v1->@Inject::onHeadReload(Lnet/minecraft/server/packs/resources/PreparableReloadListener$SharedState;Ljava/util/concurrent/Executor;Lnet/minecraft/server/packs/resources/PreparableReloadListener$PreparationBarrier;Ljava/util/concurrent/Executor;Lorg/spongepowered/asm/mixin/injection/callback/CallbackInfoReturnable;)V doesn't use it's CallbackInfoReturnable
[17:14:21] [Render thread/DEBUG] (FabricLoader/Mixin) fabric-model-loading-api-v1.mixins.json:BakedModelManagerMixin from mod fabric-model-loading-api-v1->@Inject::onHeadReload(Lnet/minecraft/server/packs/resources/PreparableReloadListener$SharedState;Ljava/util/concurrent/Executor;Lnet/minecraft/server/packs/resources/PreparableReloadListener$PreparationBarrier;Ljava/util/concurrent/Executor;Lorg/spongepowered/asm/mixin/injection/callback/CallbackInfoReturnable;)V has 0 override(s) in child classes
[17:14:21] [Render thread/DEBUG] (FabricLoader/Mixin) fabric-model-loading-api-v1.mixins.json:BakedModelManagerMixin from mod fabric-model-loading-api-v1->@Inject::onHeadReload(Lnet/minecraft/server/packs/resources/PreparableReloadListener$SharedState;Ljava/util/concurrent/Executor;Lnet/minecraft/server/packs/resources/PreparableReloadListener$PreparationBarrier;Ljava/util/concurrent/Executor;Lorg/spongepowered/asm/mixin/injection/callback/CallbackInfoReturnable;)V won't be passed a CallbackInfoReturnable as a result
[17:14:21] [Render thread/DEBUG] (FabricLoader/Mixin) fabric-model-loading-api-v1.mixins.json:BakedModelManagerMixin from mod fabric-model-loading-api-v1->@Inject::resolveExtraModels(Ljava/util/Map;Lnet/minecraft/client/resources/model/BlockStateModelLoader$LoadedModels;Lnet/minecraft/client/resources/model/ClientItemInfoLoader$LoadedClientInfos;Lorg/spongepowered/asm/mixin/injection/callback/CallbackInfoReturnable;)V doesn't use it's CallbackInfoReturnable
[17:14:21] [Render thread/DEBUG] (FabricLoader/Mixin) fabric-model-loading-api-v1.mixins.json:BakedModelManagerMixin from mod fabric-model-loading-api-v1->@Inject::onReturnUpload(Lorg/spongepowered/asm/mixin/injection/callback/CallbackInfo;)V doesn't use it's CallbackInfo
[17:14:21] [Render thread/DEBUG] (FabricLoader/Mixin) fabric-model-loading-api-v1.mixins.json:BakedModelManagerMixin from mod fabric-model-loading-api-v1->@Inject::onReturnUpload(Lorg/spongepowered/asm/mixin/injection/callback/CallbackInfo;)V has 0 override(s) in child classes
[17:14:21] [Render thread/DEBUG] (FabricLoader/Mixin) fabric-model-loading-api-v1.mixins.json:BakedModelManagerMixin from mod fabric-model-loading-api-v1->@Inject::onReturnUpload(Lorg/spongepowered/asm/mixin/injection/callback/CallbackInfo;)V won't be passed a CallbackInfo as a result
[17:14:21] [Render thread/DEBUG] (FabricLoader/Mixin) Mixing client.sprite.ErrorCollectingSpriteGetterMixin from fabric-renderer-api-v1.mixins.json into net.minecraft.client.resources.model.SpriteGetter
[17:14:21] [Render thread/DEBUG] (FabricLoader/Mixin) Mixing client.block.particle.BlockModelsMixin from fabric-renderer-api-v1.mixins.json into net.minecraft.client.renderer.block.BlockModelShaper
[17:14:21] [Render thread/DEBUG] (FabricLoader/Mixin) Mixing KeyedClientResourceReloadListenerMixin from fabric-resource-loader-v1.client.mixins.json into net.minecraft.client.resources.model.EquipmentAssetManager
[17:14:21] [Render thread/DEBUG] (FabricLoader/Mixin) Mixing JsonDataLoaderMixin from fabric-resource-conditions-api-v1.mixins.json into net.minecraft.server.packs.resources.SimpleJsonResourceReloadListener
[17:14:21] [Render thread/DEBUG] (FabricLoader/Mixin) Mixing JsonDataLoaderMixin from fabric-loot-api-v3.mixins.json into net.minecraft.server.packs.resources.SimpleJsonResourceReloadListener
[17:14:21] [Render thread/DEBUG] (FabricLoader/Mixin) fabric-resource-conditions-api-v1.mixins.json:JsonDataLoaderMixin from mod fabric-resource-conditions-api-v1->@Inject::skipData(Ljava/util/Map;Lnet/minecraft/resources/ResourceLocation;Ljava/lang/Object;Lorg/spongepowered/asm/mixin/injection/callback/CallbackInfo;)V does use it's CallbackInfo
[17:14:21] [Render thread/DEBUG] (FabricLoader/Mixin) fabric-loot-api-v3.mixins.json:JsonDataLoaderMixin from mod fabric-loot-api-v3->@Inject::fillSourceMap(Lnet/minecraft/server/packs/resources/ResourceManager;Lnet/minecraft/resources/FileToIdConverter;Lcom/mojang/serialization/DynamicOps;Lcom/mojang/serialization/Codec;Ljava/util/Map;Lorg/spongepowered/asm/mixin/injection/callback/CallbackInfo;)V doesn't use it's CallbackInfo
[17:14:21] [Render thread/DEBUG] (FabricLoader/Mixin) Mixing ModelBakerMixin from fabric-model-loading-api-v1.mixins.json into net.minecraft.client.resources.model.ModelBakery
[17:14:21] [Render thread/DEBUG] (FabricLoader/Mixin) Renaming synthetic method lambda$withExtraModels$2(Lnet/minecraft/client/resources/model/ModelBakery$BakingResult;Ljava/util/Map;)Lnet/minecraft/client/resources/model/ModelBakery$BakingResult; to md7d776e$fabric-model-loading-api-v1$lambda$withExtraModels$2$0 in fabric-model-loading-api-v1.mixins.json:ModelBakerMixin from mod fabric-model-loading-api-v1
[17:14:21] [Render thread/DEBUG] (FabricLoader/Mixin) Renaming synthetic method lambda$withExtraModels$1(Lnet/minecraft/client/resources/model/ModelBakery$ModelBakerImpl;Lnet/fabricmc/fabric/api/client/model/loading/v1/ExtraModelKey;Lnet/fabricmc/fabric/api/client/model/loading/v1/UnbakedExtraModel;)Ljava/lang/Object; to md7d776e$fabric-model-loading-api-v1$lambda$withExtraModels$1$1 in fabric-model-loading-api-v1.mixins.json:ModelBakerMixin from mod fabric-model-loading-api-v1
[17:14:21] [Render thread/DEBUG] (FabricLoader/Mixin) Renaming synthetic method lambda$hookBlockModelBake$0(Ljava/util/function/BiFunction;Lnet/minecraft/world/level/block/state/BlockState;Lnet/minecraft/client/renderer/block/model/BlockStateModel$UnbakedRoot;)Lnet/minecraft/client/renderer/block/model/BlockStateModel; to md7d776e$fabric-model-loading-api-v1$lambda$hookBlockModelBake$0$2 in fabric-model-loading-api-v1.mixins.json:ModelBakerMixin from mod fabric-model-loading-api-v1
[17:14:21] [Render thread/DEBUG] (FabricLoader/Mixin) fabric-model-loading-api-v1.mixins.json:ModelBakerMixin from mod fabric-model-loading-api-v1->@Inject::onReturnInit(Lorg/spongepowered/asm/mixin/injection/callback/CallbackInfo;)V doesn't use it's CallbackInfo
[17:14:21] [Render thread/DEBUG] (FabricLoader/Mixin) fabric-model-loading-api-v1.mixins.json:ModelBakerMixin from mod fabric-model-loading-api-v1->@Inject::onReturnInit(Lorg/spongepowered/asm/mixin/injection/callback/CallbackInfo;)V has 0 override(s) in child classes
[17:14:21] [Render thread/DEBUG] (FabricLoader/Mixin) fabric-model-loading-api-v1.mixins.json:ModelBakerMixin from mod fabric-model-loading-api-v1->@Inject::onReturnInit(Lorg/spongepowered/asm/mixin/injection/callback/CallbackInfo;)V won't be passed a CallbackInfo as a result
[17:14:21] [Render thread/DEBUG] (FabricLoader/Mixin) Mixing KeyedClientResourceReloadListenerMixin from fabric-resource-loader-v1.client.mixins.json into net.minecraft.client.renderer.block.BlockRenderDispatcher
[17:14:21] [Render thread/DEBUG] (FabricLoader/Mixin) Mixing client.block.render.BlockRenderManagerMixin from fabric-renderer-api-v1.mixins.json into net.minecraft.client.renderer.block.BlockRenderDispatcher
[17:14:21] [Render thread/DEBUG] (FabricLoader/Mixin) Mixing BlockRenderManagerAccessor from fabric-renderer-indigo.mixins.json into net.minecraft.client.renderer.block.BlockRenderDispatcher
[17:14:21] [Render thread/DEBUG] (FabricLoader/Mixin) Mixing BlockRenderManagerMixin from fabric-renderer-indigo.mixins.json into net.minecraft.client.renderer.block.BlockRenderDispatcher
[17:14:21] [Render thread/DEBUG] (FabricLoader/Mixin) Renaming synthetic method lambda$afterGetModel$0(Lcom/mojang/blaze3d/vertex/VertexConsumer;Lnet/minecraft/client/renderer/chunk/ChunkSectionLayer;)Lcom/mojang/blaze3d/vertex/VertexConsumer; to md7d776e$fabric-renderer-indigo$lambda$afterGetModel$0$0 in fabric-renderer-indigo.mixins.json:BlockRenderManagerMixin from mod fabric-renderer-indigo
[17:14:21] [Render thread/DEBUG] (FabricLoader/Mixin) fabric-renderer-indigo.mixins.json:BlockRenderManagerMixin from mod fabric-renderer-indigo->@Inject::afterGetModel(Lnet/minecraft/world/level/block/state/BlockState;Lnet/minecraft/core/BlockPos;Lnet/minecraft/world/level/BlockAndTintGetter;Lcom/mojang/blaze3d/vertex/PoseStack;Lcom/mojang/blaze3d/vertex/VertexConsumer;Lorg/spongepowered/asm/mixin/injection/callback/CallbackInfo;)V does use it's CallbackInfo
[17:14:21] [Render thread/DEBUG] (FabricLoader/Mixin) Mixing client.block.render.BlockModelRendererMixin from fabric-renderer-api-v1.mixins.json into net.minecraft.client.renderer.block.ModelBlockRenderer
[17:14:21] [Render thread/DEBUG] (FabricLoader/Mixin) Mixing BlockModelRendererMixin from fabric-renderer-indigo.mixins.json into net.minecraft.client.renderer.block.ModelBlockRenderer
[17:14:21] [Render thread/DEBUG] (FabricLoader/Mixin) Renaming synthetic method lambda$render$0(Lcom/mojang/blaze3d/vertex/VertexConsumer;Lnet/minecraft/client/renderer/chunk/ChunkSectionLayer;)Lcom/mojang/blaze3d/vertex/VertexConsumer; to md7d776e$fabric-renderer-indigo$lambda$render$0$0 in fabric-renderer-indigo.mixins.json:BlockModelRendererMixin from mod fabric-renderer-indigo
[17:14:21] [Render thread/DEBUG] (FabricLoader/Mixin) Mixing FluidRendererMixin from fabric-rendering-fluids-v1.mixins.json into net.minecraft.client.renderer.block.LiquidBlockRenderer
[17:14:21] [Render thread/DEBUG] (FabricLoader/Mixin) fabric-rendering-fluids-v1.mixins.json:FluidRendererMixin from mod fabric-rendering-fluids-v1->@Inject::onResourceReloadReturn(Lorg/spongepowered/asm/mixin/injection/callback/CallbackInfo;)V doesn't use it's CallbackInfo
[17:14:21] [Render thread/DEBUG] (FabricLoader/Mixin) fabric-rendering-fluids-v1.mixins.json:FluidRendererMixin from mod fabric-rendering-fluids-v1->@Inject::onResourceReloadReturn(Lorg/spongepowered/asm/mixin/injection/callback/CallbackInfo;)V has 0 override(s) in child classes
[17:14:21] [Render thread/DEBUG] (FabricLoader/Mixin) fabric-rendering-fluids-v1.mixins.json:FluidRendererMixin from mod fabric-rendering-fluids-v1->@Inject::onResourceReloadReturn(Lorg/spongepowered/asm/mixin/injection/callback/CallbackInfo;)V won't be passed a CallbackInfo as a result
[17:14:21] [Render thread/DEBUG] (FabricLoader/Mixin) fabric-rendering-fluids-v1.mixins.json:FluidRendererMixin from mod fabric-rendering-fluids-v1->@Inject::onHeadRender(Lnet/minecraft/world/level/BlockAndTintGetter;Lnet/minecraft/core/BlockPos;Lcom/mojang/blaze3d/vertex/VertexConsumer;Lnet/minecraft/world/level/block/state/BlockState;Lnet/minecraft/world/level/material/FluidState;Lorg/spongepowered/asm/mixin/injection/callback/CallbackInfo;)V does use it's CallbackInfo
[17:14:21] [Render thread/DEBUG] (FabricLoader/Mixin) Mixing KeyedClientResourceReloadListenerMixin from fabric-resource-loader-v1.client.mixins.json into net.minecraft.client.renderer.entity.EntityRenderDispatcher
[17:14:21] [Render thread/DEBUG] (FabricLoader/Mixin) Mixing EntityRenderManagerMixin from fabric-rendering-v1.mixins.json into net.minecraft.client.renderer.entity.EntityRenderDispatcher
[17:14:21] [Render thread/DEBUG] (FabricLoader/Mixin) fabric-rendering-v1.mixins.json:EntityRenderManagerMixin from mod fabric-rendering-v1->@Inject::createArmorRenderers(Lnet/minecraft/server/packs/resources/ResourceManager;Lorg/spongepowered/asm/mixin/injection/callback/CallbackInfo;)V doesn't use it's CallbackInfo
[17:14:21] [Render thread/DEBUG] (FabricLoader/Mixin) fabric-rendering-v1.mixins.json:EntityRenderManagerMixin from mod fabric-rendering-v1->@Inject::createArmorRenderers(Lnet/minecraft/server/packs/resources/ResourceManager;Lorg/spongepowered/asm/mixin/injection/callback/CallbackInfo;)V has 0 override(s) in child classes
[17:14:21] [Render thread/DEBUG] (FabricLoader/Mixin) fabric-rendering-v1.mixins.json:EntityRenderManagerMixin from mod fabric-rendering-v1->@Inject::createArmorRenderers(Lnet/minecraft/server/packs/resources/ResourceManager;Lorg/spongepowered/asm/mixin/injection/callback/CallbackInfo;)V won't be passed a CallbackInfo as a result
[17:14:21] [Render thread/DEBUG] (FabricLoader/Mixin) Mixing LivingEntityRendererAccessor from fabric-rendering-v1.mixins.json into net.minecraft.client.renderer.entity.LivingEntityRenderer
[17:14:21] [Render thread/DEBUG] (FabricLoader/Mixin) Mixing LivingEntityRendererMixin from fabric-rendering-v1.mixins.json into net.minecraft.client.renderer.entity.LivingEntityRenderer
[17:14:21] [Render thread/DEBUG] (FabricLoader/Mixin) Mixing HeldItemRendererMixin from fabric-item-api-v1.client.mixins.json into net.minecraft.client.renderer.ItemInHandRenderer
[17:14:21] [Render thread/DEBUG] (FabricLoader/Mixin) fabric-item-api-v1.client.mixins.json:HeldItemRendererMixin from mod fabric-item-api-v1->@Inject::modifyProgressAnimation(Lorg/spongepowered/asm/mixin/injection/callback/CallbackInfo;)V doesn't use it's CallbackInfo
[17:14:21] [Render thread/DEBUG] (FabricLoader/Mixin) fabric-item-api-v1.client.mixins.json:HeldItemRendererMixin from mod fabric-item-api-v1->@Inject::modifyProgressAnimation(Lorg/spongepowered/asm/mixin/injection/callback/CallbackInfo;)V has 0 override(s) in child classes
[17:14:21] [Render thread/DEBUG] (FabricLoader/Mixin) fabric-item-api-v1.client.mixins.json:HeldItemRendererMixin from mod fabric-item-api-v1->@Inject::modifyProgressAnimation(Lorg/spongepowered/asm/mixin/injection/callback/CallbackInfo;)V won't be passed a CallbackInfo as a result
[17:14:21] [Render thread/DEBUG] (FabricLoader/Mixin) Mixing RenderStateMixin from fabric-rendering-v1.mixins.json into net.minecraft.client.renderer.state.MapRenderState
[17:14:21] [Render thread/DEBUG] (FabricLoader/Mixin) Mixing KeyedClientResourceReloadListenerMixin from fabric-resource-loader-v1.client.mixins.json into net.minecraft.client.renderer.blockentity.BlockEntityRenderDispatcher
[17:14:21] [Render thread/DEBUG] (FabricLoader/Mixin) Mixing KeyedClientResourceReloadListenerMixin from fabric-resource-loader-v1.client.mixins.json into net.minecraft.client.particle.ParticleResources
[17:14:21] [Render thread/DEBUG] (FabricLoader/Mixin) Mixing ParticleSpriteManagerMixin from fabric-particles-v1.client.mixins.json into net.minecraft.client.particle.ParticleResources
[17:14:21] [Render thread/DEBUG] (FabricLoader/Mixin) Mixing ParticleSpriteManagerMixin from fabric-registry-sync-v0.client.mixins.json into net.minecraft.client.particle.ParticleResources
[17:14:21] [Render thread/DEBUG] (FabricLoader/Mixin) fabric-particles-v1.client.mixins.json:ParticleSpriteManagerMixin from mod fabric-particles-v1->@Inject::onRegisterDefaultFactories(Lorg/spongepowered/asm/mixin/injection/callback/CallbackInfo;)V doesn't use it's CallbackInfo
[17:14:21] [Render thread/DEBUG] (FabricLoader/Mixin) fabric-particles-v1.client.mixins.json:ParticleSpriteManagerMixin from mod fabric-particles-v1->@Inject::onRegisterDefaultFactories(Lorg/spongepowered/asm/mixin/injection/callback/CallbackInfo;)V has 0 override(s) in child classes
[17:14:21] [Render thread/DEBUG] (FabricLoader/Mixin) fabric-particles-v1.client.mixins.json:ParticleSpriteManagerMixin from mod fabric-particles-v1->@Inject::onRegisterDefaultFactories(Lorg/spongepowered/asm/mixin/injection/callback/CallbackInfo;)V won't be passed a CallbackInfo as a result
[17:14:21] [Render thread/DEBUG] (FabricLoader/Mixin) fabric-registry-sync-v0.client.mixins.json:ParticleSpriteManagerMixin from mod fabric-registry-sync-v0->@Inject::onInit(Lorg/spongepowered/asm/mixin/injection/callback/CallbackInfo;)V doesn't use it's CallbackInfo
[17:14:21] [Render thread/DEBUG] (FabricLoader/Mixin) fabric-registry-sync-v0.client.mixins.json:ParticleSpriteManagerMixin from mod fabric-registry-sync-v0->@Inject::onInit(Lorg/spongepowered/asm/mixin/injection/callback/CallbackInfo;)V has 0 override(s) in child classes
[17:14:21] [Render thread/DEBUG] (FabricLoader/Mixin) fabric-registry-sync-v0.client.mixins.json:ParticleSpriteManagerMixin from mod fabric-registry-sync-v0->@Inject::onInit(Lorg/spongepowered/asm/mixin/injection/callback/CallbackInfo;)V won't be passed a CallbackInfo as a result
[17:14:21] [Render thread/DEBUG] (FabricLoader/Mixin) Mixing client.block.particle.BlockMarkerParticleMixin from fabric-renderer-api-v1.mixins.json into net.minecraft.client.particle.BlockMarker
[17:14:21] [Render thread/DEBUG] (FabricLoader/Mixin) Mixing client.block.particle.BlockDustParticleMixin from fabric-renderer-api-v1.mixins.json into net.minecraft.client.particle.TerrainParticle
[17:14:21] [Render thread/DEBUG] (FabricLoader/Mixin) Mixing BlockDustParticleMixin from fabric-particles-v1.client.mixins.json into net.minecraft.client.particle.TerrainParticle
[17:14:21] [Render thread/DEBUG] (FabricLoader/Mixin) Mixing RenderStateMixin from fabric-rendering-v1.mixins.json into net.minecraft.client.renderer.item.ItemStackRenderState
[17:14:21] [Render thread/DEBUG] (FabricLoader/Mixin) Mixing renderstate.ItemRenderStateMixin from fabric-rendering-v1.mixins.json into net.minecraft.client.renderer.item.ItemStackRenderState
[17:14:21] [Render thread/DEBUG] (FabricLoader/Mixin) Mixing ItemRenderStateMixin from fabric-renderer-indigo.mixins.json into net.minecraft.client.renderer.item.ItemStackRenderState
[17:14:21] [Render thread/DEBUG] (FabricLoader/Mixin) fabric-rendering-v1.mixins.json:renderstate.ItemRenderStateMixin from mod fabric-rendering-v1->@Inject::clearExtraRenderData(Lorg/spongepowered/asm/mixin/injection/callback/CallbackInfo;)V doesn't use it's CallbackInfo
[17:14:21] [Render thread/DEBUG] (FabricLoader/Mixin) fabric-rendering-v1.mixins.json:renderstate.ItemRenderStateMixin from mod fabric-rendering-v1->@Inject::clearExtraRenderData(Lorg/spongepowered/asm/mixin/injection/callback/CallbackInfo;)V has 0 override(s) in child classes
[17:14:21] [Render thread/DEBUG] (FabricLoader/Mixin) fabric-rendering-v1.mixins.json:renderstate.ItemRenderStateMixin from mod fabric-rendering-v1->@Inject::clearExtraRenderData(Lorg/spongepowered/asm/mixin/injection/callback/CallbackInfo;)V won't be passed a CallbackInfo as a result
[17:14:21] [Render thread/DEBUG] (FabricLoader/Mixin) fabric-renderer-indigo.mixins.json:ItemRenderStateMixin from mod fabric-renderer-indigo->@Inject::afterInitVecLoad(Ljava/util/function/Consumer;Lorg/spongepowered/asm/mixin/injection/callback/CallbackInfo;)V doesn't use it's CallbackInfo
[17:14:21] [Render thread/DEBUG] (FabricLoader/Mixin) fabric-renderer-indigo.mixins.json:ItemRenderStateMixin from mod fabric-renderer-indigo->@Inject::afterInitVecLoad(Ljava/util/function/Consumer;Lorg/spongepowered/asm/mixin/injection/callback/CallbackInfo;)V has 0 override(s) in child classes
[17:14:21] [Render thread/DEBUG] (FabricLoader/Mixin) fabric-renderer-indigo.mixins.json:ItemRenderStateMixin from mod fabric-renderer-indigo->@Inject::afterInitVecLoad(Ljava/util/function/Consumer;Lorg/spongepowered/asm/mixin/injection/callback/CallbackInfo;)V won't be passed a CallbackInfo as a result
[17:14:21] [Render thread/DEBUG] (FabricLoader/Mixin) fabric-renderer-indigo.mixins.json:ItemRenderStateMixin from mod fabric-renderer-indigo->@Inject::afterLayerLoad(Ljava/util/function/Consumer;Lorg/spongepowered/asm/mixin/injection/callback/CallbackInfo;)V doesn't use it's CallbackInfo
[17:14:21] [Render thread/DEBUG] (FabricLoader/Mixin) fabric-renderer-indigo.mixins.json:ItemRenderStateMixin from mod fabric-renderer-indigo->@Inject::afterLayerLoad(Ljava/util/function/Consumer;Lorg/spongepowered/asm/mixin/injection/callback/CallbackInfo;)V has 0 override(s) in child classes
[17:14:21] [Render thread/DEBUG] (FabricLoader/Mixin) fabric-renderer-indigo.mixins.json:ItemRenderStateMixin from mod fabric-renderer-indigo->@Inject::afterLayerLoad(Ljava/util/function/Consumer;Lorg/spongepowered/asm/mixin/injection/callback/CallbackInfo;)V won't be passed a CallbackInfo as a result
[17:14:21] [Render thread/DEBUG] (FabricLoader/Mixin) Mixing client.item.ItemRenderStateLayerRenderStateMixin from fabric-renderer-api-v1.mixins.json into net.minecraft.client.renderer.item.ItemStackRenderState$LayerRenderState
[17:14:21] [Render thread/DEBUG] (FabricLoader/Mixin) Mixing RenderStateMixin from fabric-rendering-v1.mixins.json into net.minecraft.client.renderer.item.ItemStackRenderState$LayerRenderState
[17:14:21] [Render thread/DEBUG] (FabricLoader/Mixin) Mixing renderstate.ItemRenderStateLayerRenderStateMixin from fabric-rendering-v1.mixins.json into net.minecraft.client.renderer.item.ItemStackRenderState$LayerRenderState
[17:14:21] [Render thread/DEBUG] (FabricLoader/Mixin) Mixing ItemRenderStateLayerRenderStateMixin from fabric-renderer-indigo.mixins.json into net.minecraft.client.renderer.item.ItemStackRenderState$LayerRenderState
[17:14:21] [Render thread/DEBUG] (FabricLoader/Mixin) fabric-rendering-v1.mixins.json:renderstate.ItemRenderStateLayerRenderStateMixin from mod fabric-rendering-v1->@Inject::clearExtraRenderData(Lorg/spongepowered/asm/mixin/injection/callback/CallbackInfo;)V doesn't use it's CallbackInfo
[17:14:21] [Render thread/DEBUG] (FabricLoader/Mixin) fabric-rendering-v1.mixins.json:renderstate.ItemRenderStateLayerRenderStateMixin from mod fabric-rendering-v1->@Inject::clearExtraRenderData(Lorg/spongepowered/asm/mixin/injection/callback/CallbackInfo;)V has 0 override(s) in child classes
[17:14:21] [Render thread/DEBUG] (FabricLoader/Mixin) fabric-rendering-v1.mixins.json:renderstate.ItemRenderStateLayerRenderStateMixin from mod fabric-rendering-v1->@Inject::clearExtraRenderData(Lorg/spongepowered/asm/mixin/injection/callback/CallbackInfo;)V won't be passed a CallbackInfo as a result
[17:14:21] [Render thread/DEBUG] (FabricLoader/Mixin) fabric-renderer-indigo.mixins.json:ItemRenderStateLayerRenderStateMixin from mod fabric-renderer-indigo->@Inject::onReturnClear(Lorg/spongepowered/asm/mixin/injection/callback/CallbackInfo;)V doesn't use it's CallbackInfo
[17:14:21] [Render thread/DEBUG] (FabricLoader/Mixin) fabric-renderer-indigo.mixins.json:ItemRenderStateLayerRenderStateMixin from mod fabric-renderer-indigo->@Inject::onReturnClear(Lorg/spongepowered/asm/mixin/injection/callback/CallbackInfo;)V has 0 override(s) in child classes
[17:14:21] [Render thread/DEBUG] (FabricLoader/Mixin) fabric-renderer-indigo.mixins.json:ItemRenderStateLayerRenderStateMixin from mod fabric-renderer-indigo->@Inject::onReturnClear(Lorg/spongepowered/asm/mixin/injection/callback/CallbackInfo;)V won't be passed a CallbackInfo as a result
[17:14:21] [Render thread/DEBUG] (FabricLoader/Mixin) Mixing ParticleManagerAccessor from fabric-particles-v1.client.mixins.json into net.minecraft.client.particle.ParticleEngine
[17:14:21] [Render thread/DEBUG] (FabricLoader/Mixin) Renaming @Accessor method getParticleTextureSheets()Ljava/util/List; to getParticleTextureSheets$fabric-particles-v1_$md$7d776e$0 in fabric-particles-v1.client.mixins.json:ParticleManagerAccessor from mod fabric-particles-v1
[17:14:21] [Render thread/DEBUG] (FabricLoader/Mixin) Mixing ParticleManagerMixin from fabric-particles-v1.client.mixins.json into net.minecraft.client.particle.ParticleEngine
[17:14:21] [Render thread/DEBUG] (FabricLoader/Mixin) Mixing ParticleEngineMixin from tlib.mixins.json into net.minecraft.client.particle.ParticleEngine
[17:14:21] [Render thread/DEBUG] (FabricLoader/Mixin) fabric-particles-v1.client.mixins.json:ParticleManagerMixin from mod fabric-particles-v1->@Inject::classInit(Lorg/spongepowered/asm/mixin/injection/callback/CallbackInfo;)V doesn't use it's CallbackInfo
[17:14:21] [Render thread/DEBUG] (FabricLoader/Mixin) fabric-particles-v1.client.mixins.json:ParticleManagerMixin from mod fabric-particles-v1->@Inject::createParticleRenderer(Lnet/minecraft/client/particle/ParticleRenderType;Lorg/spongepowered/asm/mixin/injection/callback/CallbackInfoReturnable;)V does use it's CallbackInfoReturnable
[17:14:21] [Render thread/DEBUG] (FabricLoader/Mixin) tlib.mixins.json:ParticleEngineMixin from mod tlib->@Inject::tlib$extractCustomParticles(Lnet/minecraft/client/renderer/state/ParticlesRenderState;Lnet/minecraft/client/renderer/culling/Frustum;Lnet/minecraft/client/Camera;FLorg/spongepowered/asm/mixin/injection/callback/CallbackInfo;)V doesn't use it's CallbackInfo
[17:14:21] [Render thread/DEBUG] (FabricLoader/Mixin) tlib.mixins.json:ParticleEngineMixin from mod tlib->@Inject::tlib$extractCustomParticles(Lnet/minecraft/client/renderer/state/ParticlesRenderState;Lnet/minecraft/client/renderer/culling/Frustum;Lnet/minecraft/client/Camera;FLorg/spongepowered/asm/mixin/injection/callback/CallbackInfo;)V has 0 override(s) in child classes
[17:14:21] [Render thread/DEBUG] (FabricLoader/Mixin) tlib.mixins.json:ParticleEngineMixin from mod tlib->@Inject::tlib$extractCustomParticles(Lnet/minecraft/client/renderer/state/ParticlesRenderState;Lnet/minecraft/client/renderer/culling/Frustum;Lnet/minecraft/client/Camera;FLorg/spongepowered/asm/mixin/injection/callback/CallbackInfo;)V won't be passed a CallbackInfo as a result
[17:14:21] [Render thread/DEBUG] (FabricLoader/Mixin) tlib.mixins.json:ParticleEngineMixin from mod tlib->@Inject::tlib$onSetLevel(Lnet/minecraft/client/multiplayer/ClientLevel;Lorg/spongepowered/asm/mixin/injection/callback/CallbackInfo;)V doesn't use it's CallbackInfo
[17:14:21] [Render thread/DEBUG] (FabricLoader/Mixin) tlib.mixins.json:ParticleEngineMixin from mod tlib->@Inject::tlib$onSetLevel(Lnet/minecraft/client/multiplayer/ClientLevel;Lorg/spongepowered/asm/mixin/injection/callback/CallbackInfo;)V has 0 override(s) in child classes
[17:14:21] [Render thread/DEBUG] (FabricLoader/Mixin) tlib.mixins.json:ParticleEngineMixin from mod tlib->@Inject::tlib$onSetLevel(Lnet/minecraft/client/multiplayer/ClientLevel;Lorg/spongepowered/asm/mixin/injection/callback/CallbackInfo;)V won't be passed a CallbackInfo as a result
[17:14:21] [Render thread/DEBUG] (FabricLoader/Mixin) Mixing KeyedClientResourceReloadListenerMixin from fabric-resource-loader-v1.client.mixins.json into net.minecraft.client.resources.WaypointStyleManager
[17:14:21] [Render thread/DEBUG] (FabricLoader/Mixin) Mixing GameRendererMixin from fabric-screen-api-v1.mixins.json into net.minecraft.client.renderer.GameRenderer
[17:14:21] [Render thread/DEBUG] (FabricLoader/Mixin) Mixing GameRendererMixin from fabric-rendering-v1.mixins.json into net.minecraft.client.renderer.GameRenderer
[17:14:21] [Render thread/DEBUG] (FabricLoader/Mixin) Mixing client.MixinGameRenderer from architectury.mixins.json into net.minecraft.client.renderer.GameRenderer
[17:14:21] [Render thread/DEBUG] (FabricLoader/Mixin) architectury.mixins.json:client.MixinGameRenderer from mod architectury: Class version 65 required is higher than the class version supported by the current version of Mixin (JAVA_16 supports class version 60)
[17:14:21] [Render thread/DEBUG] (FabricLoader/Mixin) fabric-rendering-v1.mixins.json:GameRendererMixin from mod fabric-rendering-v1->@Inject::guiRendererReady(Lnet/minecraft/client/Minecraft;Lnet/minecraft/client/renderer/ItemInHandRenderer;Lnet/minecraft/client/renderer/RenderBuffers;Lnet/minecraft/client/renderer/block/BlockRenderDispatcher;Lorg/spongepowered/asm/mixin/injection/callback/CallbackInfo;)V doesn't use it's CallbackInfo
[17:14:21] [Render thread/DEBUG] (FabricLoader/Mixin) fabric-rendering-v1.mixins.json:GameRendererMixin from mod fabric-rendering-v1->@Inject::guiRendererReady(Lnet/minecraft/client/Minecraft;Lnet/minecraft/client/renderer/ItemInHandRenderer;Lnet/minecraft/client/renderer/RenderBuffers;Lnet/minecraft/client/renderer/block/BlockRenderDispatcher;Lorg/spongepowered/asm/mixin/injection/callback/CallbackInfo;)V has 0 override(s) in child classes
[17:14:21] [Render thread/DEBUG] (FabricLoader/Mixin) fabric-rendering-v1.mixins.json:GameRendererMixin from mod fabric-rendering-v1->@Inject::guiRendererReady(Lnet/minecraft/client/Minecraft;Lnet/minecraft/client/renderer/ItemInHandRenderer;Lnet/minecraft/client/renderer/RenderBuffers;Lnet/minecraft/client/renderer/block/BlockRenderDispatcher;Lorg/spongepowered/asm/mixin/injection/callback/CallbackInfo;)V won't be passed a CallbackInfo as a result
[17:14:21] [Render thread/DEBUG] (FabricLoader/Mixin) Mixing client.block.render.RenderCommandQueueMixin from fabric-renderer-api-v1.mixins.json into net.minecraft.client.renderer.OrderedSubmitNodeCollector
[17:14:21] [Render thread/DEBUG] (FabricLoader/Mixin) Mixing RenderStateMixin from fabric-rendering-v1.mixins.json into net.minecraft.client.renderer.state.LevelRenderState
[17:14:21] [Render thread/DEBUG] (FabricLoader/Mixin) Mixing renderstate.WorldRenderStateMixin from fabric-rendering-v1.mixins.json into net.minecraft.client.renderer.state.LevelRenderState
[17:14:21] [Render thread/DEBUG] (FabricLoader/Mixin) fabric-rendering-v1.mixins.json:renderstate.WorldRenderStateMixin from mod fabric-rendering-v1->@Inject::clearExtraRenderData(Lorg/spongepowered/asm/mixin/injection/callback/CallbackInfo;)V doesn't use it's CallbackInfo
[17:14:21] [Render thread/DEBUG] (FabricLoader/Mixin) fabric-rendering-v1.mixins.json:renderstate.WorldRenderStateMixin from mod fabric-rendering-v1->@Inject::clearExtraRenderData(Lorg/spongepowered/asm/mixin/injection/callback/CallbackInfo;)V has 0 override(s) in child classes
[17:14:21] [Render thread/DEBUG] (FabricLoader/Mixin) fabric-rendering-v1.mixins.json:renderstate.WorldRenderStateMixin from mod fabric-rendering-v1->@Inject::clearExtraRenderData(Lorg/spongepowered/asm/mixin/injection/callback/CallbackInfo;)V won't be passed a CallbackInfo as a result
[17:14:21] [Render thread/DEBUG] (FabricLoader/Mixin) Mixing RenderStateMixin from fabric-rendering-v1.mixins.json into net.minecraft.client.renderer.state.CameraRenderState
[17:14:21] [Render thread/DEBUG] (FabricLoader/Mixin) Mixing RenderStateMixin from fabric-rendering-v1.mixins.json into net.minecraft.client.renderer.state.WeatherRenderState
[17:14:21] [Render thread/DEBUG] (FabricLoader/Mixin) Mixing renderstate.WeatherRenderStateMixin from fabric-rendering-v1.mixins.json into net.minecraft.client.renderer.state.WeatherRenderState
[17:14:21] [Render thread/DEBUG] (FabricLoader/Mixin) fabric-rendering-v1.mixins.json:renderstate.WeatherRenderStateMixin from mod fabric-rendering-v1->@Inject::clearExtraRenderData(Lorg/spongepowered/asm/mixin/injection/callback/CallbackInfo;)V doesn't use it's CallbackInfo
[17:14:21] [Render thread/DEBUG] (FabricLoader/Mixin) fabric-rendering-v1.mixins.json:renderstate.WeatherRenderStateMixin from mod fabric-rendering-v1->@Inject::clearExtraRenderData(Lorg/spongepowered/asm/mixin/injection/callback/CallbackInfo;)V has 0 override(s) in child classes
[17:14:21] [Render thread/DEBUG] (FabricLoader/Mixin) fabric-rendering-v1.mixins.json:renderstate.WeatherRenderStateMixin from mod fabric-rendering-v1->@Inject::clearExtraRenderData(Lorg/spongepowered/asm/mixin/injection/callback/CallbackInfo;)V won't be passed a CallbackInfo as a result
[17:14:21] [Render thread/DEBUG] (FabricLoader/Mixin) Mixing RenderStateMixin from fabric-rendering-v1.mixins.json into net.minecraft.client.renderer.state.WorldBorderRenderState
[17:14:21] [Render thread/DEBUG] (FabricLoader/Mixin) Mixing renderstate.WorldBorderRenderStateMixin from fabric-rendering-v1.mixins.json into net.minecraft.client.renderer.state.WorldBorderRenderState
[17:14:21] [Render thread/DEBUG] (FabricLoader/Mixin) fabric-rendering-v1.mixins.json:renderstate.WorldBorderRenderStateMixin from mod fabric-rendering-v1->@Inject::clearExtraRenderData(Lorg/spongepowered/asm/mixin/injection/callback/CallbackInfo;)V doesn't use it's CallbackInfo
[17:14:21] [Render thread/DEBUG] (FabricLoader/Mixin) fabric-rendering-v1.mixins.json:renderstate.WorldBorderRenderStateMixin from mod fabric-rendering-v1->@Inject::clearExtraRenderData(Lorg/spongepowered/asm/mixin/injection/callback/CallbackInfo;)V has 0 override(s) in child classes
[17:14:21] [Render thread/DEBUG] (FabricLoader/Mixin) fabric-rendering-v1.mixins.json:renderstate.WorldBorderRenderStateMixin from mod fabric-rendering-v1->@Inject::clearExtraRenderData(Lorg/spongepowered/asm/mixin/injection/callback/CallbackInfo;)V won't be passed a CallbackInfo as a result
[17:14:21] [Render thread/DEBUG] (FabricLoader/Mixin) Mixing RenderStateMixin from fabric-rendering-v1.mixins.json into net.minecraft.client.renderer.state.SkyRenderState
[17:14:21] [Render thread/DEBUG] (FabricLoader/Mixin) Mixing renderstate.SkyRenderStateMixin from fabric-rendering-v1.mixins.json into net.minecraft.client.renderer.state.SkyRenderState
[17:14:21] [Render thread/DEBUG] (FabricLoader/Mixin) fabric-rendering-v1.mixins.json:renderstate.SkyRenderStateMixin from mod fabric-rendering-v1->@Inject::clearExtraRenderData(Lorg/spongepowered/asm/mixin/injection/callback/CallbackInfo;)V doesn't use it's CallbackInfo
[17:14:21] [Render thread/DEBUG] (FabricLoader/Mixin) fabric-rendering-v1.mixins.json:renderstate.SkyRenderStateMixin from mod fabric-rendering-v1->@Inject::clearExtraRenderData(Lorg/spongepowered/asm/mixin/injection/callback/CallbackInfo;)V has 0 override(s) in child classes
[17:14:21] [Render thread/DEBUG] (FabricLoader/Mixin) fabric-rendering-v1.mixins.json:renderstate.SkyRenderStateMixin from mod fabric-rendering-v1->@Inject::clearExtraRenderData(Lorg/spongepowered/asm/mixin/injection/callback/CallbackInfo;)V won't be passed a CallbackInfo as a result
[17:14:21] [Render thread/DEBUG] (FabricLoader/Mixin) Mixing client.block.render.OrderedRenderCommandQueueImplMixin from fabric-renderer-api-v1.mixins.json into net.minecraft.client.renderer.SubmitNodeStorage
[17:14:21] [Render thread/DEBUG] (FabricLoader/Mixin) Mixing OrderedRenderCommandQueueImplMixin from fabric-renderer-indigo.mixins.json into net.minecraft.client.renderer.SubmitNodeStorage
[17:14:21] [Render thread/DEBUG] (FabricLoader/Mixin) Mixing ItemCommandRendererMixin from fabric-renderer-indigo.mixins.json into net.minecraft.client.renderer.feature.ItemFeatureRenderer
[17:14:21] [Render thread/DEBUG] (FabricLoader/Mixin) fabric-renderer-indigo.mixins.json:ItemCommandRendererMixin from mod fabric-renderer-indigo->@Inject::onReturnRender(Lnet/minecraft/client/renderer/SubmitNodeCollection;Lnet/minecraft/client/renderer/MultiBufferSource$BufferSource;Lnet/minecraft/client/renderer/OutlineBufferSource;Lorg/spongepowered/asm/mixin/injection/callback/CallbackInfo;)V doesn't use it's CallbackInfo
[17:14:21] [Render thread/DEBUG] (FabricLoader/Mixin) fabric-renderer-indigo.mixins.json:ItemCommandRendererMixin from mod fabric-renderer-indigo->@Inject::onReturnRender(Lnet/minecraft/client/renderer/SubmitNodeCollection;Lnet/minecraft/client/renderer/MultiBufferSource$BufferSource;Lnet/minecraft/client/renderer/OutlineBufferSource;Lorg/spongepowered/asm/mixin/injection/callback/CallbackInfo;)V has 0 override(s) in child classes
[17:14:21] [Render thread/DEBUG] (FabricLoader/Mixin) fabric-renderer-indigo.mixins.json:ItemCommandRendererMixin from mod fabric-renderer-indigo->@Inject::onReturnRender(Lnet/minecraft/client/renderer/SubmitNodeCollection;Lnet/minecraft/client/renderer/MultiBufferSource$BufferSource;Lnet/minecraft/client/renderer/OutlineBufferSource;Lorg/spongepowered/asm/mixin/injection/callback/CallbackInfo;)V won't be passed a CallbackInfo as a result
[17:14:21] [Render thread/DEBUG] (FabricLoader/Mixin) Mixing client.block.render.FallingBlockCommandRendererMixin from fabric-renderer-api-v1.mixins.json into net.minecraft.client.renderer.feature.BlockFeatureRenderer
[17:14:21] [Render thread/DEBUG] (FabricLoader/Mixin) fabric-renderer-api-v1.mixins.json:client.block.render.FallingBlockCommandRendererMixin from mod fabric-renderer-api-v1->@Inject::beforeRenderMovingBlocks(Lnet/minecraft/client/renderer/SubmitNodeCollection;Lnet/minecraft/client/renderer/MultiBufferSource$BufferSource;Lnet/minecraft/client/renderer/block/BlockRenderDispatcher;Lnet/minecraft/client/renderer/OutlineBufferSource;Lorg/spongepowered/asm/mixin/injection/callback/CallbackInfo;)V doesn't use it's CallbackInfo
[17:14:21] [Render thread/DEBUG] (FabricLoader/Mixin) fabric-renderer-api-v1.mixins.json:client.block.render.FallingBlockCommandRendererMixin from mod fabric-renderer-api-v1->@Inject::beforeRenderMovingBlocks(Lnet/minecraft/client/renderer/SubmitNodeCollection;Lnet/minecraft/client/renderer/MultiBufferSource$BufferSource;Lnet/minecraft/client/renderer/block/BlockRenderDispatcher;Lnet/minecraft/client/renderer/OutlineBufferSource;Lorg/spongepowered/asm/mixin/injection/callback/CallbackInfo;)V has 0 override(s) in child classes
[17:14:21] [Render thread/DEBUG] (FabricLoader/Mixin) fabric-renderer-api-v1.mixins.json:client.block.render.FallingBlockCommandRendererMixin from mod fabric-renderer-api-v1->@Inject::beforeRenderMovingBlocks(Lnet/minecraft/client/renderer/SubmitNodeCollection;Lnet/minecraft/client/renderer/MultiBufferSource$BufferSource;Lnet/minecraft/client/renderer/block/BlockRenderDispatcher;Lnet/minecraft/client/renderer/OutlineBufferSource;Lorg/spongepowered/asm/mixin/injection/callback/CallbackInfo;)V won't be passed a CallbackInfo as a result
[17:14:21] [Render thread/DEBUG] (FabricLoader/Mixin) fabric-renderer-api-v1.mixins.json:client.block.render.FallingBlockCommandRendererMixin from mod fabric-renderer-api-v1->@Inject::onReturnRender(Lnet/minecraft/client/renderer/SubmitNodeCollection;Lnet/minecraft/client/renderer/MultiBufferSource$BufferSource;Lnet/minecraft/client/renderer/block/BlockRenderDispatcher;Lnet/minecraft/client/renderer/OutlineBufferSource;Lorg/spongepowered/asm/mixin/injection/callback/CallbackInfo;)V doesn't use it's CallbackInfo
[17:14:21] [Render thread/DEBUG] (FabricLoader/Mixin) fabric-renderer-api-v1.mixins.json:client.block.render.FallingBlockCommandRendererMixin from mod fabric-renderer-api-v1->@Inject::onReturnRender(Lnet/minecraft/client/renderer/SubmitNodeCollection;Lnet/minecraft/client/renderer/MultiBufferSource$BufferSource;Lnet/minecraft/client/renderer/block/BlockRenderDispatcher;Lnet/minecraft/client/renderer/OutlineBufferSource;Lorg/spongepowered/asm/mixin/injection/callback/CallbackInfo;)V has 0 override(s) in child classes
[17:14:21] [Render thread/DEBUG] (FabricLoader/Mixin) fabric-renderer-api-v1.mixins.json:client.block.render.FallingBlockCommandRendererMixin from mod fabric-renderer-api-v1->@Inject::onReturnRender(Lnet/minecraft/client/renderer/SubmitNodeCollection;Lnet/minecraft/client/renderer/MultiBufferSource$BufferSource;Lnet/minecraft/client/renderer/block/BlockRenderDispatcher;Lnet/minecraft/client/renderer/OutlineBufferSource;Lorg/spongepowered/asm/mixin/injection/callback/CallbackInfo;)V won't be passed a CallbackInfo as a result
[17:14:21] [Render thread/DEBUG] (FabricLoader/Mixin) Mixing GuiRendererMixin from fabric-rendering-v1.mixins.json into net.minecraft.client.gui.render.GuiRenderer
[17:14:21] [Render thread/DEBUG] (FabricLoader/Mixin) Renaming synthetic method lambda$substituteSpecialElementRenderer$0(Ljava/lang/Class;)Lnet/fabricmc/fabric/impl/client/rendering/SpecialGuiElementRendererPool; to md7d776e$fabric-rendering-v1$lambda$substituteSpecialElementRenderer$0$0 in fabric-rendering-v1.mixins.json:GuiRendererMixin from mod fabric-rendering-v1
[17:14:21] [Render thread/DEBUG] (FabricLoader/Mixin) fabric-rendering-v1.mixins.json:GuiRendererMixin from mod fabric-rendering-v1->@Inject::mutableSpecialElementRenderers(Lnet/minecraft/client/gui/render/state/GuiRenderState;Lnet/minecraft/client/renderer/MultiBufferSource$BufferSource;Lnet/minecraft/client/renderer/SubmitNodeCollector;Lnet/minecraft/client/renderer/feature/FeatureRenderDispatcher;Ljava/util/List;Lorg/spongepowered/asm/mixin/injection/callback/CallbackInfo;)V doesn't use it's CallbackInfo
[17:14:21] [Render thread/DEBUG] (FabricLoader/Mixin) fabric-rendering-v1.mixins.json:GuiRendererMixin from mod fabric-rendering-v1->@Inject::mutableSpecialElementRenderers(Lnet/minecraft/client/gui/render/state/GuiRenderState;Lnet/minecraft/client/renderer/MultiBufferSource$BufferSource;Lnet/minecraft/client/renderer/SubmitNodeCollector;Lnet/minecraft/client/renderer/feature/FeatureRenderDispatcher;Ljava/util/List;Lorg/spongepowered/asm/mixin/injection/callback/CallbackInfo;)V has 0 override(s) in child classes
[17:14:21] [Render thread/DEBUG] (FabricLoader/Mixin) fabric-rendering-v1.mixins.json:GuiRendererMixin from mod fabric-rendering-v1->@Inject::mutableSpecialElementRenderers(Lnet/minecraft/client/gui/render/state/GuiRenderState;Lnet/minecraft/client/renderer/MultiBufferSource$BufferSource;Lnet/minecraft/client/renderer/SubmitNodeCollector;Lnet/minecraft/client/renderer/feature/FeatureRenderDispatcher;Ljava/util/List;Lorg/spongepowered/asm/mixin/injection/callback/CallbackInfo;)V won't be passed a CallbackInfo as a result
[17:14:21] [Render thread/DEBUG] (FabricLoader/Mixin) fabric-rendering-v1.mixins.json:GuiRendererMixin from mod fabric-rendering-v1->@Inject::prePrepareSpecialElements(Lorg/spongepowered/asm/mixin/injection/callback/CallbackInfo;)V doesn't use it's CallbackInfo
[17:14:21] [Render thread/DEBUG] (FabricLoader/Mixin) fabric-rendering-v1.mixins.json:GuiRendererMixin from mod fabric-rendering-v1->@Inject::prePrepareSpecialElements(Lorg/spongepowered/asm/mixin/injection/callback/CallbackInfo;)V has 0 override(s) in child classes
[17:14:21] [Render thread/DEBUG] (FabricLoader/Mixin) fabric-rendering-v1.mixins.json:GuiRendererMixin from mod fabric-rendering-v1->@Inject::prePrepareSpecialElements(Lorg/spongepowered/asm/mixin/injection/callback/CallbackInfo;)V won't be passed a CallbackInfo as a result
[17:14:21] [Render thread/DEBUG] (FabricLoader/Mixin) fabric-rendering-v1.mixins.json:GuiRendererMixin from mod fabric-rendering-v1->@Inject::postPrepareSpecialElements(Lorg/spongepowered/asm/mixin/injection/callback/CallbackInfo;)V doesn't use it's CallbackInfo
[17:14:21] [Render thread/DEBUG] (FabricLoader/Mixin) fabric-rendering-v1.mixins.json:GuiRendererMixin from mod fabric-rendering-v1->@Inject::postPrepareSpecialElements(Lorg/spongepowered/asm/mixin/injection/callback/CallbackInfo;)V has 0 override(s) in child classes
[17:14:21] [Render thread/DEBUG] (FabricLoader/Mixin) fabric-rendering-v1.mixins.json:GuiRendererMixin from mod fabric-rendering-v1->@Inject::postPrepareSpecialElements(Lorg/spongepowered/asm/mixin/injection/callback/CallbackInfo;)V won't be passed a CallbackInfo as a result
[17:14:21] [Render thread/DEBUG] (FabricLoader/Mixin) fabric-rendering-v1.mixins.json:GuiRendererMixin from mod fabric-rendering-v1->@Inject::closeRendererPools(Lorg/spongepowered/asm/mixin/injection/callback/CallbackInfo;)V doesn't use it's CallbackInfo
[17:14:21] [Render thread/DEBUG] (FabricLoader/Mixin) fabric-rendering-v1.mixins.json:GuiRendererMixin from mod fabric-rendering-v1->@Inject::closeRendererPools(Lorg/spongepowered/asm/mixin/injection/callback/CallbackInfo;)V has 0 override(s) in child classes
[17:14:21] [Render thread/DEBUG] (FabricLoader/Mixin) fabric-rendering-v1.mixins.json:GuiRendererMixin from mod fabric-rendering-v1->@Inject::closeRendererPools(Lorg/spongepowered/asm/mixin/injection/callback/CallbackInfo;)V won't be passed a CallbackInfo as a result
[17:14:21] [Render thread/DEBUG] (FabricLoader/Mixin) Mixing client.block.particle.InGameOverlayRendererMixin from fabric-renderer-api-v1.mixins.json into net.minecraft.client.renderer.ScreenEffectRenderer
[17:14:21] [Render thread/DEBUG] (FabricLoader/Mixin) fabric-renderer-api-v1.mixins.json:client.block.particle.InGameOverlayRendererMixin from mod fabric-renderer-api-v1->@Inject::onReturnGetInWallBlockState(Lorg/spongepowered/asm/mixin/injection/callback/CallbackInfoReturnable;)V does use it's CallbackInfoReturnable
[17:14:21] [Render thread/DEBUG] (FabricLoader/Mixin) Mixing KeyedClientResourceReloadListenerMixin from fabric-resource-loader-v1.client.mixins.json into net.minecraft.client.renderer.LevelRenderer
[17:14:21] [Render thread/DEBUG] (FabricLoader/Mixin) Mixing WorldRendererMixin from fabric-rendering-v1.mixins.json into net.minecraft.client.renderer.LevelRenderer
[17:14:21] [Render thread/DEBUG] (FabricLoader/Mixin) fabric-rendering-v1.mixins.json:WorldRendererMixin from mod fabric-rendering-v1->@Inject::beforeRender(Lcom/mojang/blaze3d/resource/GraphicsResourceAllocator;Lnet/minecraft/client/DeltaTracker;ZLnet/minecraft/client/Camera;Lorg/joml/Matrix4f;Lorg/joml/Matrix4f;Lorg/joml/Matrix4f;Lcom/mojang/blaze3d/buffers/GpuBufferSlice;Lorg/joml/Vector4f;ZLorg/spongepowered/asm/mixin/injection/callback/CallbackInfo;)V doesn't use it's CallbackInfo
[17:14:21] [Render thread/DEBUG] (FabricLoader/Mixin) fabric-rendering-v1.mixins.json:WorldRendererMixin from mod fabric-rendering-v1->@Inject::beforeRender(Lcom/mojang/blaze3d/resource/GraphicsResourceAllocator;Lnet/minecraft/client/DeltaTracker;ZLnet/minecraft/client/Camera;Lorg/joml/Matrix4f;Lorg/joml/Matrix4f;Lorg/joml/Matrix4f;Lcom/mojang/blaze3d/buffers/GpuBufferSlice;Lorg/joml/Vector4f;ZLorg/spongepowered/asm/mixin/injection/callback/CallbackInfo;)V has 0 override(s) in child classes
[17:14:21] [Render thread/DEBUG] (FabricLoader/Mixin) fabric-rendering-v1.mixins.json:WorldRendererMixin from mod fabric-rendering-v1->@Inject::beforeRender(Lcom/mojang/blaze3d/resource/GraphicsResourceAllocator;Lnet/minecraft/client/DeltaTracker;ZLnet/minecraft/client/Camera;Lorg/joml/Matrix4f;Lorg/joml/Matrix4f;Lorg/joml/Matrix4f;Lcom/mojang/blaze3d/buffers/GpuBufferSlice;Lorg/joml/Vector4f;ZLorg/spongepowered/asm/mixin/injection/callback/CallbackInfo;)V won't be passed a CallbackInfo as a result
[17:14:21] [Render thread/DEBUG] (FabricLoader/Mixin) fabric-rendering-v1.mixins.json:WorldRendererMixin from mod fabric-rendering-v1->@Inject::afterBlockOutlineExtraction(Lnet/minecraft/client/Camera;Lnet/minecraft/client/renderer/state/LevelRenderState;Lorg/spongepowered/asm/mixin/injection/callback/CallbackInfo;)V doesn't use it's CallbackInfo
[17:14:21] [Render thread/DEBUG] (FabricLoader/Mixin) fabric-rendering-v1.mixins.json:WorldRendererMixin from mod fabric-rendering-v1->@Inject::afterBlockOutlineExtraction(Lnet/minecraft/client/Camera;Lnet/minecraft/client/renderer/state/LevelRenderState;Lorg/spongepowered/asm/mixin/injection/callback/CallbackInfo;)V has 0 override(s) in child classes
[17:14:21] [Render thread/DEBUG] (FabricLoader/Mixin) fabric-rendering-v1.mixins.json:WorldRendererMixin from mod fabric-rendering-v1->@Inject::afterBlockOutlineExtraction(Lnet/minecraft/client/Camera;Lnet/minecraft/client/renderer/state/LevelRenderState;Lorg/spongepowered/asm/mixin/injection/callback/CallbackInfo;)V won't be passed a CallbackInfo as a result
[17:14:21] [Render thread/DEBUG] (FabricLoader/Mixin) fabric-rendering-v1.mixins.json:WorldRendererMixin from mod fabric-rendering-v1->@Inject::afterBlockOutlineExtraction(Lnet/minecraft/client/Camera;Lnet/minecraft/client/renderer/state/LevelRenderState;Lorg/spongepowered/asm/mixin/injection/callback/CallbackInfo;)V doesn't use it's CallbackInfo
[17:14:21] [Render thread/DEBUG] (FabricLoader/Mixin) fabric-rendering-v1.mixins.json:WorldRendererMixin from mod fabric-rendering-v1->@Inject::afterBlockOutlineExtraction(Lnet/minecraft/client/Camera;Lnet/minecraft/client/renderer/state/LevelRenderState;Lorg/spongepowered/asm/mixin/injection/callback/CallbackInfo;)V has 0 override(s) in child classes
[17:14:21] [Render thread/DEBUG] (FabricLoader/Mixin) fabric-rendering-v1.mixins.json:WorldRendererMixin from mod fabric-rendering-v1->@Inject::afterBlockOutlineExtraction(Lnet/minecraft/client/Camera;Lnet/minecraft/client/renderer/state/LevelRenderState;Lorg/spongepowered/asm/mixin/injection/callback/CallbackInfo;)V won't be passed a CallbackInfo as a result
[17:14:21] [Render thread/DEBUG] (FabricLoader/Mixin) fabric-rendering-v1.mixins.json:WorldRendererMixin from mod fabric-rendering-v1->@Inject::afterBlockOutlineExtraction(Lnet/minecraft/client/Camera;Lnet/minecraft/client/renderer/state/LevelRenderState;Lorg/spongepowered/asm/mixin/injection/callback/CallbackInfo;)V doesn't use it's CallbackInfo
[17:14:21] [Render thread/DEBUG] (FabricLoader/Mixin) fabric-rendering-v1.mixins.json:WorldRendererMixin from mod fabric-rendering-v1->@Inject::afterBlockOutlineExtraction(Lnet/minecraft/client/Camera;Lnet/minecraft/client/renderer/state/LevelRenderState;Lorg/spongepowered/asm/mixin/injection/callback/CallbackInfo;)V has 0 override(s) in child classes
[17:14:21] [Render thread/DEBUG] (FabricLoader/Mixin) fabric-rendering-v1.mixins.json:WorldRendererMixin from mod fabric-rendering-v1->@Inject::afterBlockOutlineExtraction(Lnet/minecraft/client/Camera;Lnet/minecraft/client/renderer/state/LevelRenderState;Lorg/spongepowered/asm/mixin/injection/callback/CallbackInfo;)V won't be passed a CallbackInfo as a result
[17:14:21] [Render thread/DEBUG] (FabricLoader/Mixin) fabric-rendering-v1.mixins.json:WorldRendererMixin from mod fabric-rendering-v1->@Inject::beforeTerrainRender(Lorg/spongepowered/asm/mixin/injection/callback/CallbackInfo;)V doesn't use it's CallbackInfo
[17:14:21] [Render thread/DEBUG] (FabricLoader/Mixin) fabric-rendering-v1.mixins.json:WorldRendererMixin from mod fabric-rendering-v1->@Inject::beforeTerrainRender(Lorg/spongepowered/asm/mixin/injection/callback/CallbackInfo;)V has 0 override(s) in child classes
[17:14:21] [Render thread/DEBUG] (FabricLoader/Mixin) fabric-rendering-v1.mixins.json:WorldRendererMixin from mod fabric-rendering-v1->@Inject::beforeTerrainRender(Lorg/spongepowered/asm/mixin/injection/callback/CallbackInfo;)V won't be passed a CallbackInfo as a result
[17:14:21] [Render thread/DEBUG] (FabricLoader/Mixin) fabric-rendering-v1.mixins.json:WorldRendererMixin from mod fabric-rendering-v1->@Inject::beforeEntitySubmission(Lorg/spongepowered/asm/mixin/injection/callback/CallbackInfo;)V doesn't use it's CallbackInfo
[17:14:21] [Render thread/DEBUG] (FabricLoader/Mixin) fabric-rendering-v1.mixins.json:WorldRendererMixin from mod fabric-rendering-v1->@Inject::beforeEntitySubmission(Lorg/spongepowered/asm/mixin/injection/callback/CallbackInfo;)V has 0 override(s) in child classes
[17:14:21] [Render thread/DEBUG] (FabricLoader/Mixin) fabric-rendering-v1.mixins.json:WorldRendererMixin from mod fabric-rendering-v1->@Inject::beforeEntitySubmission(Lorg/spongepowered/asm/mixin/injection/callback/CallbackInfo;)V won't be passed a CallbackInfo as a result
[17:14:21] [Render thread/DEBUG] (FabricLoader/Mixin) fabric-rendering-v1.mixins.json:WorldRendererMixin from mod fabric-rendering-v1->@Inject::beforeDebugRender(Lorg/spongepowered/asm/mixin/injection/callback/CallbackInfo;)V doesn't use it's CallbackInfo
[17:14:21] [Render thread/DEBUG] (FabricLoader/Mixin) fabric-rendering-v1.mixins.json:WorldRendererMixin from mod fabric-rendering-v1->@Inject::beforeDebugRender(Lorg/spongepowered/asm/mixin/injection/callback/CallbackInfo;)V has 0 override(s) in child classes
[17:14:21] [Render thread/DEBUG] (FabricLoader/Mixin) fabric-rendering-v1.mixins.json:WorldRendererMixin from mod fabric-rendering-v1->@Inject::beforeDebugRender(Lorg/spongepowered/asm/mixin/injection/callback/CallbackInfo;)V won't be passed a CallbackInfo as a result
[17:14:21] [Render thread/DEBUG] (FabricLoader/Mixin) fabric-rendering-v1.mixins.json:WorldRendererMixin from mod fabric-rendering-v1->@Inject::beforeTranslucentRender(Lorg/spongepowered/asm/mixin/injection/callback/CallbackInfo;)V doesn't use it's CallbackInfo
[17:14:21] [Render thread/DEBUG] (FabricLoader/Mixin) fabric-rendering-v1.mixins.json:WorldRendererMixin from mod fabric-rendering-v1->@Inject::beforeTranslucentRender(Lorg/spongepowered/asm/mixin/injection/callback/CallbackInfo;)V has 0 override(s) in child classes
[17:14:21] [Render thread/DEBUG] (FabricLoader/Mixin) fabric-rendering-v1.mixins.json:WorldRendererMixin from mod fabric-rendering-v1->@Inject::beforeTranslucentRender(Lorg/spongepowered/asm/mixin/injection/callback/CallbackInfo;)V won't be passed a CallbackInfo as a result
[17:14:21] [Render thread/DEBUG] (FabricLoader/Mixin) fabric-rendering-v1.mixins.json:WorldRendererMixin from mod fabric-rendering-v1->@Inject::beforeDrawBlockOutline(Lnet/minecraft/client/renderer/MultiBufferSource$BufferSource;Lcom/mojang/blaze3d/vertex/PoseStack;ZLnet/minecraft/client/renderer/state/LevelRenderState;Lorg/spongepowered/asm/mixin/injection/callback/CallbackInfo;)V does use it's CallbackInfo
[17:14:21] [Render thread/DEBUG] (FabricLoader/Mixin) fabric-rendering-v1.mixins.json:WorldRendererMixin from mod fabric-rendering-v1->@Inject::endMainRender(Lorg/spongepowered/asm/mixin/injection/callback/CallbackInfo;)V doesn't use it's CallbackInfo
[17:14:21] [Render thread/DEBUG] (FabricLoader/Mixin) fabric-rendering-v1.mixins.json:WorldRendererMixin from mod fabric-rendering-v1->@Inject::endMainRender(Lorg/spongepowered/asm/mixin/injection/callback/CallbackInfo;)V has 0 override(s) in child classes
[17:14:21] [Render thread/DEBUG] (FabricLoader/Mixin) fabric-rendering-v1.mixins.json:WorldRendererMixin from mod fabric-rendering-v1->@Inject::endMainRender(Lorg/spongepowered/asm/mixin/injection/callback/CallbackInfo;)V won't be passed a CallbackInfo as a result
[17:14:21] [Render thread/DEBUG] (FabricLoader/Mixin) fabric-rendering-v1.mixins.json:WorldRendererMixin from mod fabric-rendering-v1->@Inject::onReload(Lorg/spongepowered/asm/mixin/injection/callback/CallbackInfo;)V doesn't use it's CallbackInfo
[17:14:21] [Render thread/DEBUG] (FabricLoader/Mixin) fabric-rendering-v1.mixins.json:WorldRendererMixin from mod fabric-rendering-v1->@Inject::onReload(Lorg/spongepowered/asm/mixin/injection/callback/CallbackInfo;)V has 0 override(s) in child classes
[17:14:21] [Render thread/DEBUG] (FabricLoader/Mixin) fabric-rendering-v1.mixins.json:WorldRendererMixin from mod fabric-rendering-v1->@Inject::onReload(Lorg/spongepowered/asm/mixin/injection/callback/CallbackInfo;)V won't be passed a CallbackInfo as a result
[17:14:21] [Render thread/DEBUG] (FabricLoader/Mixin) Mixing KeyedClientResourceReloadListenerMixin from fabric-resource-loader-v1.client.mixins.json into net.minecraft.client.renderer.CloudRenderer
[17:14:21] [Render thread/DEBUG] (FabricLoader/Mixin) Mixing KeyedClientResourceReloadListenerMixin from fabric-resource-loader-v1.client.mixins.json into net.minecraft.client.renderer.GpuWarnlistManager
[17:14:21] [Render thread/DEBUG] (FabricLoader/Mixin) Mixing InGameHudAccessor from fabric-rendering-v1.mixins.json into net.minecraft.client.gui.Gui
[17:14:21] [Render thread/DEBUG] (FabricLoader/Mixin) Mixing InGameHudMixin from fabric-rendering-v1.mixins.json into net.minecraft.client.gui.Gui
[17:14:21] [Render thread/DEBUG] (FabricLoader/Mixin) Renaming synthetic method lambda$wrapSubtitlesHud$22(Lcom/llamalad7/mixinextras/injector/wrapoperation/Operation;Lnet/minecraft/client/gui/Gui;ZLnet/minecraft/client/gui/GuiGraphics;Lnet/minecraft/client/DeltaTracker;)V to md7d776e$fabric-rendering-v1$lambda$wrapSubtitlesHud$22$0 in fabric-rendering-v1.mixins.json:InGameHudMixin from mod fabric-rendering-v1
[17:14:21] [Render thread/DEBUG] (FabricLoader/Mixin) Renaming synthetic method lambda$wrapPlayerList$21(Lcom/llamalad7/mixinextras/injector/wrapoperation/Operation;Lnet/minecraft/client/gui/Gui;Lnet/minecraft/client/gui/GuiGraphics;Lnet/minecraft/client/DeltaTracker;)V to md7d776e$fabric-rendering-v1$lambda$wrapPlayerList$21$1 in fabric-rendering-v1.mixins.json:InGameHudMixin from mod fabric-rendering-v1
[17:14:21] [Render thread/DEBUG] (FabricLoader/Mixin) Renaming synthetic method lambda$wrapChat$20(Lcom/llamalad7/mixinextras/injector/wrapoperation/Operation;Lnet/minecraft/client/gui/Gui;Lnet/minecraft/client/gui/GuiGraphics;Lnet/minecraft/client/DeltaTracker;)V to md7d776e$fabric-rendering-v1$lambda$wrapChat$20$2 in fabric-rendering-v1.mixins.json:InGameHudMixin from mod fabric-rendering-v1
[17:14:21] [Render thread/DEBUG] (FabricLoader/Mixin) Renaming synthetic method lambda$wrapTitleAndSubtitle$19(Lcom/llamalad7/mixinextras/injector/wrapoperation/Operation;Lnet/minecraft/client/gui/Gui;Lnet/minecraft/client/gui/GuiGraphics;Lnet/minecraft/client/DeltaTracker;)V to md7d776e$fabric-rendering-v1$lambda$wrapTitleAndSubtitle$19$3 in fabric-rendering-v1.mixins.json:InGameHudMixin from mod fabric-rendering-v1
[17:14:21] [Render thread/DEBUG] (FabricLoader/Mixin) Renaming synthetic method lambda$wrapOverlayMessage$18(Lcom/llamalad7/mixinextras/injector/wrapoperation/Operation;Lnet/minecraft/client/gui/Gui;Lnet/minecraft/client/gui/GuiGraphics;Lnet/minecraft/client/DeltaTracker;)V to md7d776e$fabric-rendering-v1$lambda$wrapOverlayMessage$18$4 in fabric-rendering-v1.mixins.json:InGameHudMixin from mod fabric-rendering-v1
[17:14:21] [Render thread/DEBUG] (FabricLoader/Mixin) Renaming synthetic method lambda$wrapScoreboardSidebar$17(Lcom/llamalad7/mixinextras/injector/wrapoperation/Operation;Lnet/minecraft/client/gui/Gui;Lnet/minecraft/client/gui/GuiGraphics;Lnet/minecraft/client/DeltaTracker;)V to md7d776e$fabric-rendering-v1$lambda$wrapScoreboardSidebar$17$5 in fabric-rendering-v1.mixins.json:InGameHudMixin from mod fabric-rendering-v1
[17:14:21] [Render thread/DEBUG] (FabricLoader/Mixin) Renaming synthetic method lambda$wrapDemoTimer$16(Lcom/llamalad7/mixinextras/injector/wrapoperation/Operation;Lnet/minecraft/client/gui/Gui;Lnet/minecraft/client/gui/GuiGraphics;Lnet/minecraft/client/DeltaTracker;)V to md7d776e$fabric-rendering-v1$lambda$wrapDemoTimer$16$6 in fabric-rendering-v1.mixins.json:InGameHudMixin from mod fabric-rendering-v1
[17:14:21] [Render thread/DEBUG] (FabricLoader/Mixin) Renaming synthetic method lambda$wrapSleepOverlay$15(Lcom/llamalad7/mixinextras/injector/wrapoperation/Operation;Lnet/minecraft/client/gui/Gui;Lnet/minecraft/client/gui/GuiGraphics;Lnet/minecraft/client/DeltaTracker;)V to md7d776e$fabric-rendering-v1$lambda$wrapSleepOverlay$15$7 in fabric-rendering-v1.mixins.json:InGameHudMixin from mod fabric-rendering-v1
[17:14:21] [Render thread/DEBUG] (FabricLoader/Mixin) Renaming synthetic method lambda$wrapBossBarHud$14(Lcom/llamalad7/mixinextras/injector/wrapoperation/Operation;Lnet/minecraft/client/gui/Gui;Lnet/minecraft/client/gui/GuiGraphics;Lnet/minecraft/client/DeltaTracker;)V to md7d776e$fabric-rendering-v1$lambda$wrapBossBarHud$14$8 in fabric-rendering-v1.mixins.json:InGameHudMixin from mod fabric-rendering-v1
[17:14:21] [Render thread/DEBUG] (FabricLoader/Mixin) Renaming synthetic method lambda$wrapStatusEffectOverlay$13(Lcom/llamalad7/mixinextras/injector/wrapoperation/Operation;Lnet/minecraft/client/gui/Gui;Lnet/minecraft/client/gui/GuiGraphics;Lnet/minecraft/client/DeltaTracker;)V to md7d776e$fabric-rendering-v1$lambda$wrapStatusEffectOverlay$13$9 in fabric-rendering-v1.mixins.json:InGameHudMixin from mod fabric-rendering-v1
[17:14:21] [Render thread/DEBUG] (FabricLoader/Mixin) Renaming synthetic method lambda$wrapRenderSpectatorHud$12(Lcom/llamalad7/mixinextras/injector/wrapoperation/Operation;Lnet/minecraft/client/gui/components/spectator/SpectatorGui;Lnet/minecraft/client/gui/GuiGraphics;Lnet/minecraft/client/DeltaTracker;)V to md7d776e$fabric-rendering-v1$lambda$wrapRenderSpectatorHud$12$a in fabric-rendering-v1.mixins.json:InGameHudMixin from mod fabric-rendering-v1
[17:14:21] [Render thread/DEBUG] (FabricLoader/Mixin) Renaming synthetic method lambda$wrapHeldItemTooltip$11(Lcom/llamalad7/mixinextras/injector/wrapoperation/Operation;Lnet/minecraft/client/gui/Gui;Lnet/minecraft/client/gui/GuiGraphics;Lnet/minecraft/client/DeltaTracker;)V to md7d776e$fabric-rendering-v1$lambda$wrapHeldItemTooltip$11$b in fabric-rendering-v1.mixins.json:InGameHudMixin from mod fabric-rendering-v1
[17:14:21] [Render thread/DEBUG] (FabricLoader/Mixin) Renaming synthetic method lambda$wrapExperienceLevel$10(Lcom/llamalad7/mixinextras/injector/wrapoperation/Operation;Lnet/minecraft/client/gui/Font;ILnet/minecraft/client/gui/GuiGraphics;Lnet/minecraft/client/DeltaTracker;)V to md7d776e$fabric-rendering-v1$lambda$wrapExperienceLevel$10$c in fabric-rendering-v1.mixins.json:InGameHudMixin from mod fabric-rendering-v1
[17:14:21] [Render thread/DEBUG] (FabricLoader/Mixin) Renaming synthetic method lambda$wrapRenderBar$9(Lcom/llamalad7/mixinextras/injector/wrapoperation/Operation;Lnet/minecraft/client/gui/contextualbar/ContextualBarRenderer;Lnet/minecraft/client/gui/GuiGraphics;Lnet/minecraft/client/DeltaTracker;)V to md7d776e$fabric-rendering-v1$lambda$wrapRenderBar$9$d in fabric-rendering-v1.mixins.json:InGameHudMixin from mod fabric-rendering-v1
[17:14:21] [Render thread/DEBUG] (FabricLoader/Mixin) Renaming synthetic method lambda$wrapMountHealth$8(Lcom/llamalad7/mixinextras/injector/wrapoperation/Operation;Lnet/minecraft/client/gui/Gui;Lnet/minecraft/client/gui/GuiGraphics;Lnet/minecraft/client/DeltaTracker;)V to md7d776e$fabric-rendering-v1$lambda$wrapMountHealth$8$e in fabric-rendering-v1.mixins.json:InGameHudMixin from mod fabric-rendering-v1
[17:14:21] [Render thread/DEBUG] (FabricLoader/Mixin) Renaming synthetic method lambda$wrapAirBar$7(Lcom/llamalad7/mixinextras/injector/wrapoperation/Operation;Lnet/minecraft/client/gui/Gui;Lnet/minecraft/world/entity/player/Player;IIILnet/minecraft/client/gui/GuiGraphics;Lnet/minecraft/client/DeltaTracker;)V to md7d776e$fabric-rendering-v1$lambda$wrapAirBar$7$f in fabric-rendering-v1.mixins.json:InGameHudMixin from mod fabric-rendering-v1
[17:14:21] [Render thread/DEBUG] (FabricLoader/Mixin) Renaming synthetic method lambda$wrapFoodBar$6(Lcom/llamalad7/mixinextras/injector/wrapoperation/Operation;Lnet/minecraft/client/gui/Gui;Lnet/minecraft/world/entity/player/Player;IILnet/minecraft/client/gui/GuiGraphics;Lnet/minecraft/client/DeltaTracker;)V to md7d776e$fabric-rendering-v1$lambda$wrapFoodBar$6$10 in fabric-rendering-v1.mixins.json:InGameHudMixin from mod fabric-rendering-v1
[17:14:21] [Render thread/DEBUG] (FabricLoader/Mixin) Renaming synthetic method lambda$wrapHealthBar$5(Lcom/llamalad7/mixinextras/injector/wrapoperation/Operation;Lnet/minecraft/client/gui/Gui;Lnet/minecraft/world/entity/player/Player;IIIIFIIIZLnet/minecraft/client/gui/GuiGraphics;Lnet/minecraft/client/DeltaTracker;)V to md7d776e$fabric-rendering-v1$lambda$wrapHealthBar$5$11 in fabric-rendering-v1.mixins.json:InGameHudMixin from mod fabric-rendering-v1
[17:14:21] [Render thread/DEBUG] (FabricLoader/Mixin) Renaming synthetic method lambda$wrapArmorBar$4(Lcom/llamalad7/mixinextras/injector/wrapoperation/Operation;Lnet/minecraft/world/entity/player/Player;IIIILnet/minecraft/client/gui/GuiGraphics;Lnet/minecraft/client/DeltaTracker;)V to md7d776e$fabric-rendering-v1$lambda$wrapArmorBar$4$12 in fabric-rendering-v1.mixins.json:InGameHudMixin from mod fabric-rendering-v1
[17:14:21] [Render thread/DEBUG] (FabricLoader/Mixin) Renaming synthetic method lambda$wrapHotbar$3(Lcom/llamalad7/mixinextras/injector/wrapoperation/Operation;Lnet/minecraft/client/gui/Gui;Lnet/minecraft/client/gui/GuiGraphics;Lnet/minecraft/client/DeltaTracker;)V to md7d776e$fabric-rendering-v1$lambda$wrapHotbar$3$13 in fabric-rendering-v1.mixins.json:InGameHudMixin from mod fabric-rendering-v1
[17:14:21] [Render thread/DEBUG] (FabricLoader/Mixin) Renaming synthetic method lambda$wrapSpectatorMenu$2(Lcom/llamalad7/mixinextras/injector/wrapoperation/Operation;Lnet/minecraft/client/gui/components/spectator/SpectatorGui;Lnet/minecraft/client/gui/GuiGraphics;Lnet/minecraft/client/DeltaTracker;)V to md7d776e$fabric-rendering-v1$lambda$wrapSpectatorMenu$2$14 in fabric-rendering-v1.mixins.json:InGameHudMixin from mod fabric-rendering-v1
[17:14:21] [Render thread/DEBUG] (FabricLoader/Mixin) Renaming synthetic method lambda$wrapCrosshair$1(Lcom/llamalad7/mixinextras/injector/wrapoperation/Operation;Lnet/minecraft/client/gui/Gui;Lnet/minecraft/client/gui/GuiGraphics;Lnet/minecraft/client/DeltaTracker;)V to md7d776e$fabric-rendering-v1$lambda$wrapCrosshair$1$15 in fabric-rendering-v1.mixins.json:InGameHudMixin from mod fabric-rendering-v1
[17:14:21] [Render thread/DEBUG] (FabricLoader/Mixin) Renaming synthetic method lambda$wrapMiscOverlays$0(Lcom/llamalad7/mixinextras/injector/wrapoperation/Operation;Lnet/minecraft/client/gui/Gui;Lnet/minecraft/client/gui/GuiGraphics;Lnet/minecraft/client/DeltaTracker;)V to md7d776e$fabric-rendering-v1$lambda$wrapMiscOverlays$0$16 in fabric-rendering-v1.mixins.json:InGameHudMixin from mod fabric-rendering-v1
[17:14:21] [Render thread/DEBUG] (FabricLoader/Mixin) fabric-rendering-v1.mixins.json:InGameHudMixin from mod fabric-rendering-v1->@Inject::render(Lnet/minecraft/client/gui/GuiGraphics;Lnet/minecraft/client/DeltaTracker;Lorg/spongepowered/asm/mixin/injection/callback/CallbackInfo;)V doesn't use it's CallbackInfo
[17:14:21] [Render thread/DEBUG] (FabricLoader/Mixin) fabric-rendering-v1.mixins.json:InGameHudMixin from mod fabric-rendering-v1->@Inject::render(Lnet/minecraft/client/gui/GuiGraphics;Lnet/minecraft/client/DeltaTracker;Lorg/spongepowered/asm/mixin/injection/callback/CallbackInfo;)V has 0 override(s) in child classes
[17:14:21] [Render thread/DEBUG] (FabricLoader/Mixin) fabric-rendering-v1.mixins.json:InGameHudMixin from mod fabric-rendering-v1->@Inject::render(Lnet/minecraft/client/gui/GuiGraphics;Lnet/minecraft/client/DeltaTracker;Lorg/spongepowered/asm/mixin/injection/callback/CallbackInfo;)V won't be passed a CallbackInfo as a result
[17:14:21] [Render thread/DEBUG] (FabricLoader/Mixin) Mixing ResourceMixin from fabric-resource-loader-v0.mixins.json into net.minecraft.server.packs.resources.Resource
[17:14:22] [Download-2/INFO] (com.mojang.realmsclient.client.RealmsClient) Could not authorize you against Realms server: java.lang.RuntimeException: Failed to parse into SignedJWT: FabricMC
[17:14:22] [Download-2/ERROR] (com.mojang.realmsclient.client.RealmsClient) Failed to fetch Realms feature flags
com.mojang.realmsclient.exception.RealmsServiceException: Realms authentication error with message 'java.lang.RuntimeException: Failed to parse into SignedJWT: FabricMC'
	at knot/com.mojang.realmsclient.client.RealmsClient.execute(RealmsClient.java:536) ~[minecraft-merged-fc94d00cde-1.21.10-loom.mappings.1_21_10.layered+hash.40359-v2.jar:?]
	at knot/com.mojang.realmsclient.client.RealmsClient.fetchFeatureFlags(RealmsClient.java:189) ~[minecraft-merged-fc94d00cde-1.21.10-loom.mappings.1_21_10.layered+hash.40359-v2.jar:?]
	at java.base/java.util.concurrent.CompletableFuture$AsyncSupply.run(CompletableFuture.java:1812) ~[?:?]
	at java.base/java.util.concurrent.ThreadPoolExecutor.runWorker(ThreadPoolExecutor.java:1144) ~[?:?]
	at java.base/java.util.concurrent.ThreadPoolExecutor$Worker.run(ThreadPoolExecutor.java:642) ~[?:?]
	at java.base/java.lang.Thread.run(Thread.java:1575) [?:?]
[17:14:22] [Render thread/DEBUG] (FabricLoader/Mixin) Mixing client.MixinChatListener from architectury.mixins.json into net.minecraft.client.multiplayer.chat.ChatListener
[17:14:22] [Render thread/DEBUG] (FabricLoader/Mixin) architectury.mixins.json:client.MixinChatListener from mod architectury: Class version 65 required is higher than the class version supported by the current version of Mixin (JAVA_16 supports class version 60)
[17:14:22] [Render thread/DEBUG] (FabricLoader/Mixin) Mixing MessageHandlerMixin from fabric-message-api-v1.client.mixins.json into net.minecraft.client.multiplayer.chat.ChatListener
[17:14:22] [Render thread/DEBUG] (FabricLoader/Mixin) architectury.mixins.json:client.MixinChatListener from mod architectury->@Inject::handlePlayerChatMessage(Lnet/minecraft/network/chat/PlayerChatMessage;Lcom/mojang/authlib/GameProfile;Lnet/minecraft/network/chat/ChatType$Bound;Lorg/spongepowered/asm/mixin/injection/callback/CallbackInfo;)V doesn't use it's CallbackInfo
[17:14:22] [Render thread/DEBUG] (FabricLoader/Mixin) architectury.mixins.json:client.MixinChatListener from mod architectury->@Inject::handlePlayerChatMessage(Lnet/minecraft/network/chat/PlayerChatMessage;Lcom/mojang/authlib/GameProfile;Lnet/minecraft/network/chat/ChatType$Bound;Lorg/spongepowered/asm/mixin/injection/callback/CallbackInfo;)V has 0 override(s) in child classes
[17:14:22] [Render thread/DEBUG] (FabricLoader/Mixin) architectury.mixins.json:client.MixinChatListener from mod architectury->@Inject::handlePlayerChatMessage(Lnet/minecraft/network/chat/PlayerChatMessage;Lcom/mojang/authlib/GameProfile;Lnet/minecraft/network/chat/ChatType$Bound;Lorg/spongepowered/asm/mixin/injection/callback/CallbackInfo;)V won't be passed a CallbackInfo as a result
[17:14:22] [Render thread/DEBUG] (FabricLoader/Mixin) architectury.mixins.json:client.MixinChatListener from mod architectury->@Inject::handleChatPre(Lnet/minecraft/network/chat/PlayerChatMessage;Lcom/mojang/authlib/GameProfile;Lnet/minecraft/network/chat/ChatType$Bound;Lorg/spongepowered/asm/mixin/injection/callback/CallbackInfo;ZLnet/minecraft/network/chat/PlayerChatMessage;Lnet/minecraft/network/chat/Component;)V does use it's CallbackInfo
[17:14:22] [Render thread/DEBUG] (FabricLoader/Mixin) architectury.mixins.json:client.MixinChatListener from mod architectury->@Inject::handleSystemMessage(Lnet/minecraft/network/chat/Component;ZLorg/spongepowered/asm/mixin/injection/callback/CallbackInfo;)V does use it's CallbackInfo
[17:14:22] [Render thread/DEBUG] (FabricLoader/Mixin) fabric-message-api-v1.client.mixins.json:MessageHandlerMixin from mod fabric-message-api-v1->@Inject::fabric_onSignedChatMessage(Lnet/minecraft/network/chat/ChatType$Bound;Lnet/minecraft/network/chat/PlayerChatMessage;Lnet/minecraft/network/chat/Component;Lcom/mojang/authlib/GameProfile;ZLjava/time/Instant;Lorg/spongepowered/asm/mixin/injection/callback/CallbackInfoReturnable;)V does use it's CallbackInfoReturnable
[17:14:22] [Render thread/DEBUG] (FabricLoader/Mixin) fabric-message-api-v1.client.mixins.json:MessageHandlerMixin from mod fabric-message-api-v1->@Inject::fabric_onFilteredSignedChatMessage(Lnet/minecraft/network/chat/ChatType$Bound;Lnet/minecraft/network/chat/PlayerChatMessage;Lnet/minecraft/network/chat/Component;Lcom/mojang/authlib/GameProfile;ZLjava/time/Instant;Lorg/spongepowered/asm/mixin/injection/callback/CallbackInfoReturnable;)V does use it's CallbackInfoReturnable
[17:14:22] [Render thread/DEBUG] (FabricLoader/Mixin) fabric-message-api-v1.client.mixins.json:MessageHandlerMixin from mod fabric-message-api-v1->@Inject::fabric_onProfilelessChatMessage(Lnet/minecraft/network/chat/ChatType$Bound;Lnet/minecraft/network/chat/Component;Ljava/time/Instant;Lorg/spongepowered/asm/mixin/injection/callback/CallbackInfoReturnable;)V does use it's CallbackInfoReturnable
[17:14:22] [Render thread/DEBUG] (FabricLoader/Mixin) fabric-message-api-v1.client.mixins.json:MessageHandlerMixin from mod fabric-message-api-v1->@Inject::fabric_allowGameMessage(Lnet/minecraft/network/chat/Component;ZLorg/spongepowered/asm/mixin/injection/callback/CallbackInfo;)V does use it's CallbackInfo
[17:14:22] [Render thread/INFO] (net.minecraft.server.packs.resources.ReloadableResourceManager) Reloading ResourceManager: vanilla, fabric, cloth-config, effectual, fabric-api, fabric-api-base, fabric-api-lookup-api-v1, fabric-biome-api-v1, fabric-block-api-v1, fabric-block-view-api-v2, fabric-client-gametest-api-v1, fabric-command-api-v2, fabric-content-registries-v0, fabric-convention-tags-v1, fabric-convention-tags-v2, fabric-crash-report-info-v1, fabric-data-attachment-api-v1, fabric-data-generation-api-v1, fabric-dimensions-v1, fabric-entity-events-v1, fabric-events-interaction-v0, fabric-game-rule-api-v1, fabric-gametest-api-v1, fabric-item-api-v1, fabric-item-group-api-v1, fabric-key-binding-api-v1, fabric-lifecycle-events-v1, fabric-loot-api-v2, fabric-loot-api-v3, fabric-message-api-v1, fabric-model-loading-api-v1, fabric-networking-api-v1, fabric-object-builder-api-v1, fabric-particles-v1, fabric-recipe-api-v1, fabric-registry-sync-v0, fabric-renderer-api-v1, fabric-renderer-indigo, fabric-rendering-fluids-v1, fabric-rendering-v1, fabric-resource-conditions-api-v1, fabric-resource-loader-v0, fabric-resource-loader-v1, fabric-screen-api-v1, fabric-screen-handler-api-v1, fabric-serialization-api-v1, fabric-sound-api-v1, fabric-tag-api-v1, fabric-transfer-api-v1, fabric-transitive-access-wideners-v1, fabricloader, generated_5ad6e91, modmenu, tlib
[17:14:22] [Render thread/DEBUG] (FabricLoader/Mixin) Mixing SimpleResourceReloadMixin from fabric-resource-loader-v1.mixins.json into net.minecraft.server.packs.resources.SimpleReloadInstance
[17:14:22] [Render thread/DEBUG] (FabricLoader/Mixin) Mixing client.sprite.SpriteLoaderStitchResultMixin from fabric-renderer-api-v1.mixins.json into net.minecraft.client.renderer.texture.SpriteLoader$Preparations
[17:14:22] [Render thread/DEBUG] (FabricLoader/Mixin) Mixing modification.DynamicRegistryManagerImmutableImplMixin from fabric-biome-api-v1.mixins.json into net.minecraft.core.RegistryAccess$ImmutableRegistryAccess
[17:14:22] [Render thread/DEBUG] (FabricLoader/Mixin) Mixing DrawAccessor from fabric-rendering-v1.mixins.json into net.minecraft.client.gui.render.GuiRenderer$Draw
[17:14:22] [Render thread/DEBUG] (com.mojang.blaze3d.systems.RenderSystem) Growing IndexBuffer: Old limit 0, new limit 60.
[17:14:22] [Render thread/DEBUG] (FabricLoader/Mixin) Mixing client.block.render.BatchingRenderCommandQueueMixin from fabric-renderer-api-v1.mixins.json into net.minecraft.client.renderer.SubmitNodeCollection
[17:14:22] [Render thread/DEBUG] (FabricLoader/Mixin) Mixing BatchingRenderCommandQueueMixin from fabric-renderer-indigo.mixins.json into net.minecraft.client.renderer.SubmitNodeCollection
[17:14:22] [Render thread/DEBUG] (FabricLoader/Mixin) fabric-renderer-api-v1.mixins.json:client.block.render.BatchingRenderCommandQueueMixin from mod fabric-renderer-api-v1->@Inject::onReturnClear(Lorg/spongepowered/asm/mixin/injection/callback/CallbackInfo;)V doesn't use it's CallbackInfo
[17:14:22] [Render thread/DEBUG] (FabricLoader/Mixin) fabric-renderer-api-v1.mixins.json:client.block.render.BatchingRenderCommandQueueMixin from mod fabric-renderer-api-v1->@Inject::onReturnClear(Lorg/spongepowered/asm/mixin/injection/callback/CallbackInfo;)V has 0 override(s) in child classes
[17:14:22] [Render thread/DEBUG] (FabricLoader/Mixin) fabric-renderer-api-v1.mixins.json:client.block.render.BatchingRenderCommandQueueMixin from mod fabric-renderer-api-v1->@Inject::onReturnClear(Lorg/spongepowered/asm/mixin/injection/callback/CallbackInfo;)V won't be passed a CallbackInfo as a result
[17:14:22] [Render thread/DEBUG] (FabricLoader/Mixin) fabric-renderer-indigo.mixins.json:BatchingRenderCommandQueueMixin from mod fabric-renderer-indigo->@Inject::clear(Lorg/spongepowered/asm/mixin/injection/callback/CallbackInfo;)V doesn't use it's CallbackInfo
[17:14:22] [Render thread/DEBUG] (FabricLoader/Mixin) fabric-renderer-indigo.mixins.json:BatchingRenderCommandQueueMixin from mod fabric-renderer-indigo->@Inject::clear(Lorg/spongepowered/asm/mixin/injection/callback/CallbackInfo;)V has 0 override(s) in child classes
[17:14:22] [Render thread/DEBUG] (FabricLoader/Mixin) fabric-renderer-indigo.mixins.json:BatchingRenderCommandQueueMixin from mod fabric-renderer-indigo->@Inject::clear(Lorg/spongepowered/asm/mixin/injection/callback/CallbackInfo;)V won't be passed a CallbackInfo as a result
[17:14:22] [Worker-Main-8/INFO] (net.minecraft.client.gui.font.providers.UnihexProvider) Found unifont_all_no_pua-16.0.03.hex, loading
[17:14:22] [Worker-Main-3/INFO] (net.minecraft.client.gui.font.providers.UnihexProvider) Found unifont_pua-16.0.03.hex, loading
[17:14:22] [Worker-Main-7/DEBUG] (FabricLoader/Mixin) Mixing EntityModelsMixin from fabric-rendering-v1.mixins.json into net.minecraft.client.model.geom.LayerDefinitions
[17:14:22] [Worker-Main-7/DEBUG] (FabricLoader/Mixin) fabric-rendering-v1.mixins.json:EntityModelsMixin from mod fabric-rendering-v1->@Inject::registerExtraModelData(Lorg/spongepowered/asm/mixin/injection/callback/CallbackInfoReturnable;)V doesn't use it's CallbackInfoReturnable
[17:14:22] [Worker-Main-7/DEBUG] (FabricLoader/Mixin) Mixing RenderStateMixin from fabric-rendering-v1.mixins.json into net.minecraft.client.renderer.entity.state.EntityRenderState
[17:14:22] [Worker-Main-7/DEBUG] (FabricLoader/Mixin) Mixing EntityModelLayersAccessor from fabric-rendering-v1.mixins.json into net.minecraft.client.model.geom.ModelLayers
[17:14:22] [Worker-Main-7/DEBUG] (FabricLoader/Mixin) Renaming @Accessor method getLayers()Ljava/util/Set; to getLayers$fabric-rendering-v1_$md$7d776e$0 in fabric-rendering-v1.mixins.json:EntityModelLayersAccessor from mod fabric-rendering-v1
[17:14:22] [Worker-Main-7/DEBUG] (FabricLoader/Mixin) Mixing EntityModelLayersMixin from fabric-object-builder-v1.client.mixins.json into net.minecraft.client.model.geom.ModelLayers
[17:14:22] [Worker-Main-7/DEBUG] (FabricLoader/Mixin) Renaming synthetic method lambda$createHangingSign$0(Lnet/minecraft/client/renderer/blockentity/HangingSignRenderer$AttachmentType;Ljava/lang/String;)Ljava/lang/String; to md7d776e$fabric-object-builder-api-v1$lambda$createHangingSign$0$1 in fabric-object-builder-v1.client.mixins.json:EntityModelLayersMixin from mod fabric-object-builder-api-v1
[17:14:22] [Worker-Main-7/DEBUG] (FabricLoader/Mixin) fabric-object-builder-v1.client.mixins.json:EntityModelLayersMixin from mod fabric-object-builder-api-v1->@Inject::createStandingSign(Lnet/minecraft/world/level/block/state/properties/WoodType;Lorg/spongepowered/asm/mixin/injection/callback/CallbackInfoReturnable;)V does use it's CallbackInfoReturnable
[17:14:22] [Worker-Main-7/DEBUG] (FabricLoader/Mixin) fabric-object-builder-v1.client.mixins.json:EntityModelLayersMixin from mod fabric-object-builder-api-v1->@Inject::createWallSign(Lnet/minecraft/world/level/block/state/properties/WoodType;Lorg/spongepowered/asm/mixin/injection/callback/CallbackInfoReturnable;)V does use it's CallbackInfoReturnable
[17:14:22] [Worker-Main-7/DEBUG] (FabricLoader/Mixin) fabric-object-builder-v1.client.mixins.json:EntityModelLayersMixin from mod fabric-object-builder-api-v1->@Inject::createHangingSign(Lnet/minecraft/world/level/block/state/properties/WoodType;Lnet/minecraft/client/renderer/blockentity/HangingSignRenderer$AttachmentType;Lorg/spongepowered/asm/mixin/injection/callback/CallbackInfoReturnable;)V does use it's CallbackInfoReturnable
[17:14:22] [Worker-Main-5/DEBUG] (FabricLoader/Mixin) Mixing JsonUnbakedModelAccessor from fabric-model-loading-api-v1.mixins.json into net.minecraft.client.renderer.block.model.BlockModel
[17:14:22] [Worker-Main-5/DEBUG] (FabricLoader/Mixin) Mixing JsonUnbakedModelMixin from fabric-model-loading-api-v1.mixins.json into net.minecraft.client.renderer.block.model.BlockModel
[17:14:22] [Worker-Main-7/DEBUG] (FabricLoader/Mixin) Mixing ModelPartAccessor from fabric-rendering-v1.mixins.json into net.minecraft.client.model.geom.ModelPart
[17:14:22] [Worker-Main-1/INFO] (net.minecraft.client.gui.font.providers.UnihexProvider) Found unifont_jp_patch-16.0.03.hex, loading
[17:14:22] [Worker-Main-4/DEBUG] (FabricLoader/Mixin) Mixing client.block.model.MultipartBlockStateModelMixin from fabric-renderer-api-v1.mixins.json into net.minecraft.client.renderer.block.model.multipart.MultiPartModel
[17:14:22] [Worker-Main-4/DEBUG] (FabricLoader/Mixin) Mixing client.block.model.WeightedBlockStateModelMixin from fabric-renderer-api-v1.mixins.json into net.minecraft.client.resources.model.WeightedVariants
[17:14:23] [Worker-Main-3/DEBUG] (FabricLoader/Mixin) Mixing client.sprite.BakedModelManager1Mixin from fabric-renderer-api-v1.mixins.json into net.minecraft.client.resources.model.ModelManager$1
[17:14:23] [Worker-Main-3/DEBUG] (FabricLoader/Mixin) Mixing client.block.model.GeometryBakedModelMixin from fabric-renderer-api-v1.mixins.json into net.minecraft.client.renderer.block.model.SimpleModelWrapper
[17:14:23] [Worker-Main-3/DEBUG] (FabricLoader/Mixin) Renaming synthetic method lambda$emitQuads$0(Lnet/fabricmc/fabric/api/renderer/v1/mesh/MutableQuadView;)Z to md7d776e$fabric-renderer-api-v1$lambda$emitQuads$0$0 in fabric-renderer-api-v1.mixins.json:client.block.model.GeometryBakedModelMixin from mod fabric-renderer-api-v1
[17:14:23] [Worker-Main-5/DEBUG] (FabricLoader/Mixin) Mixing client.block.model.MultipartBlockStateModelMultipartBakedModelAccessor from fabric-renderer-api-v1.mixins.json into net.minecraft.client.renderer.block.model.multipart.MultiPartModel$SharedBakedState
[17:14:23] [Worker-Main-3/DEBUG] (FabricLoader/Mixin) Mixing ModelBakerBakedModelsMixin from fabric-model-loading-api-v1.mixins.json into net.minecraft.client.resources.model.ModelBakery$BakingResult
[17:14:23] [Render thread/INFO] (com.mojang.blaze3d.opengl.GlProgram) Info log when linking program containing VS minecraft:core/terrain and FS minecraft:core/terrain. Log output: WARNING: Could not find vertex shader attribute 'Normal' to match BindAttributeLocation request.

[17:14:23] [Render thread/INFO] (com.mojang.blaze3d.opengl.GlProgram) Info log when linking program containing VS minecraft:core/terrain and FS minecraft:core/terrain. Log output: WARNING: Could not find vertex shader attribute 'Normal' to match BindAttributeLocation request.

[17:14:23] [Render thread/INFO] (com.mojang.blaze3d.opengl.GlProgram) Info log when linking program containing VS minecraft:core/entity and FS minecraft:core/entity. Log output: WARNING: Output of vertex shader 'overlayColor' not read by fragment shader

[17:14:23] [Render thread/INFO] (com.mojang.blaze3d.opengl.GlProgram) Info log when linking program containing VS minecraft:core/rendertype_text_see_through and FS minecraft:core/rendertype_text_see_through. Log output: WARNING: Could not find vertex shader attribute 'UV2' to match BindAttributeLocation request.

[17:14:23] [Render thread/INFO] (com.mojang.blaze3d.opengl.GlProgram) Info log when linking program containing VS minecraft:core/rendertype_item_entity_translucent_cull and FS minecraft:core/rendertype_item_entity_translucent_cull. Log output: WARNING: Output of vertex shader 'texCoord1' not read by fragment shader
WARNING: Output of vertex shader 'texCoord2' not read by fragment shader

[17:14:23] [Render thread/INFO] (com.mojang.blaze3d.opengl.GlProgram) Info log when linking program containing VS minecraft:core/terrain and FS minecraft:core/terrain. Log output: WARNING: Could not find vertex shader attribute 'Normal' to match BindAttributeLocation request.

[17:14:23] [Render thread/INFO] (com.mojang.blaze3d.opengl.GlProgram) Info log when linking program containing VS minecraft:core/rendertype_beacon_beam and FS minecraft:core/rendertype_beacon_beam. Log output: WARNING: Could not find vertex shader attribute 'Normal' to match BindAttributeLocation request.
WARNING: Could not find vertex shader attribute 'UV2' to match BindAttributeLocation request.

[17:14:23] [Render thread/INFO] (com.mojang.blaze3d.opengl.GlProgram) Info log when linking program containing VS minecraft:core/entity and FS minecraft:core/entity. Log output: WARNING: Could not find vertex shader attribute 'Normal' to match BindAttributeLocation request.
WARNING: Could not find vertex shader attribute 'UV2' to match BindAttributeLocation request.
WARNING: Output of vertex shader 'overlayColor' not read by fragment shader

[17:14:23] [Render thread/INFO] (com.mojang.blaze3d.opengl.GlProgram) Info log when linking program containing VS minecraft:core/entity and FS minecraft:core/entity. Log output: WARNING: Could not find vertex shader attribute 'Normal' to match BindAttributeLocation request.
WARNING: Output of vertex shader 'overlayColor' not read by fragment shader

[17:14:23] [Render thread/INFO] (com.mojang.blaze3d.opengl.GlProgram) Info log when linking program containing VS minecraft:core/entity and FS minecraft:core/entity. Log output: WARNING: Output of vertex shader 'overlayColor' not read by fragment shader

[17:14:23] [Render thread/INFO] (com.mojang.blaze3d.opengl.GlProgram) Info log when linking program containing VS minecraft:core/entity and FS minecraft:core/entity. Log output: WARNING: Output of vertex shader 'overlayColor' not read by fragment shader

[17:14:23] [Render thread/INFO] (com.mojang.blaze3d.opengl.GlProgram) Info log when linking program containing VS minecraft:core/rendertype_translucent_moving_block and FS minecraft:core/rendertype_translucent_moving_block. Log output: WARNING: Could not find vertex shader attribute 'Normal' to match BindAttributeLocation request.

[17:14:23] [Render thread/INFO] (com.mojang.blaze3d.opengl.GlProgram) Info log when linking program containing VS minecraft:core/terrain and FS minecraft:core/terrain. Log output: WARNING: Could not find vertex shader attribute 'Normal' to match BindAttributeLocation request.

[17:14:23] [Render thread/INFO] (com.mojang.blaze3d.opengl.GlProgram) Info log when linking program containing VS minecraft:core/terrain and FS minecraft:core/terrain. Log output: WARNING: Could not find vertex shader attribute 'Normal' to match BindAttributeLocation request.

[17:14:23] [Render thread/INFO] (com.mojang.blaze3d.opengl.GlProgram) Info log when linking program containing VS minecraft:core/terrain and FS minecraft:core/terrain. Log output: WARNING: Could not find vertex shader attribute 'Normal' to match BindAttributeLocation request.

[17:14:23] [Render thread/INFO] (com.mojang.blaze3d.opengl.GlProgram) Info log when linking program containing VS minecraft:core/rendertype_entity_shadow and FS minecraft:core/rendertype_entity_shadow. Log output: WARNING: Could not find vertex shader attribute 'UV1' to match BindAttributeLocation request.
WARNING: Could not find vertex shader attribute 'Normal' to match BindAttributeLocation request.
WARNING: Could not find vertex shader attribute 'UV2' to match BindAttributeLocation request.

[17:14:23] [Render thread/INFO] (com.mojang.blaze3d.opengl.GlProgram) Info log when linking program containing VS minecraft:core/entity and FS minecraft:core/entity. Log output: WARNING: Output of vertex shader 'overlayColor' not read by fragment shader

[17:14:23] [Render thread/INFO] (com.mojang.blaze3d.opengl.GlProgram) Info log when linking program containing VS minecraft:core/rendertype_entity_alpha and FS minecraft:core/rendertype_entity_alpha. Log output: WARNING: Could not find vertex shader attribute 'Normal' to match BindAttributeLocation request.
WARNING: Output of vertex shader 'texCoord1' not read by fragment shader
WARNING: Output of vertex shader 'texCoord2' not read by fragment shader

[17:14:23] [Render thread/INFO] (com.mojang.blaze3d.opengl.GlProgram) Info log when linking program containing VS minecraft:core/rendertype_crumbling and FS minecraft:core/rendertype_crumbling. Log output: WARNING: Could not find vertex shader attribute 'Normal' to match BindAttributeLocation request.
WARNING: Output of vertex shader 'texCoord2' not read by fragment shader

[17:14:23] [Render thread/INFO] (com.mojang.blaze3d.opengl.GlProgram) Info log when linking program containing VS minecraft:core/entity and FS minecraft:core/entity. Log output: WARNING: Could not find vertex shader attribute 'Normal' to match BindAttributeLocation request.
WARNING: Could not find vertex shader attribute 'UV2' to match BindAttributeLocation request.
WARNING: Output of vertex shader 'overlayColor' not read by fragment shader

[17:14:23] [Render thread/INFO] (com.mojang.blaze3d.opengl.GlProgram) Info log when linking program containing VS minecraft:core/entity and FS minecraft:core/entity. Log output: WARNING: Could not find vertex shader attribute 'UV2' to match BindAttributeLocation request.

[17:14:23] [Render thread/INFO] (com.mojang.blaze3d.opengl.GlProgram) Info log when linking program containing VS minecraft:core/rendertype_text_background_see_through and FS minecraft:core/rendertype_text_background_see_through. Log output: WARNING: Could not find vertex shader attribute 'UV2' to match BindAttributeLocation request.

[17:14:23] [Render thread/INFO] (com.mojang.blaze3d.opengl.GlProgram) Info log when linking program containing VS minecraft:core/rendertype_text_intensity_see_through and FS minecraft:core/rendertype_text_intensity_see_through. Log output: WARNING: Could not find vertex shader attribute 'UV2' to match BindAttributeLocation request.

[17:14:23] [Render thread/INFO] (com.mojang.blaze3d.opengl.GlProgram) Info log when linking program containing VS minecraft:core/rendertype_beacon_beam and FS minecraft:core/rendertype_beacon_beam. Log output: WARNING: Could not find vertex shader attribute 'Normal' to match BindAttributeLocation request.
WARNING: Could not find vertex shader attribute 'UV2' to match BindAttributeLocation request.

[17:14:23] [Render thread/INFO] (com.mojang.blaze3d.audio.Library) OpenAL initialized on device soundcore P40i
[17:14:23] [Render thread/INFO] (net.minecraft.client.sounds.SoundEngine) Sound engine started
[17:14:23] [Render thread/INFO] (net.minecraft.client.renderer.texture.TextureAtlas) Created: 512x256x0 minecraft:textures/atlas/particles.png-atlas
[17:14:23] [Render thread/INFO] (net.minecraft.client.renderer.texture.TextureAtlas) Created: 128x64x0 minecraft:textures/atlas/decorated_pot.png-atlas
[17:14:23] [Render thread/INFO] (net.minecraft.client.renderer.texture.TextureAtlas) Created: 2048x1024x0 minecraft:textures/atlas/armor_trims.png-atlas
[17:14:23] [Render thread/INFO] (net.minecraft.client.renderer.texture.TextureAtlas) Created: 512x256x0 minecraft:textures/atlas/paintings.png-atlas
[17:14:23] [Render thread/INFO] (net.minecraft.client.renderer.texture.TextureAtlas) Created: 512x512x0 minecraft:textures/atlas/shield_patterns.png-atlas
[17:14:23] [Render thread/INFO] (net.minecraft.client.renderer.texture.TextureAtlas) Created: 1024x512x4 minecraft:textures/atlas/blocks.png-atlas
[17:14:23] [Render thread/INFO] (net.minecraft.client.renderer.texture.TextureAtlas) Created: 512x256x0 minecraft:textures/atlas/chest.png-atlas
[17:14:23] [Render thread/INFO] (net.minecraft.client.renderer.texture.TextureAtlas) Created: 512x512x0 minecraft:textures/atlas/banner_patterns.png-atlas
[17:14:23] [Render thread/INFO] (net.minecraft.client.renderer.texture.TextureAtlas) Created: 512x256x0 minecraft:textures/atlas/beds.png-atlas
[17:14:23] [Render thread/INFO] (net.minecraft.client.renderer.texture.TextureAtlas) Created: 1024x512x0 minecraft:textures/atlas/gui.png-atlas
[17:14:23] [Render thread/INFO] (net.minecraft.client.renderer.texture.TextureAtlas) Created: 64x64x0 minecraft:textures/atlas/map_decorations.png-atlas
[17:14:23] [Render thread/INFO] (net.minecraft.client.renderer.texture.TextureAtlas) Created: 256x256x0 minecraft:textures/atlas/signs.png-atlas
[17:14:23] [Render thread/INFO] (net.minecraft.client.renderer.texture.TextureAtlas) Created: 512x256x0 minecraft:textures/atlas/shulker_boxes.png-atlas
[17:14:23] [Render thread/DEBUG] (FabricLoader/Mixin) Mixing EntityRendererFactoriesMixin from fabric-rendering-v1.mixins.json into net.minecraft.client.renderer.entity.EntityRenderers
[17:14:23] [Render thread/DEBUG] (FabricLoader/Mixin) Renaming synthetic method lambda$onRegisterRenderers$0(Lnet/minecraft/world/entity/EntityType;Lnet/minecraft/client/renderer/entity/EntityRendererProvider;)V to md7d776e$fabric-rendering-v1$lambda$onRegisterRenderers$0$0 in fabric-rendering-v1.mixins.json:EntityRendererFactoriesMixin from mod fabric-rendering-v1
[17:14:23] [Render thread/DEBUG] (FabricLoader/Mixin) fabric-rendering-v1.mixins.json:EntityRendererFactoriesMixin from mod fabric-rendering-v1->@Inject::onRegisterRenderers(Lorg/spongepowered/asm/mixin/injection/callback/CallbackInfo;)V doesn't use it's CallbackInfo
[17:14:23] [Render thread/DEBUG] (FabricLoader/Mixin) Mixing BipedEntityRendererMixin from fabric-rendering-v1.mixins.json into net.minecraft.client.renderer.entity.HumanoidMobRenderer
[17:14:23] [Render thread/DEBUG] (FabricLoader/Mixin) Mixing ArmorFeatureRendererMixin from fabric-rendering-v1.mixins.json into net.minecraft.client.renderer.entity.layers.HumanoidArmorLayer
[17:14:23] [Render thread/DEBUG] (FabricLoader/Mixin) fabric-rendering-v1.mixins.json:ArmorFeatureRendererMixin from mod fabric-rendering-v1->@Inject::render(Lcom/mojang/blaze3d/vertex/PoseStack;Lnet/minecraft/client/renderer/SubmitNodeCollector;ILnet/minecraft/client/renderer/entity/state/HumanoidRenderState;FFLorg/spongepowered/asm/mixin/injection/callback/CallbackInfo;)V doesn't use it's CallbackInfo
[17:14:23] [Render thread/DEBUG] (FabricLoader/Mixin) fabric-rendering-v1.mixins.json:ArmorFeatureRendererMixin from mod fabric-rendering-v1->@Inject::render(Lcom/mojang/blaze3d/vertex/PoseStack;Lnet/minecraft/client/renderer/SubmitNodeCollector;ILnet/minecraft/client/renderer/entity/state/HumanoidRenderState;FFLorg/spongepowered/asm/mixin/injection/callback/CallbackInfo;)V has 0 override(s) in child classes
[17:14:23] [Render thread/DEBUG] (FabricLoader/Mixin) fabric-rendering-v1.mixins.json:ArmorFeatureRendererMixin from mod fabric-rendering-v1->@Inject::render(Lcom/mojang/blaze3d/vertex/PoseStack;Lnet/minecraft/client/renderer/SubmitNodeCollector;ILnet/minecraft/client/renderer/entity/state/HumanoidRenderState;FFLorg/spongepowered/asm/mixin/injection/callback/CallbackInfo;)V won't be passed a CallbackInfo as a result
[17:14:23] [Render thread/DEBUG] (FabricLoader/Mixin) fabric-rendering-v1.mixins.json:ArmorFeatureRendererMixin from mod fabric-rendering-v1->@Inject::renderArmor(Lcom/mojang/blaze3d/vertex/PoseStack;Lnet/minecraft/client/renderer/SubmitNodeCollector;Lnet/minecraft/world/item/ItemStack;Lnet/minecraft/world/entity/EquipmentSlot;ILnet/minecraft/client/renderer/entity/state/HumanoidRenderState;Lorg/spongepowered/asm/mixin/injection/callback/CallbackInfo;)V does use it's CallbackInfo
[17:14:23] [Render thread/DEBUG] (FabricLoader/Mixin) Mixing client.block.render.ItemFrameEntityRendererMixin from fabric-renderer-api-v1.mixins.json into net.minecraft.client.renderer.entity.ItemFrameRenderer
[17:14:23] [Render thread/DEBUG] (FabricLoader/Mixin) Renaming synthetic method lambda$renderProxy$0(Lnet/minecraft/client/renderer/RenderType;Lnet/minecraft/client/renderer/chunk/ChunkSectionLayer;)Lnet/minecraft/client/renderer/RenderType; to md7d776e$fabric-renderer-api-v1$lambda$renderProxy$0$0 in fabric-renderer-api-v1.mixins.json:client.block.render.ItemFrameEntityRendererMixin from mod fabric-renderer-api-v1
[17:14:23] [Render thread/DEBUG] (FabricLoader/Mixin) Mixing client.block.render.MooshroomMushroomFeatureRendererMixin from fabric-renderer-api-v1.mixins.json into net.minecraft.client.renderer.entity.layers.MushroomCowMushroomLayer
[17:14:23] [Render thread/DEBUG] (FabricLoader/Mixin) Renaming synthetic method lambda$renderProxy$0(Lnet/minecraft/client/renderer/RenderType;Lnet/minecraft/client/renderer/chunk/ChunkSectionLayer;)Lnet/minecraft/client/renderer/RenderType; to md7d776e$fabric-renderer-api-v1$lambda$renderProxy$0$0 in fabric-renderer-api-v1.mixins.json:client.block.render.MooshroomMushroomFeatureRendererMixin from mod fabric-renderer-api-v1
[17:14:23] [Render thread/DEBUG] (FabricLoader/Mixin) Mixing client.block.render.SnowGolemPumpkinFeatureRendererMixin from fabric-renderer-api-v1.mixins.json into net.minecraft.client.renderer.entity.layers.SnowGolemHeadLayer
[17:14:23] [Render thread/DEBUG] (FabricLoader/Mixin) Renaming synthetic method lambda$renderProxy$0(Lnet/minecraft/client/renderer/RenderType;Lnet/minecraft/client/renderer/chunk/ChunkSectionLayer;)Lnet/minecraft/client/renderer/RenderType; to md7d776e$fabric-renderer-api-v1$lambda$renderProxy$0$0 in fabric-renderer-api-v1.mixins.json:client.block.render.SnowGolemPumpkinFeatureRendererMixin from mod fabric-renderer-api-v1
[17:14:23] [Render thread/DEBUG] (FabricLoader/Mixin) Mixing CapeFeatureRendererMixin from fabric-rendering-v1.mixins.json into net.minecraft.client.renderer.entity.layers.CapeLayer
[17:14:23] [Render thread/DEBUG] (FabricLoader/Mixin) fabric-rendering-v1.mixins.json:CapeFeatureRendererMixin from mod fabric-rendering-v1->@Inject::injectCapeRenderCheck(Lcom/mojang/blaze3d/vertex/PoseStack;Lnet/minecraft/client/renderer/SubmitNodeCollector;ILnet/minecraft/client/renderer/entity/state/AvatarRenderState;FFLorg/spongepowered/asm/mixin/injection/callback/CallbackInfo;)V does use it's CallbackInfo
[17:14:23] [Render thread/DEBUG] (FabricLoader/Mixin) Mixing BlockEntityRendererFactoriesMixin from fabric-rendering-v1.mixins.json into net.minecraft.client.renderer.blockentity.BlockEntityRenderers
[17:14:23] [Render thread/DEBUG] (FabricLoader/Mixin) Renaming synthetic method lambda$init$0(Lnet/minecraft/world/level/block/entity/BlockEntityType;Lnet/minecraft/client/renderer/blockentity/BlockEntityRendererProvider;)V to md7d776e$fabric-rendering-v1$lambda$init$0$0 in fabric-rendering-v1.mixins.json:BlockEntityRendererFactoriesMixin from mod fabric-rendering-v1
[17:14:23] [Render thread/DEBUG] (FabricLoader/Mixin) fabric-rendering-v1.mixins.json:BlockEntityRendererFactoriesMixin from mod fabric-rendering-v1->@Inject::init(Lorg/spongepowered/asm/mixin/injection/callback/CallbackInfo;)V doesn't use it's CallbackInfo
[17:14:24] [IO-Worker-1/INFO] (com.mojang.realmsclient.client.RealmsClient) Could not authorize you against Realms server: java.lang.RuntimeException: Failed to parse into SignedJWT: FabricMC
[17:14:24] [IO-Worker-1/ERROR] (com.mojang.realmsclient.RealmsAvailability) Couldn't connect to realms
com.mojang.realmsclient.exception.RealmsServiceException: Realms authentication error with message 'java.lang.RuntimeException: Failed to parse into SignedJWT: FabricMC'
	at knot/com.mojang.realmsclient.client.RealmsClient.execute(RealmsClient.java:536) ~[minecraft-merged-fc94d00cde-1.21.10-loom.mappings.1_21_10.layered+hash.40359-v2.jar:?]
	at knot/com.mojang.realmsclient.client.RealmsClient.clientCompatible(RealmsClient.java:316) ~[minecraft-merged-fc94d00cde-1.21.10-loom.mappings.1_21_10.layered+hash.40359-v2.jar:?]
	at knot/com.mojang.realmsclient.RealmsAvailability.method_52627(RealmsAvailability.java:49) ~[minecraft-merged-fc94d00cde-1.21.10-loom.mappings.1_21_10.layered+hash.40359-v2.jar:?]
	at java.base/java.util.concurrent.CompletableFuture$AsyncSupply.run(CompletableFuture.java:1812) ~[?:?]
	at java.base/java.util.concurrent.ThreadPoolExecutor.runWorker(ThreadPoolExecutor.java:1144) ~[?:?]
	at java.base/java.util.concurrent.ThreadPoolExecutor$Worker.run(ThreadPoolExecutor.java:642) ~[?:?]
	at java.base/java.lang.Thread.run(Thread.java:1575) [?:?]
[17:14:25] [Render thread/DEBUG] (com.mojang.blaze3d.systems.RenderSystem) Growing IndexBuffer: Old limit 60, new limit 192.
[17:14:26] [Render thread/DEBUG] (com.mojang.blaze3d.systems.RenderSystem) Growing IndexBuffer: Old limit 192, new limit 1944.
[17:14:26] [Render thread/DEBUG] (FabricLoader/Mixin) Mixing AccessorGridWidget from mixins.modmenu.json into net.minecraft.client.gui.layouts.GridLayout
[17:14:26] [Render thread/DEBUG] (FabricLoader/Mixin) Mixing CreateWorldScreenMixin from fabric-resource-loader-v0.client.mixins.json into net.minecraft.client.gui.screens.worldselection.CreateWorldScreen
[17:14:26] [Render thread/DEBUG] (FabricLoader/Mixin) fabric-resource-loader-v0.client.mixins.json:CreateWorldScreenMixin from mod fabric-resource-loader-v0->@Inject::onScanPacks(Lorg/spongepowered/asm/mixin/injection/callback/CallbackInfoReturnable;)V doesn't use it's CallbackInfoReturnable
[17:14:26] [Render thread/DEBUG] (FabricLoader/Mixin) fabric-resource-loader-v0.client.mixins.json:CreateWorldScreenMixin from mod fabric-resource-loader-v0->@Inject::onScanPacks(Lorg/spongepowered/asm/mixin/injection/callback/CallbackInfoReturnable;)V has 0 override(s) in child classes
[17:14:26] [Render thread/DEBUG] (FabricLoader/Mixin) fabric-resource-loader-v0.client.mixins.json:CreateWorldScreenMixin from mod fabric-resource-loader-v0->@Inject::onScanPacks(Lorg/spongepowered/asm/mixin/injection/callback/CallbackInfoReturnable;)V won't be passed a CallbackInfoReturnable as a result
[17:14:27] [Render thread/DEBUG] (FabricLoader/Mixin) Mixing DataPackContentsMixin from fabric-tag-api-v1.mixins.json into net.minecraft.server.ReloadableServerResources
[17:14:27] [Render thread/DEBUG] (FabricLoader/Mixin) Mixing DataPackContentsMixin from fabric-resource-loader-v1.mixins.json into net.minecraft.server.ReloadableServerResources
[17:14:27] [Render thread/DEBUG] (FabricLoader/Mixin) Mixing DataPackContentsMixin from fabric-lifecycle-events-v1.mixins.json into net.minecraft.server.ReloadableServerResources
[17:14:27] [Render thread/DEBUG] (FabricLoader/Mixin) Mixing DataPackContentsMixin from fabric-resource-conditions-api-v1.mixins.json into net.minecraft.server.ReloadableServerResources
[17:14:27] [Render thread/DEBUG] (FabricLoader/Mixin) fabric-tag-api-v1.mixins.json:DataPackContentsMixin from mod fabric-tag-api-v1->@Inject::storeDynamicRegistries(Lnet/minecraft/core/LayeredRegistryAccess;Lnet/minecraft/core/HolderLookup$Provider;Lnet/minecraft/world/flag/FeatureFlagSet;Lnet/minecraft/commands/Commands$CommandSelection;Ljava/util/List;ILorg/spongepowered/asm/mixin/injection/callback/CallbackInfo;)V doesn't use it's CallbackInfo
[17:14:27] [Render thread/DEBUG] (FabricLoader/Mixin) fabric-tag-api-v1.mixins.json:DataPackContentsMixin from mod fabric-tag-api-v1->@Inject::storeDynamicRegistries(Lnet/minecraft/core/LayeredRegistryAccess;Lnet/minecraft/core/HolderLookup$Provider;Lnet/minecraft/world/flag/FeatureFlagSet;Lnet/minecraft/commands/Commands$CommandSelection;Ljava/util/List;ILorg/spongepowered/asm/mixin/injection/callback/CallbackInfo;)V has 0 override(s) in child classes
[17:14:27] [Render thread/DEBUG] (FabricLoader/Mixin) fabric-tag-api-v1.mixins.json:DataPackContentsMixin from mod fabric-tag-api-v1->@Inject::storeDynamicRegistries(Lnet/minecraft/core/LayeredRegistryAccess;Lnet/minecraft/core/HolderLookup$Provider;Lnet/minecraft/world/flag/FeatureFlagSet;Lnet/minecraft/commands/Commands$CommandSelection;Ljava/util/List;ILorg/spongepowered/asm/mixin/injection/callback/CallbackInfo;)V won't be passed a CallbackInfo as a result
[17:14:27] [Render thread/DEBUG] (FabricLoader/Mixin) fabric-tag-api-v1.mixins.json:DataPackContentsMixin from mod fabric-tag-api-v1->@Inject::applyDynamicTagAliases(Lorg/spongepowered/asm/mixin/injection/callback/CallbackInfo;)V doesn't use it's CallbackInfo
[17:14:27] [Render thread/DEBUG] (FabricLoader/Mixin) fabric-tag-api-v1.mixins.json:DataPackContentsMixin from mod fabric-tag-api-v1->@Inject::applyDynamicTagAliases(Lorg/spongepowered/asm/mixin/injection/callback/CallbackInfo;)V has 0 override(s) in child classes
[17:14:27] [Render thread/DEBUG] (FabricLoader/Mixin) fabric-tag-api-v1.mixins.json:DataPackContentsMixin from mod fabric-tag-api-v1->@Inject::applyDynamicTagAliases(Lorg/spongepowered/asm/mixin/injection/callback/CallbackInfo;)V won't be passed a CallbackInfo as a result
[17:14:27] [Render thread/DEBUG] (FabricLoader/Mixin) fabric-lifecycle-events-v1.mixins.json:DataPackContentsMixin from mod fabric-lifecycle-events-v1->@Inject::init(Lnet/minecraft/core/LayeredRegistryAccess;Lnet/minecraft/core/HolderLookup$Provider;Lnet/minecraft/world/flag/FeatureFlagSet;Lnet/minecraft/commands/Commands$CommandSelection;Ljava/util/List;ILorg/spongepowered/asm/mixin/injection/callback/CallbackInfo;)V doesn't use it's CallbackInfo
[17:14:27] [Render thread/DEBUG] (FabricLoader/Mixin) fabric-lifecycle-events-v1.mixins.json:DataPackContentsMixin from mod fabric-lifecycle-events-v1->@Inject::init(Lnet/minecraft/core/LayeredRegistryAccess;Lnet/minecraft/core/HolderLookup$Provider;Lnet/minecraft/world/flag/FeatureFlagSet;Lnet/minecraft/commands/Commands$CommandSelection;Ljava/util/List;ILorg/spongepowered/asm/mixin/injection/callback/CallbackInfo;)V has 0 override(s) in child classes
[17:14:27] [Render thread/DEBUG] (FabricLoader/Mixin) fabric-lifecycle-events-v1.mixins.json:DataPackContentsMixin from mod fabric-lifecycle-events-v1->@Inject::init(Lnet/minecraft/core/LayeredRegistryAccess;Lnet/minecraft/core/HolderLookup$Provider;Lnet/minecraft/world/flag/FeatureFlagSet;Lnet/minecraft/commands/Commands$CommandSelection;Ljava/util/List;ILorg/spongepowered/asm/mixin/injection/callback/CallbackInfo;)V won't be passed a CallbackInfo as a result
[17:14:27] [Render thread/DEBUG] (FabricLoader/Mixin) fabric-lifecycle-events-v1.mixins.json:DataPackContentsMixin from mod fabric-lifecycle-events-v1->@Inject::hookRefresh(Lorg/spongepowered/asm/mixin/injection/callback/CallbackInfo;)V doesn't use it's CallbackInfo
[17:14:27] [Render thread/DEBUG] (FabricLoader/Mixin) fabric-lifecycle-events-v1.mixins.json:DataPackContentsMixin from mod fabric-lifecycle-events-v1->@Inject::hookRefresh(Lorg/spongepowered/asm/mixin/injection/callback/CallbackInfo;)V has 0 override(s) in child classes
[17:14:27] [Render thread/DEBUG] (FabricLoader/Mixin) fabric-lifecycle-events-v1.mixins.json:DataPackContentsMixin from mod fabric-lifecycle-events-v1->@Inject::hookRefresh(Lorg/spongepowered/asm/mixin/injection/callback/CallbackInfo;)V won't be passed a CallbackInfo as a result
[17:14:27] [Render thread/DEBUG] (FabricLoader/Mixin) fabric-resource-conditions-api-v1.mixins.json:DataPackContentsMixin from mod fabric-resource-conditions-api-v1->@Inject::hookReload(Lnet/minecraft/server/packs/resources/ResourceManager;Lnet/minecraft/core/LayeredRegistryAccess;Ljava/util/List;Lnet/minecraft/world/flag/FeatureFlagSet;Lnet/minecraft/commands/Commands$CommandSelection;ILjava/util/concurrent/Executor;Ljava/util/concurrent/Executor;Lorg/spongepowered/asm/mixin/injection/callback/CallbackInfoReturnable;)V doesn't use it's CallbackInfoReturnable
[17:14:27] [Render thread/DEBUG] (FabricLoader/Mixin) Mixing SaveLoadingMixin from fabric-registry-sync-v0.mixins.json into net.minecraft.server.WorldLoader
[17:14:27] [Render thread/DEBUG] (FabricLoader/Mixin) Mixing MixinServerPlayerGameMode from architectury.mixins.json into net.minecraft.server.level.ServerPlayerGameMode
[17:14:27] [Render thread/DEBUG] (FabricLoader/Mixin) architectury.mixins.json:MixinServerPlayerGameMode from mod architectury: Class version 65 required is higher than the class version supported by the current version of Mixin (JAVA_16 supports class version 60)
[17:14:27] [Render thread/DEBUG] (FabricLoader/Mixin) Mixing ServerPlayerInteractionManagerMixin from fabric-events-interaction-v0.mixins.json into net.minecraft.server.level.ServerPlayerGameMode
[17:14:27] [Render thread/DEBUG] (FabricLoader/Mixin) architectury.mixins.json:MixinServerPlayerGameMode from mod architectury->@Inject::onBreak(Lnet/minecraft/core/BlockPos;Lorg/spongepowered/asm/mixin/injection/callback/CallbackInfoReturnable;Lnet/minecraft/world/level/block/entity/BlockEntity;Lnet/minecraft/world/level/block/state/BlockState;)V does use it's CallbackInfoReturnable
[17:14:27] [Render thread/DEBUG] (FabricLoader/Mixin) fabric-events-interaction-v0.mixins.json:ServerPlayerInteractionManagerMixin from mod fabric-events-interaction-v0->@Inject::startBlockBreak(Lnet/minecraft/core/BlockPos;Lnet/minecraft/network/protocol/game/ServerboundPlayerActionPacket$Action;Lnet/minecraft/core/Direction;IILorg/spongepowered/asm/mixin/injection/callback/CallbackInfo;)V does use it's CallbackInfo
[17:14:27] [Render thread/DEBUG] (FabricLoader/Mixin) fabric-events-interaction-v0.mixins.json:ServerPlayerInteractionManagerMixin from mod fabric-events-interaction-v0->@Inject::interactBlock(Lnet/minecraft/server/level/ServerPlayer;Lnet/minecraft/world/level/Level;Lnet/minecraft/world/item/ItemStack;Lnet/minecraft/world/InteractionHand;Lnet/minecraft/world/phys/BlockHitResult;Lorg/spongepowered/asm/mixin/injection/callback/CallbackInfoReturnable;)V does use it's CallbackInfoReturnable
[17:14:27] [Render thread/DEBUG] (FabricLoader/Mixin) fabric-events-interaction-v0.mixins.json:ServerPlayerInteractionManagerMixin from mod fabric-events-interaction-v0->@Inject::interactItem(Lnet/minecraft/server/level/ServerPlayer;Lnet/minecraft/world/level/Level;Lnet/minecraft/world/item/ItemStack;Lnet/minecraft/world/InteractionHand;Lorg/spongepowered/asm/mixin/injection/callback/CallbackInfoReturnable;)V does use it's CallbackInfoReturnable
[17:14:27] [Render thread/DEBUG] (FabricLoader/Mixin) fabric-events-interaction-v0.mixins.json:ServerPlayerInteractionManagerMixin from mod fabric-events-interaction-v0->@Inject::breakBlock(Lnet/minecraft/core/BlockPos;Lorg/spongepowered/asm/mixin/injection/callback/CallbackInfoReturnable;)V does use it's CallbackInfoReturnable
[17:14:27] [Render thread/DEBUG] (FabricLoader/Mixin) fabric-events-interaction-v0.mixins.json:ServerPlayerInteractionManagerMixin from mod fabric-events-interaction-v0->@Inject::onBlockBroken(Lnet/minecraft/core/BlockPos;Lorg/spongepowered/asm/mixin/injection/callback/CallbackInfoReturnable;)V doesn't use it's CallbackInfoReturnable
[17:14:27] [Render thread/DEBUG] (FabricLoader/Mixin) fabric-events-interaction-v0.mixins.json:ServerPlayerInteractionManagerMixin from mod fabric-events-interaction-v0->@Inject::onBlockBroken(Lnet/minecraft/core/BlockPos;Lorg/spongepowered/asm/mixin/injection/callback/CallbackInfoReturnable;)V has 0 override(s) in child classes
[17:14:27] [Render thread/DEBUG] (FabricLoader/Mixin) fabric-events-interaction-v0.mixins.json:ServerPlayerInteractionManagerMixin from mod fabric-events-interaction-v0->@Inject::onBlockBroken(Lnet/minecraft/core/BlockPos;Lorg/spongepowered/asm/mixin/injection/callback/CallbackInfoReturnable;)V won't be passed a CallbackInfoReturnable as a result
[17:14:27] [Render thread/DEBUG] (net.fabricmc.fabric.impl.resource.loader.ModResourcePackUtil) [Fabric] Starting internal pack sorting with: [fabric, fabric-convention-tags-v2, fabric-gametest-api-v1, generated_5ad6e91]
[17:14:27] [Render thread/DEBUG] (net.fabricmc.fabric.impl.resource.loader.ModResourcePackUtil) [Fabric] Removed all internal packs, result: [fabric]
[17:14:27] [Render thread/DEBUG] (net.fabricmc.fabric.impl.resource.loader.ModResourcePackUtil) [Fabric] cur @ fabric, auto-enabled fabric-convention-tags-v2, currently enabled: [fabric, fabric-convention-tags-v2]
[17:14:27] [Render thread/DEBUG] (net.fabricmc.fabric.impl.resource.loader.ModResourcePackUtil) [Fabric] cur @ fabric, auto-enabled fabric-gametest-api-v1, currently enabled: [fabric, fabric-convention-tags-v2, fabric-gametest-api-v1]
[17:14:27] [Render thread/DEBUG] (net.fabricmc.fabric.impl.resource.loader.ModResourcePackUtil) [Fabric] cur @ fabric, auto-enabled generated_5ad6e91, currently enabled: [fabric, fabric-convention-tags-v2, fabric-gametest-api-v1, generated_5ad6e91]
[17:14:27] [Render thread/DEBUG] (net.fabricmc.fabric.impl.resource.loader.ModResourcePackUtil) [Fabric] Final sorting result: [fabric, fabric-convention-tags-v2, fabric-gametest-api-v1, generated_5ad6e91]
[17:14:27] [Render thread/WARN] (net.minecraft.server.MinecraftServer) Missing data pack generated_ceaa5ed
[17:14:27] [Render thread/INFO] (net.minecraft.server.MinecraftServer) Found new data pack generated_5ad6e91, loading it automatically
[17:14:27] [Render thread/DEBUG] (net.fabricmc.fabric.impl.resource.loader.ModResourcePackUtil) [Fabric] Starting internal pack sorting with: [vanilla, fabric, fabric-convention-tags-v2, fabric-gametest-api-v1, generated_5ad6e91]
[17:14:27] [Render thread/DEBUG] (net.fabricmc.fabric.impl.resource.loader.ModResourcePackUtil) [Fabric] Removed all internal packs, result: [vanilla, fabric]
[17:14:27] [Render thread/DEBUG] (net.fabricmc.fabric.impl.resource.loader.ModResourcePackUtil) [Fabric] cur @ fabric, auto-enabled fabric-convention-tags-v2, currently enabled: [vanilla, fabric, fabric-convention-tags-v2]
[17:14:27] [Render thread/DEBUG] (net.fabricmc.fabric.impl.resource.loader.ModResourcePackUtil) [Fabric] cur @ fabric, auto-enabled fabric-gametest-api-v1, currently enabled: [vanilla, fabric, fabric-convention-tags-v2, fabric-gametest-api-v1]
[17:14:27] [Render thread/DEBUG] (net.fabricmc.fabric.impl.resource.loader.ModResourcePackUtil) [Fabric] cur @ fabric, auto-enabled generated_5ad6e91, currently enabled: [vanilla, fabric, fabric-convention-tags-v2, fabric-gametest-api-v1, generated_5ad6e91]
[17:14:27] [Render thread/DEBUG] (net.fabricmc.fabric.impl.resource.loader.ModResourcePackUtil) [Fabric] Final sorting result: [vanilla, fabric, fabric-convention-tags-v2, fabric-gametest-api-v1, generated_5ad6e91]
[17:14:27] [Render thread/DEBUG] (FabricLoader/Mixin) Mixing SimpleRegistry2Mixin from fabric-tag-api-v1.mixins.json into net.minecraft.core.MappedRegistry$2
[17:14:27] [Render thread/DEBUG] (FabricLoader/Mixin) Mixing SimpleRegistry3Mixin from fabric-tag-api-v1.mixins.json into net.minecraft.core.MappedRegistry$3
[17:14:27] [Render thread/DEBUG] (FabricLoader/Mixin) fabric-tag-api-v1.mixins.json:SimpleRegistry3Mixin from mod fabric-tag-api-v1->@Inject::applyTagAliases(Lorg/spongepowered/asm/mixin/injection/callback/CallbackInfo;)V doesn't use it's CallbackInfo
[17:14:27] [Render thread/DEBUG] (FabricLoader/Mixin) fabric-tag-api-v1.mixins.json:SimpleRegistry3Mixin from mod fabric-tag-api-v1->@Inject::applyTagAliases(Lorg/spongepowered/asm/mixin/injection/callback/CallbackInfo;)V has 0 override(s) in child classes
[17:14:27] [Render thread/DEBUG] (FabricLoader/Mixin) fabric-tag-api-v1.mixins.json:SimpleRegistry3Mixin from mod fabric-tag-api-v1->@Inject::applyTagAliases(Lorg/spongepowered/asm/mixin/injection/callback/CallbackInfo;)V won't be passed a CallbackInfo as a result
[17:14:27] [Render thread/DEBUG] (FabricLoader/Mixin) Mixing RegistryLoaderMixin from fabric-gametest-api-v1.mixins.json into net.minecraft.resources.RegistryDataLoader
[17:14:27] [Render thread/DEBUG] (FabricLoader/Mixin) Renaming synthetic method lambda$loadFromResources$0(Lnet/minecraft/resources/RegistryDataLoader$RegistryData;)Z to md7d776e$fabric-gametest-api-v1$lambda$loadFromResources$0$0 in fabric-gametest-api-v1.mixins.json:RegistryLoaderMixin from mod fabric-gametest-api-v1
[17:14:27] [Render thread/DEBUG] (FabricLoader/Mixin) Mixing RegistryLoaderMixin from fabric-registry-sync-v0.mixins.json into net.minecraft.resources.RegistryDataLoader
[17:14:27] [Render thread/DEBUG] (FabricLoader/Mixin) Renaming synthetic method lambda$static$0()Ljava/lang/Boolean; to md7d776e$fabric-registry-sync-v0$lambda$static$0$1 in fabric-registry-sync-v0.mixins.json:RegistryLoaderMixin from mod fabric-registry-sync-v0
[17:14:27] [Render thread/DEBUG] (FabricLoader/Mixin) Mixing RegistryLoaderMixin from fabric-item-api-v1.mixins.json into net.minecraft.resources.RegistryDataLoader
[17:14:27] [Render thread/DEBUG] (FabricLoader/Mixin) Mixing RegistryLoaderMixin from fabric-resource-conditions-api-v1.mixins.json into net.minecraft.resources.RegistryDataLoader
[17:14:27] [Render thread/DEBUG] (FabricLoader/Mixin) fabric-gametest-api-v1.mixins.json:RegistryLoaderMixin from mod fabric-gametest-api-v1->@Inject::loadFromResources(Lnet/minecraft/server/packs/resources/ResourceManager;Ljava/util/List;Ljava/util/List;Lorg/spongepowered/asm/mixin/injection/callback/CallbackInfoReturnable;)V doesn't use it's CallbackInfoReturnable
[17:14:27] [Render thread/DEBUG] (FabricLoader/Mixin) fabric-gametest-api-v1.mixins.json:RegistryLoaderMixin from mod fabric-gametest-api-v1->@Inject::beforeFreeze(Ljava/lang/Object;Ljava/util/List;Ljava/util/List;Lorg/spongepowered/asm/mixin/injection/callback/CallbackInfoReturnable;)V doesn't use it's CallbackInfoReturnable
[17:14:27] [Render thread/DEBUG] (FabricLoader/Mixin) fabric-registry-sync-v0.mixins.json:RegistryLoaderMixin from mod fabric-registry-sync-v0->@Inject::beforeLoad(Ljava/lang/Object;Ljava/util/List;Ljava/util/List;Lorg/spongepowered/asm/mixin/injection/callback/CallbackInfoReturnable;)V doesn't use it's CallbackInfoReturnable
[17:14:27] [Render thread/DEBUG] (FabricLoader/Mixin) fabric-resource-conditions-api-v1.mixins.json:RegistryLoaderMixin from mod fabric-resource-conditions-api-v1->@Inject::captureRegistries(Lnet/minecraft/server/packs/resources/ResourceManager;Lnet/minecraft/resources/RegistryOps$RegistryInfoLookup;Lnet/minecraft/core/WritableRegistry;Lcom/mojang/serialization/Decoder;Ljava/util/Map;Lorg/spongepowered/asm/mixin/injection/callback/CallbackInfo;)V doesn't use it's CallbackInfo
[17:14:27] [Render thread/DEBUG] (FabricLoader/Mixin) fabric-resource-conditions-api-v1.mixins.json:RegistryLoaderMixin from mod fabric-resource-conditions-api-v1->@Inject::releaseRegistries(Lnet/minecraft/server/packs/resources/ResourceManager;Lnet/minecraft/resources/RegistryOps$RegistryInfoLookup;Lnet/minecraft/core/WritableRegistry;Lcom/mojang/serialization/Decoder;Ljava/util/Map;Lorg/spongepowered/asm/mixin/injection/callback/CallbackInfo;)V doesn't use it's CallbackInfo
[17:14:27] [Render thread/DEBUG] (FabricLoader/Mixin) fabric-resource-conditions-api-v1.mixins.json:RegistryLoaderMixin from mod fabric-resource-conditions-api-v1->@Inject::checkResourceCondition(Lnet/minecraft/core/WritableRegistry;Lcom/mojang/serialization/Decoder;Lnet/minecraft/resources/RegistryOps;Lnet/minecraft/resources/ResourceKey;Lnet/minecraft/server/packs/resources/Resource;Lnet/minecraft/core/RegistrationInfo;Lorg/spongepowered/asm/mixin/injection/callback/CallbackInfo;)V does use it's CallbackInfo
[17:14:27] [Render thread/DEBUG] (FabricLoader/Mixin) Mixing EnchantmentBuilderAccessor from fabric-item-api-v1.mixins.json into net.minecraft.world.item.enchantment.Enchantment$Builder
[17:14:27] [Render thread/DEBUG] (FabricLoader/Mixin) Mixing EnchantmentBuilderMixin from fabric-item-api-v1.mixins.json into net.minecraft.world.item.enchantment.Enchantment$Builder
[17:14:27] [Render thread/DEBUG] (FabricLoader/Mixin) fabric-item-api-v1.mixins.json:EnchantmentBuilderMixin from mod fabric-item-api-v1->@Inject::markModified(Lorg/spongepowered/asm/mixin/injection/callback/CallbackInfoReturnable;)V does use it's CallbackInfo
[17:14:27] [Render thread/DEBUG] (FabricLoader/Mixin) fabric-item-api-v1.mixins.json:EnchantmentBuilderMixin from mod fabric-item-api-v1->@Inject::markModified(Lorg/spongepowered/asm/mixin/injection/callback/CallbackInfoReturnable;)V does use it's CallbackInfoReturnable
[17:14:27] [Render thread/DEBUG] (FabricLoader/Mixin) fabric-item-api-v1.mixins.json:EnchantmentBuilderMixin from mod fabric-item-api-v1->@Inject::markModified(Lorg/spongepowered/asm/mixin/injection/callback/CallbackInfoReturnable;)V does use it's CallbackInfoReturnable
[17:14:27] [Render thread/DEBUG] (FabricLoader/Mixin) fabric-item-api-v1.mixins.json:EnchantmentBuilderMixin from mod fabric-item-api-v1->@Inject::markModified(Lorg/spongepowered/asm/mixin/injection/callback/CallbackInfoReturnable;)V does use it's CallbackInfoReturnable
[17:14:27] [Render thread/DEBUG] (FabricLoader/Mixin) fabric-item-api-v1.mixins.json:EnchantmentBuilderMixin from mod fabric-item-api-v1->@Inject::markModified(Lorg/spongepowered/asm/mixin/injection/callback/CallbackInfoReturnable;)V does use it's CallbackInfoReturnable
[17:14:27] [Render thread/DEBUG] (FabricLoader/Mixin) fabric-item-api-v1.mixins.json:EnchantmentBuilderMixin from mod fabric-item-api-v1->@Inject::markModified(Lorg/spongepowered/asm/mixin/injection/callback/CallbackInfoReturnable;)V does use it's CallbackInfoReturnable
[17:14:27] [Render thread/DEBUG] (FabricLoader/Mixin) fabric-item-api-v1.mixins.json:EnchantmentBuilderMixin from mod fabric-item-api-v1->@Inject::markModified(Lorg/spongepowered/asm/mixin/injection/callback/CallbackInfoReturnable;)V does use it's CallbackInfoReturnable
[17:14:27] [Render thread/DEBUG] (FabricLoader/Mixin) fabric-item-api-v1.mixins.json:EnchantmentBuilderMixin from mod fabric-item-api-v1->@Inject::markModified(Lorg/spongepowered/asm/mixin/injection/callback/CallbackInfoReturnable;)V does use it's CallbackInfoReturnable
[17:14:27] [Render thread/DEBUG] (FabricLoader/Mixin) fabric-item-api-v1.mixins.json:EnchantmentBuilderMixin from mod fabric-item-api-v1->@Inject::markModified(Lorg/spongepowered/asm/mixin/injection/callback/CallbackInfoReturnable;)V does use it's CallbackInfoReturnable
[17:14:27] [Render thread/DEBUG] (FabricLoader/Mixin) fabric-item-api-v1.mixins.json:EnchantmentBuilderMixin from mod fabric-item-api-v1->@Inject::markModified(Lorg/spongepowered/asm/mixin/injection/callback/CallbackInfoReturnable;)V does use it's CallbackInfoReturnable
[17:14:27] [Render thread/DEBUG] (FabricLoader/Mixin) fabric-item-api-v1.mixins.json:EnchantmentBuilderMixin from mod fabric-item-api-v1->@Inject::markModified(Lorg/spongepowered/asm/mixin/injection/callback/CallbackInfoReturnable;)V does use it's CallbackInfoReturnable
[17:14:27] [Render thread/DEBUG] (FabricLoader/Mixin) fabric-item-api-v1.mixins.json:EnchantmentBuilderMixin from mod fabric-item-api-v1->@Inject::markModified(Lorg/spongepowered/asm/mixin/injection/callback/CallbackInfoReturnable;)V does use it's CallbackInfoReturnable
[17:14:27] [Render thread/DEBUG] (FabricLoader/Mixin) Mixing DimensionOptionsRegistryHolderMixin from fabric-dimensions-v1.mixins.json into net.minecraft.world.level.levelgen.WorldDimensions
[17:14:28] [Render thread/DEBUG] (FabricLoader/Mixin) Mixing ReloadableRegistriesMixin from fabric-loot-api-v3.mixins.json into net.minecraft.server.ReloadableServerRegistries
[17:14:28] [Render thread/DEBUG] (FabricLoader/Mixin) Renaming synthetic method lambda$onLootTablesLoaded$2(Lnet/minecraft/core/Holder$Reference;)V to md7d776e$fabric-loot-api-v3$lambda$onLootTablesLoaded$2$0 in fabric-loot-api-v3.mixins.json:ReloadableRegistriesMixin from mod fabric-loot-api-v3
[17:14:28] [Render thread/DEBUG] (FabricLoader/Mixin) Renaming synthetic method lambda$modifyLootTable$1(Lnet/minecraft/resources/RegistryOps;Lnet/minecraft/resources/ResourceLocation;Ljava/lang/Object;)Ljava/lang/Object; to md7d776e$fabric-loot-api-v3$lambda$modifyLootTable$1$1 in fabric-loot-api-v3.mixins.json:ReloadableRegistriesMixin from mod fabric-loot-api-v3
[17:14:28] [Render thread/DEBUG] (FabricLoader/Mixin) Renaming synthetic method lambda$removeOps$0(Lnet/minecraft/resources/RegistryOps;Ljava/util/List;)Ljava/util/List; to md7d776e$fabric-loot-api-v3$lambda$removeOps$0$2 in fabric-loot-api-v3.mixins.json:ReloadableRegistriesMixin from mod fabric-loot-api-v3
[17:14:28] [Render thread/DEBUG] (FabricLoader/Mixin) fabric-loot-api-v3.mixins.json:ReloadableRegistriesMixin from mod fabric-loot-api-v3->@Inject::modifyLootTable(Lnet/minecraft/world/level/storage/loot/LootDataType;Lnet/minecraft/server/packs/resources/ResourceManager;Lnet/minecraft/resources/RegistryOps;Lorg/spongepowered/asm/mixin/injection/callback/CallbackInfoReturnable;)V doesn't use it's CallbackInfoReturnable
[17:14:28] [Render thread/DEBUG] (FabricLoader/Mixin) fabric-loot-api-v3.mixins.json:ReloadableRegistriesMixin from mod fabric-loot-api-v3->@Inject::onLootTablesLoaded(Lnet/minecraft/world/level/storage/loot/LootDataType;Lnet/minecraft/server/packs/resources/ResourceManager;Lnet/minecraft/resources/RegistryOps;Lorg/spongepowered/asm/mixin/injection/callback/CallbackInfoReturnable;)V does use it's CallbackInfoReturnable
[17:14:28] [Worker-Main-4/DEBUG] (FabricLoader/Mixin) Mixing LootPoolAccessor from fabric-loot-api-v3.mixins.json into net.minecraft.world.level.storage.loot.LootPool
[17:14:28] [Worker-Main-4/DEBUG] (FabricLoader/Mixin) Mixing KeyedResourceReloaderMixin from fabric-resource-loader-v1.mixins.json into net.minecraft.world.item.crafting.RecipeManager
[17:14:28] [Worker-Main-4/DEBUG] (FabricLoader/Mixin) Mixing ServerRecipeManagerMixin from fabric-recipe-api-v1.mixins.json into net.minecraft.world.item.crafting.RecipeManager
[17:14:28] [Worker-Main-4/DEBUG] (FabricLoader/Mixin) Mixing sync.ServerRecipeManagerAccessor from fabric-recipe-api-v1.mixins.json into net.minecraft.world.item.crafting.RecipeManager
[17:14:28] [Worker-Main-4/DEBUG] (FabricLoader/Mixin) fabric-recipe-api-v1.mixins.json:ServerRecipeManagerMixin from mod fabric-recipe-api-v1->@Inject::updateSynchronizedRecipes(Lnet/minecraft/world/item/crafting/RecipeMap;Lnet/minecraft/server/packs/resources/ResourceManager;Lnet/minecraft/util/profiling/ProfilerFiller;Lorg/spongepowered/asm/mixin/injection/callback/CallbackInfo;)V doesn't use it's CallbackInfo
[17:14:28] [Worker-Main-4/DEBUG] (FabricLoader/Mixin) fabric-recipe-api-v1.mixins.json:ServerRecipeManagerMixin from mod fabric-recipe-api-v1->@Inject::updateSynchronizedRecipes(Lnet/minecraft/world/item/crafting/RecipeMap;Lnet/minecraft/server/packs/resources/ResourceManager;Lnet/minecraft/util/profiling/ProfilerFiller;Lorg/spongepowered/asm/mixin/injection/callback/CallbackInfo;)V has 0 override(s) in child classes
[17:14:28] [Worker-Main-4/DEBUG] (FabricLoader/Mixin) fabric-recipe-api-v1.mixins.json:ServerRecipeManagerMixin from mod fabric-recipe-api-v1->@Inject::updateSynchronizedRecipes(Lnet/minecraft/world/item/crafting/RecipeMap;Lnet/minecraft/server/packs/resources/ResourceManager;Lnet/minecraft/util/profiling/ProfilerFiller;Lorg/spongepowered/asm/mixin/injection/callback/CallbackInfo;)V won't be passed a CallbackInfo as a result
[17:14:28] [Worker-Main-4/DEBUG] (FabricLoader/Mixin) Mixing RecipeManagerMixin from fabric-recipe-api-v1.mixins.json into net.minecraft.world.item.crafting.RecipeAccess
[17:14:28] [Worker-Main-4/DEBUG] (FabricLoader/Mixin) Mixing sync.PreparedRecipesMixin from fabric-recipe-api-v1.mixins.json into net.minecraft.world.item.crafting.RecipeMap
[17:14:28] [Worker-Main-4/DEBUG] (FabricLoader/Mixin) fabric-recipe-api-v1.mixins.json:sync.PreparedRecipesMixin from mod fabric-recipe-api-v1->@Inject::provideSerializerMap(Ljava/lang/Iterable;Lorg/spongepowered/asm/mixin/injection/callback/CallbackInfoReturnable;)V doesn't use it's CallbackInfoReturnable
[17:14:28] [Worker-Main-4/DEBUG] (FabricLoader/Mixin) fabric-recipe-api-v1.mixins.json:sync.PreparedRecipesMixin from mod fabric-recipe-api-v1->@Inject::fillSerializerMap(Ljava/lang/Iterable;Lorg/spongepowered/asm/mixin/injection/callback/CallbackInfoReturnable;)V doesn't use it's CallbackInfoReturnable
[17:14:28] [Worker-Main-4/DEBUG] (FabricLoader/Mixin) Mixing MixinCommands from architectury.mixins.json into net.minecraft.commands.Commands
[17:14:28] [Worker-Main-4/DEBUG] (FabricLoader/Mixin) architectury.mixins.json:MixinCommands from mod architectury: Class version 65 required is higher than the class version supported by the current version of Mixin (JAVA_16 supports class version 60)
[17:14:28] [Worker-Main-4/DEBUG] (FabricLoader/Mixin) Mixing CommandManagerMixin from fabric-networking-api-v1.mixins.json into net.minecraft.commands.Commands
[17:14:28] [Worker-Main-4/DEBUG] (FabricLoader/Mixin) Mixing CommandManagerMixin from fabric-command-api-v2.mixins.json into net.minecraft.commands.Commands
[17:14:28] [Worker-Main-4/DEBUG] (FabricLoader/Mixin) architectury.mixins.json:MixinCommands from mod architectury->@Inject::finishParsing(Lcom/mojang/brigadier/ParseResults;Ljava/lang/String;Lnet/minecraft/commands/CommandSourceStack;Lorg/spongepowered/asm/mixin/injection/callback/CallbackInfoReturnable;)V does use it's CallbackInfoReturnable
[17:14:28] [Worker-Main-4/DEBUG] (FabricLoader/Mixin) fabric-networking-api-v1.mixins.json:CommandManagerMixin from mod fabric-networking-api-v1->@Inject::init(Lnet/minecraft/commands/Commands$CommandSelection;Lnet/minecraft/commands/CommandBuildContext;Lorg/spongepowered/asm/mixin/injection/callback/CallbackInfo;)V doesn't use it's CallbackInfo
[17:14:28] [Worker-Main-4/DEBUG] (FabricLoader/Mixin) fabric-networking-api-v1.mixins.json:CommandManagerMixin from mod fabric-networking-api-v1->@Inject::init(Lnet/minecraft/commands/Commands$CommandSelection;Lnet/minecraft/commands/CommandBuildContext;Lorg/spongepowered/asm/mixin/injection/callback/CallbackInfo;)V has 0 override(s) in child classes
[17:14:28] [Worker-Main-4/DEBUG] (FabricLoader/Mixin) fabric-networking-api-v1.mixins.json:CommandManagerMixin from mod fabric-networking-api-v1->@Inject::init(Lnet/minecraft/commands/Commands$CommandSelection;Lnet/minecraft/commands/CommandBuildContext;Lorg/spongepowered/asm/mixin/injection/callback/CallbackInfo;)V won't be passed a CallbackInfo as a result
[17:14:28] [Worker-Main-4/DEBUG] (FabricLoader/Mixin) fabric-command-api-v2.mixins.json:CommandManagerMixin from mod fabric-command-api-v2->@Inject::fabric_addCommands(Lnet/minecraft/commands/Commands$CommandSelection;Lnet/minecraft/commands/CommandBuildContext;Lorg/spongepowered/asm/mixin/injection/callback/CallbackInfo;)V doesn't use it's CallbackInfo
[17:14:28] [Worker-Main-4/DEBUG] (FabricLoader/Mixin) fabric-command-api-v2.mixins.json:CommandManagerMixin from mod fabric-command-api-v2->@Inject::fabric_addCommands(Lnet/minecraft/commands/Commands$CommandSelection;Lnet/minecraft/commands/CommandBuildContext;Lorg/spongepowered/asm/mixin/injection/callback/CallbackInfo;)V has 0 override(s) in child classes
[17:14:28] [Worker-Main-4/DEBUG] (FabricLoader/Mixin) fabric-command-api-v2.mixins.json:CommandManagerMixin from mod fabric-command-api-v2->@Inject::fabric_addCommands(Lnet/minecraft/commands/Commands$CommandSelection;Lnet/minecraft/commands/CommandBuildContext;Lorg/spongepowered/asm/mixin/injection/callback/CallbackInfo;)V won't be passed a CallbackInfo as a result
[17:14:28] [Worker-Main-4/DEBUG] (FabricLoader/Mixin) Mixing DatapackCommandMixin from fabric-resource-loader-v0.mixins.json into net.minecraft.server.commands.DataPackCommand
[17:14:28] [Worker-Main-4/DEBUG] (FabricLoader/Mixin) Renaming synthetic method lambda$filterDisabledPackSuggestions$2(Lnet/minecraft/server/packs/repository/Pack;)Z to md7d776e$fabric-resource-loader-v0$lambda$filterDisabledPackSuggestions$2$0 in fabric-resource-loader-v0.mixins.json:DatapackCommandMixin from mod fabric-resource-loader-v0
[17:14:28] [Worker-Main-4/DEBUG] (FabricLoader/Mixin) Renaming synthetic method lambda$filterEnabledPackSuggestions$1(Lnet/minecraft/server/packs/repository/Pack;)Z to md7d776e$fabric-resource-loader-v0$lambda$filterEnabledPackSuggestions$1$1 in fabric-resource-loader-v0.mixins.json:DatapackCommandMixin from mod fabric-resource-loader-v0
[17:14:28] [Worker-Main-4/DEBUG] (FabricLoader/Mixin) Renaming synthetic method lambda$static$0(Ljava/lang/Object;)Lcom/mojang/brigadier/Message; to md7d776e$fabric-resource-loader-v0$lambda$static$0$2 in fabric-resource-loader-v0.mixins.json:DatapackCommandMixin from mod fabric-resource-loader-v0
[17:14:28] [Worker-Main-4/DEBUG] (FabricLoader/Mixin) fabric-resource-loader-v0.mixins.json:DatapackCommandMixin from mod fabric-resource-loader-v0->@Inject::errorOnInternalPack(Lcom/mojang/brigadier/context/CommandContext;Ljava/lang/String;ZLorg/spongepowered/asm/mixin/injection/callback/CallbackInfoReturnable;)V doesn't use it's CallbackInfoReturnable
[17:14:28] [Worker-Main-4/DEBUG] (FabricLoader/Mixin) Mixing EnchantCommandMixin from fabric-item-api-v1.mixins.json into net.minecraft.server.commands.EnchantCommand
[17:14:28] [Worker-Main-4/DEBUG] (FabricLoader/Mixin) Mixing GameRuleCommandAccessor from fabric-game-rule-api-v1.mixins.json into net.minecraft.server.commands.GameRuleCommand
[17:14:28] [Worker-Main-4/DEBUG] (FabricLoader/Mixin) Renaming @Invoker method invokeExecuteSet(Lcom/mojang/brigadier/context/CommandContext;Lnet/minecraft/world/level/GameRules$Key;)I to invokeExecuteSet$fabric-game-rule-api-v1_$md$7d776e$0 in fabric-game-rule-api-v1.mixins.json:GameRuleCommandAccessor from mod fabric-game-rule-api-v1
[17:14:28] [Worker-Main-4/DEBUG] (FabricLoader/Mixin) Renaming @Invoker method invokeExecuteQuery(Lnet/minecraft/commands/CommandSourceStack;Lnet/minecraft/world/level/GameRules$Key;)I to invokeExecuteQuery$fabric-game-rule-api-v1_$md$7d776e$1 in fabric-game-rule-api-v1.mixins.json:GameRuleCommandAccessor from mod fabric-game-rule-api-v1
[17:14:28] [Worker-Main-4/DEBUG] (FabricLoader/Mixin) Mixing GameRuleCommandVisitorMixin from fabric-game-rule-api-v1.mixins.json into net.minecraft.server.commands.GameRuleCommand$1
[17:14:28] [Worker-Main-4/DEBUG] (FabricLoader/Mixin) fabric-game-rule-api-v1.mixins.json:GameRuleCommandVisitorMixin from mod fabric-game-rule-api-v1->@Inject::onRegisterCommand(Lnet/minecraft/world/level/GameRules$Key;Lnet/minecraft/world/level/GameRules$Type;Lorg/spongepowered/asm/mixin/injection/callback/CallbackInfo;)V does use it's CallbackInfo
[17:14:28] [Worker-Main-4/DEBUG] (FabricLoader/Mixin) Mixing HelpCommandAccessor from fabric-command-api-v2.mixins.json into net.minecraft.server.commands.HelpCommand
[17:14:28] [Worker-Main-4/DEBUG] (FabricLoader/Mixin) Renaming @Accessor method getFailedException()Lcom/mojang/brigadier/exceptions/SimpleCommandExceptionType; to getFailedException$fabric-command-api-v2_$md$7d776e$0 in fabric-command-api-v2.mixins.json:HelpCommandAccessor from mod fabric-command-api-v2
[17:14:28] [Worker-Main-4/DEBUG] (FabricLoader/Mixin) Mixing KeyedResourceReloaderMixin from fabric-resource-loader-v1.mixins.json into net.minecraft.server.ServerAdvancementManager
[17:14:28] [Worker-Main-4/DEBUG] (FabricLoader/Mixin) Mixing KeyedResourceReloaderMixin from fabric-resource-loader-v1.mixins.json into net.minecraft.server.ServerFunctionLibrary
[17:14:28] [Render thread/INFO] (net.minecraft.world.item.crafting.RecipeManager) Loaded 1461 recipes
[17:14:28] [Render thread/INFO] (net.minecraft.advancements.AdvancementTree) Loaded 1574 advancements
[17:14:28] [Render thread/DEBUG] (FabricLoader/Mixin) Mixing PlayerManagerMixin from fabric-entity-events-v1.mixins.json into net.minecraft.server.players.PlayerList
[17:14:28] [Render thread/DEBUG] (FabricLoader/Mixin) Mixing MixinPlayerList from architectury.mixins.json into net.minecraft.server.players.PlayerList
[17:14:28] [Render thread/DEBUG] (FabricLoader/Mixin) architectury.mixins.json:MixinPlayerList from mod architectury: Class version 65 required is higher than the class version supported by the current version of Mixin (JAVA_16 supports class version 60)
[17:14:28] [Render thread/DEBUG] (FabricLoader/Mixin) Mixing PlayerManagerMixin from fabric-message-api-v1.mixins.json into net.minecraft.server.players.PlayerList
[17:14:28] [Render thread/DEBUG] (FabricLoader/Mixin) Mixing PlayerManagerMixin from fabric-networking-api-v1.mixins.json into net.minecraft.server.players.PlayerList
[17:14:28] [Render thread/DEBUG] (FabricLoader/Mixin) Mixing PlayerManagerMixin from fabric-lifecycle-events-v1.mixins.json into net.minecraft.server.players.PlayerList
[17:14:28] [Render thread/DEBUG] (FabricLoader/Mixin) fabric-entity-events-v1.mixins.json:PlayerManagerMixin from mod fabric-entity-events-v1->@Inject::afterRespawn(Lnet/minecraft/server/level/ServerPlayer;ZLnet/minecraft/world/entity/Entity$RemovalReason;Lorg/spongepowered/asm/mixin/injection/callback/CallbackInfoReturnable;)V does use it's CallbackInfoReturnable
[17:14:28] [Render thread/DEBUG] (FabricLoader/Mixin) fabric-entity-events-v1.mixins.json:PlayerManagerMixin from mod fabric-entity-events-v1->@Inject::firePlayerJoinEvent(Lnet/minecraft/network/Connection;Lnet/minecraft/server/level/ServerPlayer;Lnet/minecraft/server/network/CommonListenerCookie;Lorg/spongepowered/asm/mixin/injection/callback/CallbackInfo;)V doesn't use it's CallbackInfo
[17:14:28] [Render thread/DEBUG] (FabricLoader/Mixin) fabric-entity-events-v1.mixins.json:PlayerManagerMixin from mod fabric-entity-events-v1->@Inject::firePlayerJoinEvent(Lnet/minecraft/network/Connection;Lnet/minecraft/server/level/ServerPlayer;Lnet/minecraft/server/network/CommonListenerCookie;Lorg/spongepowered/asm/mixin/injection/callback/CallbackInfo;)V has 0 override(s) in child classes
[17:14:28] [Render thread/DEBUG] (FabricLoader/Mixin) fabric-entity-events-v1.mixins.json:PlayerManagerMixin from mod fabric-entity-events-v1->@Inject::firePlayerJoinEvent(Lnet/minecraft/network/Connection;Lnet/minecraft/server/level/ServerPlayer;Lnet/minecraft/server/network/CommonListenerCookie;Lorg/spongepowered/asm/mixin/injection/callback/CallbackInfo;)V won't be passed a CallbackInfo as a result
[17:14:28] [Render thread/DEBUG] (FabricLoader/Mixin) fabric-entity-events-v1.mixins.json:PlayerManagerMixin from mod fabric-entity-events-v1->@Inject::firePlayerLeaveEvent(Lnet/minecraft/server/level/ServerPlayer;Lorg/spongepowered/asm/mixin/injection/callback/CallbackInfo;)V doesn't use it's CallbackInfo
[17:14:28] [Render thread/DEBUG] (FabricLoader/Mixin) fabric-entity-events-v1.mixins.json:PlayerManagerMixin from mod fabric-entity-events-v1->@Inject::firePlayerLeaveEvent(Lnet/minecraft/server/level/ServerPlayer;Lorg/spongepowered/asm/mixin/injection/callback/CallbackInfo;)V has 0 override(s) in child classes
[17:14:28] [Render thread/DEBUG] (FabricLoader/Mixin) fabric-entity-events-v1.mixins.json:PlayerManagerMixin from mod fabric-entity-events-v1->@Inject::firePlayerLeaveEvent(Lnet/minecraft/server/level/ServerPlayer;Lorg/spongepowered/asm/mixin/injection/callback/CallbackInfo;)V won't be passed a CallbackInfo as a result
[17:14:28] [Render thread/DEBUG] (FabricLoader/Mixin) architectury.mixins.json:MixinPlayerList from mod architectury->@Inject::placeNewPlayer(Lnet/minecraft/network/Connection;Lnet/minecraft/server/level/ServerPlayer;Lnet/minecraft/server/network/CommonListenerCookie;Lorg/spongepowered/asm/mixin/injection/callback/CallbackInfo;)V doesn't use it's CallbackInfo
[17:14:28] [Render thread/DEBUG] (FabricLoader/Mixin) architectury.mixins.json:MixinPlayerList from mod architectury->@Inject::placeNewPlayer(Lnet/minecraft/network/Connection;Lnet/minecraft/server/level/ServerPlayer;Lnet/minecraft/server/network/CommonListenerCookie;Lorg/spongepowered/asm/mixin/injection/callback/CallbackInfo;)V has 0 override(s) in child classes
[17:14:28] [Render thread/DEBUG] (FabricLoader/Mixin) architectury.mixins.json:MixinPlayerList from mod architectury->@Inject::placeNewPlayer(Lnet/minecraft/network/Connection;Lnet/minecraft/server/level/ServerPlayer;Lnet/minecraft/server/network/CommonListenerCookie;Lorg/spongepowered/asm/mixin/injection/callback/CallbackInfo;)V won't be passed a CallbackInfo as a result
[17:14:28] [Render thread/DEBUG] (FabricLoader/Mixin) architectury.mixins.json:MixinPlayerList from mod architectury->@Inject::remove(Lnet/minecraft/server/level/ServerPlayer;Lorg/spongepowered/asm/mixin/injection/callback/CallbackInfo;)V doesn't use it's CallbackInfo
[17:14:28] [Render thread/DEBUG] (FabricLoader/Mixin) architectury.mixins.json:MixinPlayerList from mod architectury->@Inject::remove(Lnet/minecraft/server/level/ServerPlayer;Lorg/spongepowered/asm/mixin/injection/callback/CallbackInfo;)V has 0 override(s) in child classes
[17:14:28] [Render thread/DEBUG] (FabricLoader/Mixin) architectury.mixins.json:MixinPlayerList from mod architectury->@Inject::remove(Lnet/minecraft/server/level/ServerPlayer;Lorg/spongepowered/asm/mixin/injection/callback/CallbackInfo;)V won't be passed a CallbackInfo as a result
[17:14:28] [Render thread/DEBUG] (FabricLoader/Mixin) architectury.mixins.json:MixinPlayerList from mod architectury->@Inject::respawn(Lnet/minecraft/server/level/ServerPlayer;ZLnet/minecraft/world/entity/Entity$RemovalReason;Lorg/spongepowered/asm/mixin/injection/callback/CallbackInfoReturnable;)V does use it's CallbackInfoReturnable
[17:14:28] [Render thread/DEBUG] (FabricLoader/Mixin) fabric-message-api-v1.mixins.json:PlayerManagerMixin from mod fabric-message-api-v1->@Inject::onSendChatMessage(Lnet/minecraft/network/chat/PlayerChatMessage;Lnet/minecraft/server/level/ServerPlayer;Lnet/minecraft/network/chat/ChatType$Bound;Lorg/spongepowered/asm/mixin/injection/callback/CallbackInfo;)V does use it's CallbackInfo
[17:14:28] [Render thread/DEBUG] (FabricLoader/Mixin) fabric-message-api-v1.mixins.json:PlayerManagerMixin from mod fabric-message-api-v1->@Inject::onSendGameMessage(Lnet/minecraft/network/chat/Component;Ljava/util/function/Function;ZLorg/spongepowered/asm/mixin/injection/callback/CallbackInfo;)V does use it's CallbackInfo
[17:14:28] [Render thread/DEBUG] (FabricLoader/Mixin) fabric-message-api-v1.mixins.json:PlayerManagerMixin from mod fabric-message-api-v1->@Inject::onSendCommandMessage(Lnet/minecraft/network/chat/PlayerChatMessage;Lnet/minecraft/commands/CommandSourceStack;Lnet/minecraft/network/chat/ChatType$Bound;Lorg/spongepowered/asm/mixin/injection/callback/CallbackInfo;)V does use it's CallbackInfo
[17:14:28] [Render thread/DEBUG] (FabricLoader/Mixin) fabric-networking-api-v1.mixins.json:PlayerManagerMixin from mod fabric-networking-api-v1->@Inject::handlePlayerConnection(Lnet/minecraft/network/Connection;Lnet/minecraft/server/level/ServerPlayer;Lnet/minecraft/server/network/CommonListenerCookie;Lorg/spongepowered/asm/mixin/injection/callback/CallbackInfo;)V doesn't use it's CallbackInfo
[17:14:28] [Render thread/DEBUG] (FabricLoader/Mixin) fabric-networking-api-v1.mixins.json:PlayerManagerMixin from mod fabric-networking-api-v1->@Inject::handlePlayerConnection(Lnet/minecraft/network/Connection;Lnet/minecraft/server/level/ServerPlayer;Lnet/minecraft/server/network/CommonListenerCookie;Lorg/spongepowered/asm/mixin/injection/callback/CallbackInfo;)V has 0 override(s) in child classes
[17:14:28] [Render thread/DEBUG] (FabricLoader/Mixin) fabric-networking-api-v1.mixins.json:PlayerManagerMixin from mod fabric-networking-api-v1->@Inject::handlePlayerConnection(Lnet/minecraft/network/Connection;Lnet/minecraft/server/level/ServerPlayer;Lnet/minecraft/server/network/CommonListenerCookie;Lorg/spongepowered/asm/mixin/injection/callback/CallbackInfo;)V won't be passed a CallbackInfo as a result
[17:14:28] [Render thread/DEBUG] (FabricLoader/Mixin) fabric-lifecycle-events-v1.mixins.json:PlayerManagerMixin from mod fabric-lifecycle-events-v1->@Inject::hookOnPlayerConnect(Lnet/minecraft/network/Connection;Lnet/minecraft/server/level/ServerPlayer;Lnet/minecraft/server/network/CommonListenerCookie;Lorg/spongepowered/asm/mixin/injection/callback/CallbackInfo;)V doesn't use it's CallbackInfo
[17:14:28] [Render thread/DEBUG] (FabricLoader/Mixin) fabric-lifecycle-events-v1.mixins.json:PlayerManagerMixin from mod fabric-lifecycle-events-v1->@Inject::hookOnPlayerConnect(Lnet/minecraft/network/Connection;Lnet/minecraft/server/level/ServerPlayer;Lnet/minecraft/server/network/CommonListenerCookie;Lorg/spongepowered/asm/mixin/injection/callback/CallbackInfo;)V has 0 override(s) in child classes
[17:14:28] [Render thread/DEBUG] (FabricLoader/Mixin) fabric-lifecycle-events-v1.mixins.json:PlayerManagerMixin from mod fabric-lifecycle-events-v1->@Inject::hookOnPlayerConnect(Lnet/minecraft/network/Connection;Lnet/minecraft/server/level/ServerPlayer;Lnet/minecraft/server/network/CommonListenerCookie;Lorg/spongepowered/asm/mixin/injection/callback/CallbackInfo;)V won't be passed a CallbackInfo as a result
[17:14:28] [Render thread/DEBUG] (FabricLoader/Mixin) fabric-lifecycle-events-v1.mixins.json:PlayerManagerMixin from mod fabric-lifecycle-events-v1->@Inject::hookOnDataPacksReloaded(Lorg/spongepowered/asm/mixin/injection/callback/CallbackInfo;)V doesn't use it's CallbackInfo
[17:14:28] [Render thread/DEBUG] (FabricLoader/Mixin) fabric-lifecycle-events-v1.mixins.json:PlayerManagerMixin from mod fabric-lifecycle-events-v1->@Inject::hookOnDataPacksReloaded(Lorg/spongepowered/asm/mixin/injection/callback/CallbackInfo;)V has 0 override(s) in child classes
[17:14:28] [Render thread/DEBUG] (FabricLoader/Mixin) fabric-lifecycle-events-v1.mixins.json:PlayerManagerMixin from mod fabric-lifecycle-events-v1->@Inject::hookOnDataPacksReloaded(Lorg/spongepowered/asm/mixin/injection/callback/CallbackInfo;)V won't be passed a CallbackInfo as a result
[17:14:28] [Render thread/DEBUG] (FabricLoader/Mixin) Mixing BrewingRecipeRegistryBuilderMixin from fabric-content-registries-v0.mixins.json into net.minecraft.world.item.alchemy.PotionBrewing$Builder
[17:14:28] [Render thread/DEBUG] (FabricLoader/Mixin) fabric-content-registries-v0.mixins.json:BrewingRecipeRegistryBuilderMixin from mod fabric-content-registries-v0->@Inject::build(Lorg/spongepowered/asm/mixin/injection/callback/CallbackInfoReturnable;)V doesn't use it's CallbackInfoReturnable
[17:14:28] [Render thread/DEBUG] (FabricLoader/Mixin) fabric-content-registries-v0.mixins.json:BrewingRecipeRegistryBuilderMixin from mod fabric-content-registries-v0->@Inject::build(Lorg/spongepowered/asm/mixin/injection/callback/CallbackInfoReturnable;)V has 0 override(s) in child classes
[17:14:28] [Render thread/DEBUG] (FabricLoader/Mixin) fabric-content-registries-v0.mixins.json:BrewingRecipeRegistryBuilderMixin from mod fabric-content-registries-v0->@Inject::build(Lorg/spongepowered/asm/mixin/injection/callback/CallbackInfoReturnable;)V won't be passed a CallbackInfoReturnable as a result
[17:14:28] [Render thread/DEBUG] (FabricLoader/Mixin) Mixing FuelRegistryMixin from fabric-content-registries-v0.mixins.json into net.minecraft.world.level.block.entity.FuelValues
[17:14:28] [Render thread/INFO] (net.fabricmc.fabric.impl.biome.modification.BiomeModificationImpl) Applied 0 biome modifications to 0 of 65 new biomes in 748.9 μs
[17:14:28] [Server thread/INFO] (net.minecraft.client.server.IntegratedServer) Starting integrated minecraft server version 1.21.10
[17:14:28] [Server thread/INFO] (net.minecraft.server.MinecraftServer) Generating keypair
[17:14:28] [Render thread/DEBUG] (com.mojang.blaze3d.systems.RenderSystem) Growing IndexBuffer: Old limit 1944, new limit 14688.
[17:14:28] [Server thread/DEBUG] (FabricLoader/Mixin) Mixing MixinPhantomSpawner from architectury.mixins.json into net.minecraft.world.level.levelgen.PhantomSpawner
[17:14:28] [Server thread/DEBUG] (FabricLoader/Mixin) architectury.mixins.json:MixinPhantomSpawner from mod architectury: Class version 65 required is higher than the class version supported by the current version of Mixin (JAVA_16 supports class version 60)
[17:14:28] [Server thread/DEBUG] (FabricLoader/Mixin) architectury.mixins.json:MixinPhantomSpawner from mod architectury->@Inject::checkPhantomSpawn(Lnet/minecraft/server/level/ServerLevel;ZLorg/spongepowered/asm/mixin/injection/callback/CallbackInfo;)V does use it's CallbackInfo
[17:14:28] [Server thread/DEBUG] (FabricLoader/Mixin) Mixing MixinPatrolSpawner from architectury.mixins.json into net.minecraft.world.level.levelgen.PatrolSpawner
[17:14:28] [Server thread/DEBUG] (FabricLoader/Mixin) architectury.mixins.json:MixinPatrolSpawner from mod architectury: Class version 65 required is higher than the class version supported by the current version of Mixin (JAVA_16 supports class version 60)
[17:14:28] [Server thread/DEBUG] (FabricLoader/Mixin) architectury.mixins.json:MixinPatrolSpawner from mod architectury->@Inject::checkPatrolSpawn(Lnet/minecraft/server/level/ServerLevel;Lnet/minecraft/core/BlockPos;Lnet/minecraft/util/RandomSource;ZLorg/spongepowered/asm/mixin/injection/callback/CallbackInfoReturnable;)V does use it's CallbackInfoReturnable
[17:14:28] [Server thread/DEBUG] (FabricLoader/Mixin) Mixing MixinCatSpawner from architectury.mixins.json into net.minecraft.world.entity.npc.CatSpawner
[17:14:28] [Server thread/DEBUG] (FabricLoader/Mixin) architectury.mixins.json:MixinCatSpawner from mod architectury: Class version 65 required is higher than the class version supported by the current version of Mixin (JAVA_16 supports class version 60)
[17:14:28] [Server thread/DEBUG] (FabricLoader/Mixin) architectury.mixins.json:MixinCatSpawner from mod architectury->@Inject::checkCatSpawn(Lnet/minecraft/core/BlockPos;Lnet/minecraft/server/level/ServerLevel;ZLorg/spongepowered/asm/mixin/injection/callback/CallbackInfo;)V does use it's CallbackInfo
[17:14:28] [Server thread/DEBUG] (FabricLoader/Mixin) Mixing MixinPersistentEntitySectionManager from architectury.mixins.json into net.minecraft.world.level.entity.PersistentEntitySectionManager
[17:14:28] [Server thread/DEBUG] (FabricLoader/Mixin) architectury.mixins.json:MixinPersistentEntitySectionManager from mod architectury: Class version 65 required is higher than the class version supported by the current version of Mixin (JAVA_16 supports class version 60)
[17:14:28] [Server thread/DEBUG] (FabricLoader/Mixin) architectury.mixins.json:MixinPersistentEntitySectionManager from mod architectury->@Inject::addEntity(Lnet/minecraft/world/level/entity/EntityAccess;ZLorg/spongepowered/asm/mixin/injection/callback/CallbackInfoReturnable;)V does use it's CallbackInfoReturnable
[17:14:28] [Server thread/DEBUG] (FabricLoader/Mixin) Mixing ServerWorldServerEntityHandlerMixin from fabric-lifecycle-events-v1.mixins.json into net.minecraft.server.level.ServerLevel$EntityCallbacks
[17:14:28] [Server thread/DEBUG] (FabricLoader/Mixin) fabric-lifecycle-events-v1.mixins.json:ServerWorldServerEntityHandlerMixin from mod fabric-lifecycle-events-v1->@Inject::invokeEntityLoadEvent(Lnet/minecraft/world/entity/Entity;Lorg/spongepowered/asm/mixin/injection/callback/CallbackInfo;)V doesn't use it's CallbackInfo
[17:14:28] [Server thread/DEBUG] (FabricLoader/Mixin) fabric-lifecycle-events-v1.mixins.json:ServerWorldServerEntityHandlerMixin from mod fabric-lifecycle-events-v1->@Inject::invokeEntityUnloadEvent(Lnet/minecraft/world/entity/Entity;Lorg/spongepowered/asm/mixin/injection/callback/CallbackInfo;)V doesn't use it's CallbackInfo
[17:14:28] [Server thread/DEBUG] (FabricLoader/Mixin) Mixing PersistentStateManagerMixin from fabric-object-builder-v1.mixins.json into net.minecraft.world.level.storage.DimensionDataStorage
[17:14:28] [Server thread/DEBUG] (FabricLoader/Mixin) Mixing MixinChunkMap from architectury.mixins.json into net.minecraft.server.level.ChunkMap
[17:14:28] [Server thread/DEBUG] (FabricLoader/Mixin) architectury.mixins.json:MixinChunkMap from mod architectury: Class version 65 required is higher than the class version supported by the current version of Mixin (JAVA_16 supports class version 60)
[17:14:28] [Server thread/DEBUG] (FabricLoader/Mixin) Mixing accessor.ServerChunkLoadingManagerAccessor from fabric-networking-api-v1.mixins.json into net.minecraft.server.level.ChunkMap
[17:14:28] [Server thread/DEBUG] (FabricLoader/Mixin) Mixing ServerChunkLoadingManagerMixin from fabric-lifecycle-events-v1.mixins.json into net.minecraft.server.level.ChunkMap
[17:14:28] [Server thread/DEBUG] (FabricLoader/Mixin) architectury.mixins.json:MixinChunkMap from mod architectury->@Inject::save(Lnet/minecraft/world/level/chunk/ChunkAccess;Lorg/spongepowered/asm/mixin/injection/callback/CallbackInfoReturnable;)V doesn't use it's CallbackInfoReturnable
[17:14:28] [Server thread/DEBUG] (FabricLoader/Mixin) architectury.mixins.json:MixinChunkMap from mod architectury->@Inject::save(Lnet/minecraft/world/level/chunk/ChunkAccess;Lorg/spongepowered/asm/mixin/injection/callback/CallbackInfoReturnable;)V has 0 override(s) in child classes
[17:14:28] [Server thread/DEBUG] (FabricLoader/Mixin) architectury.mixins.json:MixinChunkMap from mod architectury->@Inject::save(Lnet/minecraft/world/level/chunk/ChunkAccess;Lorg/spongepowered/asm/mixin/injection/callback/CallbackInfoReturnable;)V won't be passed a CallbackInfoReturnable as a result
[17:14:28] [Server thread/DEBUG] (FabricLoader/Mixin) fabric-lifecycle-events-v1.mixins.json:ServerChunkLoadingManagerMixin from mod fabric-lifecycle-events-v1->@Inject::onChunkUnload(Lnet/minecraft/server/level/ChunkHolder;Ljava/util/concurrent/CompletableFuture;JLorg/spongepowered/asm/mixin/injection/callback/CallbackInfo;)V doesn't use it's CallbackInfo
[17:14:28] [Server thread/DEBUG] (FabricLoader/Mixin) fabric-lifecycle-events-v1.mixins.json:ServerChunkLoadingManagerMixin from mod fabric-lifecycle-events-v1->@Inject::onChunkUnload(Lnet/minecraft/server/level/ChunkHolder;Ljava/util/concurrent/CompletableFuture;JLorg/spongepowered/asm/mixin/injection/callback/CallbackInfo;)V has 0 override(s) in child classes
[17:14:28] [Server thread/DEBUG] (FabricLoader/Mixin) fabric-lifecycle-events-v1.mixins.json:ServerChunkLoadingManagerMixin from mod fabric-lifecycle-events-v1->@Inject::onChunkUnload(Lnet/minecraft/server/level/ChunkHolder;Ljava/util/concurrent/CompletableFuture;JLorg/spongepowered/asm/mixin/injection/callback/CallbackInfo;)V won't be passed a CallbackInfo as a result
[17:14:28] [Server thread/DEBUG] (FabricLoader/Mixin) Mixing ChunkHolderMixin from fabric-lifecycle-events-v1.mixins.json into net.minecraft.server.level.ChunkHolder
[17:14:28] [Server thread/DEBUG] (FabricLoader/Mixin) fabric-lifecycle-events-v1.mixins.json:ChunkHolderMixin from mod fabric-lifecycle-events-v1->@Inject::updateFutures$inaccessibleToFull(Lnet/minecraft/server/level/ChunkMap;Ljava/util/concurrent/Executor;Lorg/spongepowered/asm/mixin/injection/callback/CallbackInfo;)V doesn't use it's CallbackInfo
[17:14:28] [Server thread/DEBUG] (FabricLoader/Mixin) fabric-lifecycle-events-v1.mixins.json:ChunkHolderMixin from mod fabric-lifecycle-events-v1->@Inject::updateFutures$inaccessibleToFull(Lnet/minecraft/server/level/ChunkMap;Ljava/util/concurrent/Executor;Lorg/spongepowered/asm/mixin/injection/callback/CallbackInfo;)V has 0 override(s) in child classes
[17:14:28] [Server thread/DEBUG] (FabricLoader/Mixin) fabric-lifecycle-events-v1.mixins.json:ChunkHolderMixin from mod fabric-lifecycle-events-v1->@Inject::updateFutures$inaccessibleToFull(Lnet/minecraft/server/level/ChunkMap;Ljava/util/concurrent/Executor;Lorg/spongepowered/asm/mixin/injection/callback/CallbackInfo;)V won't be passed a CallbackInfo as a result
[17:14:28] [Server thread/DEBUG] (FabricLoader/Mixin) fabric-lifecycle-events-v1.mixins.json:ChunkHolderMixin from mod fabric-lifecycle-events-v1->@Inject::updateFutures$fullToBlockTicking(Lnet/minecraft/server/level/ChunkMap;Ljava/util/concurrent/Executor;Lorg/spongepowered/asm/mixin/injection/callback/CallbackInfo;)V doesn't use it's CallbackInfo
[17:14:28] [Server thread/DEBUG] (FabricLoader/Mixin) fabric-lifecycle-events-v1.mixins.json:ChunkHolderMixin from mod fabric-lifecycle-events-v1->@Inject::updateFutures$fullToBlockTicking(Lnet/minecraft/server/level/ChunkMap;Ljava/util/concurrent/Executor;Lorg/spongepowered/asm/mixin/injection/callback/CallbackInfo;)V has 0 override(s) in child classes
[17:14:28] [Server thread/DEBUG] (FabricLoader/Mixin) fabric-lifecycle-events-v1.mixins.json:ChunkHolderMixin from mod fabric-lifecycle-events-v1->@Inject::updateFutures$fullToBlockTicking(Lnet/minecraft/server/level/ChunkMap;Ljava/util/concurrent/Executor;Lorg/spongepowered/asm/mixin/injection/callback/CallbackInfo;)V won't be passed a CallbackInfo as a result
[17:14:28] [Server thread/DEBUG] (FabricLoader/Mixin) fabric-lifecycle-events-v1.mixins.json:ChunkHolderMixin from mod fabric-lifecycle-events-v1->@Inject::updateFutures$blockTickingToEntityTicking(Lnet/minecraft/server/level/ChunkMap;Ljava/util/concurrent/Executor;Lorg/spongepowered/asm/mixin/injection/callback/CallbackInfo;)V doesn't use it's CallbackInfo
[17:14:28] [Server thread/DEBUG] (FabricLoader/Mixin) fabric-lifecycle-events-v1.mixins.json:ChunkHolderMixin from mod fabric-lifecycle-events-v1->@Inject::updateFutures$blockTickingToEntityTicking(Lnet/minecraft/server/level/ChunkMap;Ljava/util/concurrent/Executor;Lorg/spongepowered/asm/mixin/injection/callback/CallbackInfo;)V has 0 override(s) in child classes
[17:14:28] [Server thread/DEBUG] (FabricLoader/Mixin) fabric-lifecycle-events-v1.mixins.json:ChunkHolderMixin from mod fabric-lifecycle-events-v1->@Inject::updateFutures$blockTickingToEntityTicking(Lnet/minecraft/server/level/ChunkMap;Ljava/util/concurrent/Executor;Lorg/spongepowered/asm/mixin/injection/callback/CallbackInfo;)V won't be passed a CallbackInfo as a result
[17:14:28] [Server thread/DEBUG] (FabricLoader/Mixin) fabric-lifecycle-events-v1.mixins.json:ChunkHolderMixin from mod fabric-lifecycle-events-v1->@Inject::decreaseLevel(Lnet/minecraft/server/level/ChunkMap;Lnet/minecraft/server/level/FullChunkStatus;Lorg/spongepowered/asm/mixin/injection/callback/CallbackInfo;)V doesn't use it's CallbackInfo
[17:14:28] [Server thread/DEBUG] (FabricLoader/Mixin) fabric-lifecycle-events-v1.mixins.json:ChunkHolderMixin from mod fabric-lifecycle-events-v1->@Inject::decreaseLevel(Lnet/minecraft/server/level/ChunkMap;Lnet/minecraft/server/level/FullChunkStatus;Lorg/spongepowered/asm/mixin/injection/callback/CallbackInfo;)V has 0 override(s) in child classes
[17:14:28] [Server thread/DEBUG] (FabricLoader/Mixin) fabric-lifecycle-events-v1.mixins.json:ChunkHolderMixin from mod fabric-lifecycle-events-v1->@Inject::decreaseLevel(Lnet/minecraft/server/level/ChunkMap;Lnet/minecraft/server/level/FullChunkStatus;Lorg/spongepowered/asm/mixin/injection/callback/CallbackInfo;)V won't be passed a CallbackInfo as a result
[17:14:28] [Server thread/DEBUG] (FabricLoader/Mixin) Mixing NoiseConfigMixin from fabric-biome-api-v1.mixins.json into net.minecraft.world.level.levelgen.RandomState
[17:14:28] [Server thread/DEBUG] (FabricLoader/Mixin) fabric-biome-api-v1.mixins.json:NoiseConfigMixin from mod fabric-biome-api-v1->@Inject::init(Lnet/minecraft/world/level/levelgen/NoiseGeneratorSettings;Lnet/minecraft/core/HolderGetter;JLorg/spongepowered/asm/mixin/injection/callback/CallbackInfo;)V doesn't use it's CallbackInfo
[17:14:28] [Server thread/DEBUG] (FabricLoader/Mixin) Mixing MultiNoiseUtilMultiNoiseSamplerMixin from fabric-biome-api-v1.mixins.json into net.minecraft.world.level.biome.Climate$Sampler
[17:14:29] [Server thread/DEBUG] (FabricLoader/Mixin) Mixing NbtReadViewMixin from fabric-serialization-api-v1.mixins.json into net.minecraft.world.level.storage.TagValueInput
[17:14:29] [Server thread/DEBUG] (FabricLoader/Mixin) Mixing ReadViewMixin from fabric-serialization-api-v1.mixins.json into net.minecraft.world.level.storage.ValueInput
[17:14:29] [Server thread/INFO] (net.minecraft.server.level.progress.LoggingLevelLoadListener) Loading 0 persistent chunks...
[17:14:29] [Server thread/INFO] (net.minecraft.server.level.progress.LoggingLevelLoadListener) Preparing spawn area: 16%
[17:14:29] [Server thread/WARN] (net.fabricmc.fabric.impl.tag.convention.v2.TranslationConventionLogWarnings) 
	Dev warning - Untranslated Item Tags detected. Please translate your item tags so other mods such as recipe viewers can properly display your tag's name.
	The format desired is tag.item.<namespace>.<path> for the translation key with slashes in path turned into periods.
	To disable this message, set this system property in your runs: `-Dfabric-tag-conventions-v2.missingTagTranslationWarning=SILENCED`.
	To see individual untranslated item tags found, set the system property to `-Dfabric-tag-conventions-v2.missingTagTranslationWarning=VERBOSE`.
	Default is `SHORT`.

[17:14:29] [Render thread/DEBUG] (io.netty.channel.MultithreadEventLoopGroup) -Dio.netty.eventLoopThreads: 20
[17:14:29] [Render thread/DEBUG] (io.netty.util.concurrent.GlobalEventExecutor) -Dio.netty.globalEventExecutor.quietPeriodSeconds: 1
[17:14:29] [Render thread/DEBUG] (io.netty.channel.nio.NioEventLoop) -Dio.netty.noKeySetOptimization: false
[17:14:29] [Render thread/DEBUG] (io.netty.channel.nio.NioEventLoop) -Dio.netty.selectorAutoRebuildThreshold: 512
[17:14:29] [Render thread/DEBUG] (io.netty.util.internal.PlatformDependent) org.jctools-core.MpscChunkedArrayQueue: available
[17:14:29] [Render thread/DEBUG] (io.netty.channel.DefaultChannelId) -Dio.netty.processId: 43107 (auto-detected)
[17:14:29] [Render thread/DEBUG] (io.netty.util.NetUtil) -Djava.net.preferIPv4Stack: false
[17:14:29] [Render thread/DEBUG] (io.netty.util.NetUtil) -Djava.net.preferIPv6Addresses: false
[17:14:29] [Render thread/DEBUG] (io.netty.util.NetUtilInitializations) Loopback interface: lo0 (lo0, 0:0:0:0:0:0:0:1%lo0)
[17:14:29] [Render thread/DEBUG] (io.netty.util.NetUtil) Failed to get SOMAXCONN from sysctl and file /proc/sys/net/core/somaxconn. Default: 128
[17:14:29] [Render thread/DEBUG] (io.netty.channel.DefaultChannelId) -Dio.netty.machineId: 4a:f5:33:ff:fe:c7:94:c5 (auto-detected)
[17:14:29] [Render thread/DEBUG] (io.netty.bootstrap.ChannelInitializerExtensions) -Dio.netty.bootstrap.extensions: null
[17:14:29] [Render thread/DEBUG] (FabricLoader/Mixin) Mixing accessor.DecoderHandlerAccessor from fabric-networking-api-v1.mixins.json into net.minecraft.network.PacketDecoder
[17:14:29] [Render thread/DEBUG] (FabricLoader/Mixin) Mixing EncoderHandlerMixin from fabric-networking-api-v1.mixins.json into net.minecraft.network.PacketEncoder
[17:14:29] [Render thread/DEBUG] (FabricLoader/Mixin) Mixing ingredient.EncoderHandlerMixin from fabric-recipe-api-v1.mixins.json into net.minecraft.network.PacketEncoder
[17:14:29] [Render thread/DEBUG] (FabricLoader/Mixin) Mixing accessor.EncoderHandlerAccessor from fabric-networking-api-v1.mixins.json into net.minecraft.network.PacketEncoder
[17:14:29] [Render thread/DEBUG] (FabricLoader/Mixin) fabric-networking-api-v1.mixins.json:EncoderHandlerMixin from mod fabric-networking-api-v1->@Inject::handlePassthroughPacket(Lio/netty/channel/ChannelHandlerContext;Lnet/minecraft/network/protocol/Packet;Lio/netty/buffer/ByteBuf;Lorg/spongepowered/asm/mixin/injection/callback/CallbackInfo;)V does use it's CallbackInfo
[17:14:29] [Render thread/DEBUG] (FabricLoader/Mixin) fabric-recipe-api-v1.mixins.json:ingredient.EncoderHandlerMixin from mod fabric-recipe-api-v1->@Inject::capturePacketEncoder(Lio/netty/channel/ChannelHandlerContext;Lnet/minecraft/network/protocol/Packet;Lio/netty/buffer/ByteBuf;Lorg/spongepowered/asm/mixin/injection/callback/CallbackInfo;)V doesn't use it's CallbackInfo
[17:14:29] [Render thread/DEBUG] (FabricLoader/Mixin) fabric-recipe-api-v1.mixins.json:ingredient.EncoderHandlerMixin from mod fabric-recipe-api-v1->@Inject::capturePacketEncoder(Lio/netty/channel/ChannelHandlerContext;Lnet/minecraft/network/protocol/Packet;Lio/netty/buffer/ByteBuf;Lorg/spongepowered/asm/mixin/injection/callback/CallbackInfo;)V has 0 override(s) in child classes
[17:14:29] [Render thread/DEBUG] (FabricLoader/Mixin) fabric-recipe-api-v1.mixins.json:ingredient.EncoderHandlerMixin from mod fabric-recipe-api-v1->@Inject::capturePacketEncoder(Lio/netty/channel/ChannelHandlerContext;Lnet/minecraft/network/protocol/Packet;Lio/netty/buffer/ByteBuf;Lorg/spongepowered/asm/mixin/injection/callback/CallbackInfo;)V won't be passed a CallbackInfo as a result
[17:14:29] [Render thread/DEBUG] (FabricLoader/Mixin) fabric-recipe-api-v1.mixins.json:ingredient.EncoderHandlerMixin from mod fabric-recipe-api-v1->@Inject::releasePacketEncoder(Lio/netty/channel/ChannelHandlerContext;Lnet/minecraft/network/protocol/Packet;Lio/netty/buffer/ByteBuf;Lorg/spongepowered/asm/mixin/injection/callback/CallbackInfo;)V doesn't use it's CallbackInfo
[17:14:29] [Render thread/DEBUG] (FabricLoader/Mixin) fabric-recipe-api-v1.mixins.json:ingredient.EncoderHandlerMixin from mod fabric-recipe-api-v1->@Inject::releasePacketEncoder(Lio/netty/channel/ChannelHandlerContext;Lnet/minecraft/network/protocol/Packet;Lio/netty/buffer/ByteBuf;Lorg/spongepowered/asm/mixin/injection/callback/CallbackInfo;)V has 0 override(s) in child classes
[17:14:29] [Render thread/DEBUG] (FabricLoader/Mixin) fabric-recipe-api-v1.mixins.json:ingredient.EncoderHandlerMixin from mod fabric-recipe-api-v1->@Inject::releasePacketEncoder(Lio/netty/channel/ChannelHandlerContext;Lnet/minecraft/network/protocol/Packet;Lio/netty/buffer/ByteBuf;Lorg/spongepowered/asm/mixin/injection/callback/CallbackInfo;)V won't be passed a CallbackInfo as a result
[17:14:29] [Render thread/DEBUG] (FabricLoader/Mixin) fabric-recipe-api-v1.mixins.json:ingredient.EncoderHandlerMixin from mod fabric-recipe-api-v1->@Inject::releasePacketEncoder(Lio/netty/channel/ChannelHandlerContext;Lnet/minecraft/network/protocol/Packet;Lio/netty/buffer/ByteBuf;Lorg/spongepowered/asm/mixin/injection/callback/CallbackInfo;)V doesn't use it's CallbackInfo
[17:14:29] [Render thread/DEBUG] (FabricLoader/Mixin) fabric-recipe-api-v1.mixins.json:ingredient.EncoderHandlerMixin from mod fabric-recipe-api-v1->@Inject::releasePacketEncoder(Lio/netty/channel/ChannelHandlerContext;Lnet/minecraft/network/protocol/Packet;Lio/netty/buffer/ByteBuf;Lorg/spongepowered/asm/mixin/injection/callback/CallbackInfo;)V has 0 override(s) in child classes
[17:14:29] [Render thread/DEBUG] (FabricLoader/Mixin) fabric-recipe-api-v1.mixins.json:ingredient.EncoderHandlerMixin from mod fabric-recipe-api-v1->@Inject::releasePacketEncoder(Lio/netty/channel/ChannelHandlerContext;Lnet/minecraft/network/protocol/Packet;Lio/netty/buffer/ByteBuf;Lorg/spongepowered/asm/mixin/injection/callback/CallbackInfo;)V won't be passed a CallbackInfo as a result
[17:14:29] [Render thread/DEBUG] (FabricLoader/Mixin) Mixing PacketCodecDispatcherMixin from fabric-networking-api-v1.mixins.json into net.minecraft.network.codec.IdDispatchCodec
[17:14:29] [Render thread/DEBUG] (FabricLoader/Mixin) fabric-networking-api-v1.mixins.json:PacketCodecDispatcherMixin from mod fabric-networking-api-v1->@Inject::encode(Lio/netty/buffer/ByteBuf;Ljava/lang/Object;Lorg/spongepowered/asm/mixin/injection/callback/CallbackInfo;)V doesn't use it's CallbackInfo
[17:14:29] [Render thread/DEBUG] (FabricLoader/Mixin) fabric-networking-api-v1.mixins.json:PacketCodecDispatcherMixin from mod fabric-networking-api-v1->@Inject::encode(Lio/netty/buffer/ByteBuf;Ljava/lang/Object;Lorg/spongepowered/asm/mixin/injection/callback/CallbackInfo;)V has 0 override(s) in child classes
[17:14:29] [Render thread/DEBUG] (FabricLoader/Mixin) fabric-networking-api-v1.mixins.json:PacketCodecDispatcherMixin from mod fabric-networking-api-v1->@Inject::encode(Lio/netty/buffer/ByteBuf;Ljava/lang/Object;Lorg/spongepowered/asm/mixin/injection/callback/CallbackInfo;)V won't be passed a CallbackInfo as a result
[17:14:29] [Render thread/DEBUG] (FabricLoader/Mixin) Mixing LoginQueryResponseC2SPacketMixin from fabric-networking-api-v1.mixins.json into net.minecraft.network.protocol.login.ServerboundCustomQueryAnswerPacket
[17:14:29] [Render thread/DEBUG] (FabricLoader/Mixin) fabric-networking-api-v1.mixins.json:LoginQueryResponseC2SPacketMixin from mod fabric-networking-api-v1->@Inject::readResponse(ILnet/minecraft/network/FriendlyByteBuf;Lorg/spongepowered/asm/mixin/injection/callback/CallbackInfoReturnable;)V does use it's CallbackInfoReturnable
[17:14:29] [Render thread/DEBUG] (FabricLoader/Mixin) Mixing LoginQueryRequestS2CPacketMixin from fabric-networking-api-v1.mixins.json into net.minecraft.network.protocol.login.ClientboundCustomQueryPacket
[17:14:29] [Render thread/DEBUG] (FabricLoader/Mixin) fabric-networking-api-v1.mixins.json:LoginQueryRequestS2CPacketMixin from mod fabric-networking-api-v1->@Inject::readPayload(Lnet/minecraft/resources/ResourceLocation;Lnet/minecraft/network/FriendlyByteBuf;Lorg/spongepowered/asm/mixin/injection/callback/CallbackInfoReturnable;)V does use it's CallbackInfoReturnable
[17:14:29] [Render thread/DEBUG] (io.netty.util.Recycler) -Dio.netty.recycler.maxCapacityPerThread: 4096
[17:14:29] [Render thread/DEBUG] (io.netty.util.Recycler) -Dio.netty.recycler.ratio: 8
[17:14:29] [Render thread/DEBUG] (io.netty.util.Recycler) -Dio.netty.recycler.chunkSize: 32
[17:14:29] [Render thread/DEBUG] (io.netty.util.Recycler) -Dio.netty.recycler.blocking: false
[17:14:29] [Render thread/DEBUG] (io.netty.util.Recycler) -Dio.netty.recycler.batchFastThreadLocalOnly: true
[17:14:29] [Netty Local Client IO #0/DEBUG] (io.netty.buffer.AbstractByteBuf) -Dio.netty.buffer.checkAccessible: true
[17:14:29] [Netty Local Client IO #0/DEBUG] (io.netty.buffer.AbstractByteBuf) -Dio.netty.buffer.checkBounds: true
[17:14:29] [Netty Local Client IO #0/DEBUG] (io.netty.util.ResourceLeakDetectorFactory) Loaded default ResourceLeakDetector: io.netty.util.ResourceLeakDetector@1326160b
[17:14:29] [Netty Server IO #1/DEBUG] (FabricLoader/Mixin) Mixing ServerLoginNetworkHandlerMixin from fabric-networking-api-v1.mixins.json into net.minecraft.server.network.ServerLoginPacketListenerImpl
[17:14:29] [Netty Server IO #1/DEBUG] (FabricLoader/Mixin) Mixing accessor.ServerLoginNetworkHandlerAccessor from fabric-networking-api-v1.mixins.json into net.minecraft.server.network.ServerLoginPacketListenerImpl
[17:14:29] [Netty Server IO #1/DEBUG] (FabricLoader/Mixin) fabric-networking-api-v1.mixins.json:ServerLoginNetworkHandlerMixin from mod fabric-networking-api-v1->@Inject::initAddon(Lorg/spongepowered/asm/mixin/injection/callback/CallbackInfo;)V doesn't use it's CallbackInfo
[17:14:29] [Netty Server IO #1/DEBUG] (FabricLoader/Mixin) fabric-networking-api-v1.mixins.json:ServerLoginNetworkHandlerMixin from mod fabric-networking-api-v1->@Inject::initAddon(Lorg/spongepowered/asm/mixin/injection/callback/CallbackInfo;)V has 0 override(s) in child classes
[17:14:29] [Netty Server IO #1/DEBUG] (FabricLoader/Mixin) fabric-networking-api-v1.mixins.json:ServerLoginNetworkHandlerMixin from mod fabric-networking-api-v1->@Inject::initAddon(Lorg/spongepowered/asm/mixin/injection/callback/CallbackInfo;)V won't be passed a CallbackInfo as a result
[17:14:29] [Netty Server IO #1/DEBUG] (FabricLoader/Mixin) fabric-networking-api-v1.mixins.json:ServerLoginNetworkHandlerMixin from mod fabric-networking-api-v1->@Inject::handleCustomPayloadReceivedAsync(Lnet/minecraft/network/protocol/login/ServerboundCustomQueryAnswerPacket;Lorg/spongepowered/asm/mixin/injection/callback/CallbackInfo;)V does use it's CallbackInfo
[17:14:29] [Netty Local Client IO #0/DEBUG] (FabricLoader/Mixin) Mixing SelectKnownPacksC2SPacketMixin from fabric-resource-loader-v0.mixins.json into net.minecraft.network.protocol.configuration.ServerboundSelectKnownPacks
[17:14:29] [Netty Local Client IO #0/DEBUG] (FabricLoader/Mixin) Mixing CustomPayloadS2CPacketMixin from fabric-networking-api-v1.mixins.json into net.minecraft.network.protocol.common.ClientboundCustomPayloadPacket
[17:14:29] [Netty Local Client IO #0/DEBUG] (FabricLoader/Mixin) Renaming synthetic method lambda$wrapConfigCodec$1(Lnet/minecraft/network/FriendlyByteBuf;Lnet/minecraft/resources/ResourceLocation;)Lnet/minecraft/network/protocol/common/custom/CustomPacketPayload$TypeAndCodec; to md7d776e$fabric-networking-api-v1$lambda$wrapConfigCodec$1$0 in fabric-networking-api-v1.mixins.json:CustomPayloadS2CPacketMixin from mod fabric-networking-api-v1
[17:14:29] [Netty Local Client IO #0/DEBUG] (FabricLoader/Mixin) Renaming synthetic method lambda$wrapPlayCodec$0(Lnet/minecraft/network/RegistryFriendlyByteBuf;Lnet/minecraft/resources/ResourceLocation;)Lnet/minecraft/network/protocol/common/custom/CustomPacketPayload$TypeAndCodec; to md7d776e$fabric-networking-api-v1$lambda$wrapPlayCodec$0$1 in fabric-networking-api-v1.mixins.json:CustomPayloadS2CPacketMixin from mod fabric-networking-api-v1
[17:14:29] [Netty Local Client IO #0/DEBUG] (FabricLoader/Mixin) Mixing SerializableRegistriesMixin from fabric-registry-sync-v0.mixins.json into net.minecraft.core.RegistrySynchronization
[17:14:29] [Netty Local Client IO #0/DEBUG] (FabricLoader/Mixin) fabric-registry-sync-v0.mixins.json:SerializableRegistriesMixin from mod fabric-registry-sync-v0->@Inject::filterNonSyncedEntries(Lnet/minecraft/core/RegistryAccess$RegistryEntry;Lorg/spongepowered/asm/mixin/injection/callback/CallbackInfoReturnable;)V does use it's CallbackInfoReturnable
[17:14:29] [Netty Local Client IO #0/DEBUG] (FabricLoader/Mixin) fabric-registry-sync-v0.mixins.json:SerializableRegistriesMixin from mod fabric-registry-sync-v0->@Inject::filterNonSyncedEntriesAgain(Ljava/util/Set;Lnet/minecraft/resources/RegistryDataLoader$RegistryData;Lcom/mojang/serialization/DynamicOps;Ljava/util/function/BiConsumer;Lnet/minecraft/core/Registry;Lorg/spongepowered/asm/mixin/injection/callback/CallbackInfo;)V does use it's CallbackInfo
[17:14:29] [Netty Local Client IO #0/DEBUG] (FabricLoader/Mixin) Mixing ClientRegistriesMixin from fabric-registry-sync-v0.client.mixins.json into net.minecraft.client.multiplayer.RegistryDataCollector
[17:14:29] [Netty Local Client IO #0/DEBUG] (FabricLoader/Mixin) Renaming synthetic method lambda$skipEmptyRegistries$0(Ljava/util/Map;Lnet/minecraft/resources/RegistryDataLoader$RegistryData;)Z to md7d776e$fabric-registry-sync-v0$lambda$skipEmptyRegistries$0$0 in fabric-registry-sync-v0.client.mixins.json:ClientRegistriesMixin from mod fabric-registry-sync-v0
[17:14:29] [Netty Local Client IO #0/DEBUG] (FabricLoader/Mixin) Mixing BundlePacketMixin from fabric-networking-api-v1.mixins.json into net.minecraft.network.protocol.BundlePacket
[17:14:29] [Netty Local Client IO #0/DEBUG] (ClientPlayNetworkAddon for Player326) Handling inbound packet from channel with name "minecraft:register"
[17:14:29] [Netty Server IO #1/DEBUG] (ServerConfigurationNetworkAddon for Player326) Handling inbound packet from channel with name "minecraft:register"
[17:14:29] [Netty Local Client IO #0/DEBUG] (ClientPlayNetworkAddon for Player326) Handling inbound packet from channel with name "minecraft:brand"
[17:14:29] [Netty Server IO #1/DEBUG] (FabricLoader/Mixin) Mixing SynchronizeRegistriesTaskMixin from fabric-resource-loader-v0.mixins.json into net.minecraft.server.network.config.SynchronizeRegistriesTask
[17:14:29] [Netty Server IO #1/DEBUG] (FabricLoader/Mixin) fabric-resource-loader-v0.mixins.json:SynchronizeRegistriesTaskMixin from mod fabric-resource-loader-v0->@Inject::onSelectKnownPacks(Ljava/util/List;Ljava/util/function/Consumer;Lorg/spongepowered/asm/mixin/injection/callback/CallbackInfo;)V does use it's CallbackInfo
[17:14:29] [Netty Server IO #1/DEBUG] (FabricLoader/Mixin) fabric-resource-loader-v0.mixins.json:SynchronizeRegistriesTaskMixin from mod fabric-resource-loader-v0->@Inject::syncRegistryAndTags(Ljava/util/function/Consumer;Ljava/util/Set;Lorg/spongepowered/asm/mixin/injection/callback/CallbackInfo;)V doesn't use it's CallbackInfo
[17:14:29] [Netty Server IO #1/DEBUG] (FabricLoader/Mixin) fabric-resource-loader-v0.mixins.json:SynchronizeRegistriesTaskMixin from mod fabric-resource-loader-v0->@Inject::syncRegistryAndTags(Ljava/util/function/Consumer;Ljava/util/Set;Lorg/spongepowered/asm/mixin/injection/callback/CallbackInfo;)V has 0 override(s) in child classes
[17:14:29] [Netty Server IO #1/DEBUG] (FabricLoader/Mixin) fabric-resource-loader-v0.mixins.json:SynchronizeRegistriesTaskMixin from mod fabric-resource-loader-v0->@Inject::syncRegistryAndTags(Ljava/util/function/Consumer;Ljava/util/Set;Lorg/spongepowered/asm/mixin/injection/callback/CallbackInfo;)V won't be passed a CallbackInfo as a result
[17:14:29] [Netty Server IO #1/DEBUG] (FabricLoader/Mixin) fabric-resource-loader-v0.mixins.json:SynchronizeRegistriesTaskMixin from mod fabric-resource-loader-v0->@Inject::sendPacket(Ljava/util/function/Consumer;Lorg/spongepowered/asm/mixin/injection/callback/CallbackInfo;)V does use it's CallbackInfo
[17:14:29] [Netty Local Client IO #0/DEBUG] (ClientPlayNetworkAddon for Player326) Handling inbound packet from channel with name "fabric:custom_ingredient_sync"
[17:14:29] [Render thread/DEBUG] (ClientPlayNetworkAddon for Player326) Handling inbound packet from channel with name "minecraft:brand"
[17:14:29] [Netty Server IO #1/DEBUG] (ServerConfigurationNetworkAddon for Player326) Handling inbound packet from channel with name "fabric:custom_ingredient_sync"
[17:14:29] [Netty Local Client IO #0/DEBUG] (ClientPlayNetworkAddon for Player326) Handling inbound packet from channel with name "c:version"
[17:14:29] [Netty Local Client IO #0/DEBUG] (ClientPlayNetworkAddon for Player326) Negotiated common packet version 1
[17:14:29] [Netty Server IO #1/DEBUG] (ServerConfigurationNetworkAddon for Player326) Handling inbound packet from channel with name "c:version"
[17:14:29] [Netty Server IO #1/DEBUG] (ServerConfigurationNetworkAddon for Player326) Negotiated common packet version 1
[17:14:29] [Netty Local Client IO #0/DEBUG] (ClientPlayNetworkAddon for Player326) Handling inbound packet from channel with name "c:register"
[17:14:29] [Netty Local Client IO #0/DEBUG] (fabric-networking-api-v1) Received accepted channels from the server
[17:14:29] [Netty Server IO #1/DEBUG] (ServerConfigurationNetworkAddon for Player326) Handling inbound packet from channel with name "c:register"
[17:14:29] [Netty Server IO #1/DEBUG] (fabric-networking-api-v1) Received accepted channels from the client for play phase
[17:14:29] [Netty Local Client IO #0/DEBUG] (ClientPlayNetworkAddon for Player326) Handling inbound packet from channel with name "fabric:accepted_attachments_v1"
[17:14:29] [Netty Server IO #1/DEBUG] (ServerConfigurationNetworkAddon for Player326) Handling inbound packet from channel with name "fabric:accepted_attachments_v1"
[17:14:29] [Render thread/DEBUG] (FabricLoader/Mixin) Mixing ClientDataPackManagerMixin from fabric-resource-loader-v0.client.mixins.json into net.minecraft.client.multiplayer.KnownPacksManager
[17:14:29] [Render thread/DEBUG] (net.fabricmc.fabric.impl.resource.loader.ModResourcePackUtil) [Fabric] Starting internal pack sorting with: []
[17:14:29] [Render thread/DEBUG] (net.fabricmc.fabric.impl.resource.loader.ModResourcePackUtil) [Fabric] Removed all internal packs, result: []
[17:14:29] [Render thread/DEBUG] (net.fabricmc.fabric.impl.resource.loader.ModResourcePackUtil) [Fabric] Final sorting result: []
[17:14:29] [Render thread/DEBUG] (net.fabricmc.fabric.impl.resource.loader.ModResourcePackUtil) [Fabric] Starting internal pack sorting with: [vanilla, fabric-convention-tags-v2, fabric-gametest-api-v1, generated_5ad6e91]
[17:14:29] [Render thread/DEBUG] (net.fabricmc.fabric.impl.resource.loader.ModResourcePackUtil) [Fabric] Removed all internal packs, result: [vanilla, fabric-convention-tags-v2, fabric-gametest-api-v1, generated_5ad6e91]
[17:14:29] [Render thread/DEBUG] (net.fabricmc.fabric.impl.resource.loader.ModResourcePackUtil) [Fabric] Final sorting result: [vanilla, fabric-convention-tags-v2, fabric-gametest-api-v1, generated_5ad6e91]
[17:14:29] [Server thread/DEBUG] (SynchronizeRegistriesTaskMixin) Synchronizing registries with common known packs: [fabric:generated_5ad6e91:1.0.0, fabric:fabric-gametest-api-v1:3.1.21+33df5e6e6f, fabric:fabric-convention-tags-v2:2.17.0+ff7bc77d6f, minecraft:core:1.21.10]
[17:14:29] [Render thread/DEBUG] (FabricLoader/Mixin) Mixing ClientRegistriesDynamicRegistriesAccessor from fabric-registry-sync-v0.client.mixins.json into net.minecraft.client.multiplayer.RegistryDataCollector$ContentsCollector
[17:14:29] [Server thread/INFO] (net.minecraft.server.level.progress.LoggingLevelLoadListener) Loading 49 chunks for player spawn...
[17:14:29] [Server thread/INFO] (net.minecraft.server.level.progress.LoggingLevelLoadListener) Preparing spawn area: 16%
[17:14:30] [Server thread/INFO] (net.minecraft.server.level.progress.LoggingLevelLoadListener) Preparing spawn area: 16%
[17:14:30] [Worker-Main-5/DEBUG] (FabricLoader/Mixin) Mixing MixinSerializableChunkData from architectury.mixins.json into net.minecraft.world.level.chunk.storage.SerializableChunkData
[17:14:30] [Worker-Main-5/DEBUG] (FabricLoader/Mixin) architectury.mixins.json:MixinSerializableChunkData from mod architectury: Class version 65 required is higher than the class version supported by the current version of Mixin (JAVA_16 supports class version 60)
[17:14:30] [Worker-Main-5/DEBUG] (FabricLoader/Mixin) Mixing SerializedChunkMixin from fabric-registry-sync-v0.mixins.json into net.minecraft.world.level.chunk.storage.SerializableChunkData
[17:14:30] [Worker-Main-5/DEBUG] (FabricLoader/Mixin) Mixing SerializedChunkMixin from fabric-data-attachment-api-v1.mixins.json into net.minecraft.world.level.chunk.storage.SerializableChunkData
[17:14:30] [Worker-Main-5/DEBUG] (FabricLoader/Mixin) Renaming @Unique field LOGGERLorg/slf4j/Logger; to fd7d776e$fabric-data-attachment-api-v1$LOGGER$0 in fabric-data-attachment-api-v1.mixins.json:SerializedChunkMixin from mod fabric-data-attachment-api-v1
[17:14:30] [Worker-Main-5/DEBUG] (FabricLoader/Mixin) architectury.mixins.json:MixinSerializableChunkData from mod architectury->@Inject::load(Lnet/minecraft/server/level/ServerLevel;Lnet/minecraft/world/entity/ai/village/poi/PoiManager;Lnet/minecraft/world/level/chunk/storage/RegionStorageInfo;Lnet/minecraft/world/level/ChunkPos;Lorg/spongepowered/asm/mixin/injection/callback/CallbackInfoReturnable;)V doesn't use it's CallbackInfoReturnable
[17:14:30] [Worker-Main-5/DEBUG] (FabricLoader/Mixin) architectury.mixins.json:MixinSerializableChunkData from mod architectury->@Inject::load(Lnet/minecraft/server/level/ServerLevel;Lnet/minecraft/world/entity/ai/village/poi/PoiManager;Lnet/minecraft/world/level/chunk/storage/RegionStorageInfo;Lnet/minecraft/world/level/ChunkPos;Lorg/spongepowered/asm/mixin/injection/callback/CallbackInfoReturnable;)V doesn't use it's CallbackInfoReturnable
[17:14:30] [Worker-Main-5/DEBUG] (FabricLoader/Mixin) fabric-data-attachment-api-v1.mixins.json:SerializedChunkMixin from mod fabric-data-attachment-api-v1->@Inject::storeAttachmentNbtData(Lnet/minecraft/world/level/LevelHeightAccessor;Lnet/minecraft/world/level/chunk/PalettedContainerFactory;Lnet/minecraft/nbt/CompoundTag;Lorg/spongepowered/asm/mixin/injection/callback/CallbackInfoReturnable;)V does use it's CallbackInfoReturnable
[17:14:30] [Worker-Main-5/DEBUG] (FabricLoader/Mixin) fabric-data-attachment-api-v1.mixins.json:SerializedChunkMixin from mod fabric-data-attachment-api-v1->@Inject::storeAttachmentNbtData(Lnet/minecraft/world/level/LevelHeightAccessor;Lnet/minecraft/world/level/chunk/PalettedContainerFactory;Lnet/minecraft/nbt/CompoundTag;Lorg/spongepowered/asm/mixin/injection/callback/CallbackInfoReturnable;)V does use it's CallbackInfoReturnable
[17:14:30] [Worker-Main-5/DEBUG] (FabricLoader/Mixin) fabric-data-attachment-api-v1.mixins.json:SerializedChunkMixin from mod fabric-data-attachment-api-v1->@Inject::setAttachmentDataInChunk(Lnet/minecraft/server/level/ServerLevel;Lnet/minecraft/world/entity/ai/village/poi/PoiManager;Lnet/minecraft/world/level/chunk/storage/RegionStorageInfo;Lnet/minecraft/world/level/ChunkPos;Lorg/spongepowered/asm/mixin/injection/callback/CallbackInfoReturnable;)V does use it's CallbackInfoReturnable
[17:14:30] [Worker-Main-5/DEBUG] (FabricLoader/Mixin) fabric-data-attachment-api-v1.mixins.json:SerializedChunkMixin from mod fabric-data-attachment-api-v1->@Inject::setAttachmentDataInChunk(Lnet/minecraft/server/level/ServerLevel;Lnet/minecraft/world/entity/ai/village/poi/PoiManager;Lnet/minecraft/world/level/chunk/storage/RegionStorageInfo;Lnet/minecraft/world/level/ChunkPos;Lorg/spongepowered/asm/mixin/injection/callback/CallbackInfoReturnable;)V does use it's CallbackInfoReturnable
[17:14:30] [Worker-Main-5/DEBUG] (FabricLoader/Mixin) fabric-data-attachment-api-v1.mixins.json:SerializedChunkMixin from mod fabric-data-attachment-api-v1->@Inject::storeAttachmentNbtData(Lnet/minecraft/server/level/ServerLevel;Lnet/minecraft/world/level/chunk/ChunkAccess;Lorg/spongepowered/asm/mixin/injection/callback/CallbackInfoReturnable;)V does use it's CallbackInfoReturnable
[17:14:30] [Worker-Main-5/DEBUG] (FabricLoader/Mixin) fabric-data-attachment-api-v1.mixins.json:SerializedChunkMixin from mod fabric-data-attachment-api-v1->@Inject::writeChunkAttachments(Lorg/spongepowered/asm/mixin/injection/callback/CallbackInfoReturnable;)V does use it's CallbackInfoReturnable
[17:14:30] [Worker-Main-5/DEBUG] (FabricLoader/Mixin) Mixing WrapperProtoChunkMixin from fabric-data-attachment-api-v1.mixins.json into net.minecraft.world.level.chunk.ImposterProtoChunk
[17:14:30] [Worker-Main-2/DEBUG] (FabricLoader/Mixin) Mixing ChunkSectionMixin from fabric-block-api-v1.mixins.json into net.minecraft.world.level.chunk.LevelChunkSection
[17:14:30] [Worker-Main-2/DEBUG] (FabricLoader/Mixin) Mixing ChunkSectionBlockStateCounterMixin from fabric-block-api-v1.mixins.json into net.minecraft.world.level.chunk.LevelChunkSection$1BlockCounter
[17:14:30] [Server thread/DEBUG] (FabricLoader/Mixin) Mixing LandPathNodeMakerMixin from fabric-content-registries-v0.mixins.json into net.minecraft.world.level.pathfinder.WalkNodeEvaluator
[17:14:30] [Server thread/DEBUG] (FabricLoader/Mixin) fabric-content-registries-v0.mixins.json:LandPathNodeMakerMixin from mod fabric-content-registries-v0->@Inject::getCommonNodeType(Lnet/minecraft/world/level/BlockGetter;Lnet/minecraft/core/BlockPos;Lorg/spongepowered/asm/mixin/injection/callback/CallbackInfoReturnable;)V does use it's CallbackInfoReturnable
[17:14:30] [Server thread/INFO] (net.minecraft.server.level.progress.LoggingLevelLoadListener) Preparing spawn area: 100%
[17:14:30] [Server thread/INFO] (net.minecraft.server.level.progress.LoggingLevelLoadListener) Time elapsed: 1526 ms
[17:14:30] [Render thread/DEBUG] (FabricLoader/Mixin) Mixing client.ClientPlayerAttackInvoker from architectury.mixins.json into net.minecraft.client.player.RemotePlayer
[17:14:30] [Render thread/DEBUG] (FabricLoader/Mixin) architectury.mixins.json:client.ClientPlayerAttackInvoker from mod architectury: Class version 65 required is higher than the class version supported by the current version of Mixin (JAVA_16 supports class version 60)
[17:14:30] [Render thread/DEBUG] (FabricLoader/Mixin) architectury.mixins.json:client.ClientPlayerAttackInvoker from mod architectury->@Inject::hurt(Lnet/minecraft/world/damagesource/DamageSource;Lorg/spongepowered/asm/mixin/injection/callback/CallbackInfoReturnable;)V does use it's CallbackInfoReturnable
[17:14:30] [Render thread/DEBUG] (FabricLoader/Mixin) Mixing sync.ClientRecipeManagerMixin from fabric-recipe-api-v1.client.mixins.json into net.minecraft.client.multiplayer.ClientRecipeContainer
[17:14:30] [Render thread/DEBUG] (FabricLoader/Mixin) Mixing ClientCommandSourceMixin from fabric-command-api-v2.client.mixins.json into net.minecraft.client.multiplayer.ClientSuggestionProvider
[17:14:30] [Render thread/DEBUG] (FabricLoader/Mixin) Mixing client.MixinFabricClientCommandSource from architectury.mixins.json into net.fabricmc.fabric.api.client.command.v2.FabricClientCommandSource
[17:14:30] [Render thread/DEBUG] (FabricLoader/Mixin) architectury.mixins.json:client.MixinFabricClientCommandSource from mod architectury: Class version 65 required is higher than the class version supported by the current version of Mixin (JAVA_16 supports class version 60)
[17:14:30] [Server thread/DEBUG] (FabricLoader/Mixin) Mixing accessor.EntityTrackerAccessor from fabric-networking-api-v1.mixins.json into net.minecraft.server.level.ChunkMap$TrackedEntity
[17:14:30] [Server thread/DEBUG] (FabricLoader/Mixin) Mixing MixinPlayerAdvancements from architectury.mixins.json into net.minecraft.server.PlayerAdvancements
[17:14:30] [Server thread/DEBUG] (FabricLoader/Mixin) architectury.mixins.json:MixinPlayerAdvancements from mod architectury: Class version 65 required is higher than the class version supported by the current version of Mixin (JAVA_16 supports class version 60)
[17:14:30] [Server thread/DEBUG] (FabricLoader/Mixin) Mixing PlayerAdvancementTrackerMixin from fabric-events-interaction-v0.mixins.json into net.minecraft.server.PlayerAdvancements
[17:14:30] [Server thread/DEBUG] (FabricLoader/Mixin) architectury.mixins.json:MixinPlayerAdvancements from mod architectury->@Inject::award(Lnet/minecraft/advancements/AdvancementHolder;Ljava/lang/String;Lorg/spongepowered/asm/mixin/injection/callback/CallbackInfoReturnable;)V doesn't use it's CallbackInfoReturnable
[17:14:30] [Server thread/DEBUG] (FabricLoader/Mixin) architectury.mixins.json:MixinPlayerAdvancements from mod architectury->@Inject::award(Lnet/minecraft/advancements/AdvancementHolder;Ljava/lang/String;Lorg/spongepowered/asm/mixin/injection/callback/CallbackInfoReturnable;)V has 0 override(s) in child classes
[17:14:30] [Server thread/DEBUG] (FabricLoader/Mixin) architectury.mixins.json:MixinPlayerAdvancements from mod architectury->@Inject::award(Lnet/minecraft/advancements/AdvancementHolder;Ljava/lang/String;Lorg/spongepowered/asm/mixin/injection/callback/CallbackInfoReturnable;)V won't be passed a CallbackInfoReturnable as a result
[17:14:30] [Server thread/DEBUG] (FabricLoader/Mixin) fabric-events-interaction-v0.mixins.json:PlayerAdvancementTrackerMixin from mod fabric-events-interaction-v0->@Inject::preventOwnerOverride(Lnet/minecraft/server/level/ServerPlayer;Lorg/spongepowered/asm/mixin/injection/callback/CallbackInfo;)V does use it's CallbackInfo
[17:14:30] [Server thread/DEBUG] (FabricLoader/Mixin) fabric-events-interaction-v0.mixins.json:PlayerAdvancementTrackerMixin from mod fabric-events-interaction-v0->@Inject::preventGrantCriterion(Lnet/minecraft/advancements/AdvancementHolder;Ljava/lang/String;Lorg/spongepowered/asm/mixin/injection/callback/CallbackInfoReturnable;)V does use it's CallbackInfoReturnable
[17:14:30] [Server thread/INFO] (net.minecraft.server.players.PlayerList) Player326[local:E:4a2d490d] logged in with entity id 101 at (-157.94809836844473, 94.0, 1085.9003818067374)
[17:14:30] [Server thread/DEBUG] (FabricLoader/Mixin) Mixing ServerPlayNetworkHandlerMixin from fabric-networking-api-v1.mixins.json into net.minecraft.server.network.ServerGamePacketListenerImpl
[17:14:30] [Server thread/DEBUG] (FabricLoader/Mixin) Mixing ServerPlayNetworkHandlerMixin from fabric-events-interaction-v0.mixins.json into net.minecraft.server.network.ServerGamePacketListenerImpl
[17:14:30] [Server thread/DEBUG] (FabricLoader/Mixin) fabric-networking-api-v1.mixins.json:ServerPlayNetworkHandlerMixin from mod fabric-networking-api-v1->@Inject::initAddon(Lorg/spongepowered/asm/mixin/injection/callback/CallbackInfo;)V doesn't use it's CallbackInfo
[17:14:30] [Server thread/DEBUG] (FabricLoader/Mixin) fabric-networking-api-v1.mixins.json:ServerPlayNetworkHandlerMixin from mod fabric-networking-api-v1->@Inject::initAddon(Lorg/spongepowered/asm/mixin/injection/callback/CallbackInfo;)V has 0 override(s) in child classes
[17:14:30] [Server thread/DEBUG] (FabricLoader/Mixin) fabric-networking-api-v1.mixins.json:ServerPlayNetworkHandlerMixin from mod fabric-networking-api-v1->@Inject::initAddon(Lorg/spongepowered/asm/mixin/injection/callback/CallbackInfo;)V won't be passed a CallbackInfo as a result
[17:14:30] [Server thread/DEBUG] (FabricLoader/Mixin) fabric-networking-api-v1.mixins.json:ServerPlayNetworkHandlerMixin from mod fabric-networking-api-v1->@Inject::handleCustomPayloadReceivedAsync(Lnet/minecraft/network/protocol/common/ServerboundCustomPayloadPacket;Lorg/spongepowered/asm/mixin/injection/callback/CallbackInfo;)V does use it's CallbackInfo
[17:14:30] [Server thread/DEBUG] (FabricLoader/Mixin) Mixing ChunkDataSenderMixin from fabric-data-attachment-api-v1.mixins.json into net.minecraft.server.network.PlayerChunkSender
[17:14:30] [Render thread/DEBUG] (FabricLoader/Mixin) Mixing client.MixinMultiPlayerGameMode from architectury.mixins.json into net.minecraft.client.multiplayer.MultiPlayerGameMode
[17:14:30] [Render thread/DEBUG] (FabricLoader/Mixin) architectury.mixins.json:client.MixinMultiPlayerGameMode from mod architectury: Class version 65 required is higher than the class version supported by the current version of Mixin (JAVA_16 supports class version 60)
[17:14:30] [Render thread/DEBUG] (FabricLoader/Mixin) Mixing BlockPlaceMixin from effectual.mixins.json into net.minecraft.client.multiplayer.MultiPlayerGameMode
[17:14:30] [Render thread/DEBUG] (FabricLoader/Mixin) Mixing MetalHitMixin from effectual.mixins.json into net.minecraft.client.multiplayer.MultiPlayerGameMode
[17:14:30] [Render thread/DEBUG] (FabricLoader/Mixin) Mixing ClientPlayerInteractionManagerMixin from fabric-events-interaction-v0.client.mixins.json into net.minecraft.client.multiplayer.MultiPlayerGameMode
[17:14:30] [Render thread/DEBUG] (FabricLoader/Mixin) Renaming synthetic method lambda$interactItem$2(Lnet/minecraft/world/InteractionHand;Lnet/minecraft/world/entity/player/Player;I)Lnet/minecraft/network/protocol/Packet; to md7d776e$fabric-events-interaction-v0$lambda$interactItem$2$0 in fabric-events-interaction-v0.client.mixins.json:ClientPlayerInteractionManagerMixin from mod fabric-events-interaction-v0
[17:14:30] [Render thread/DEBUG] (FabricLoader/Mixin) Renaming synthetic method lambda$interactBlock$1(Lnet/minecraft/world/InteractionHand;Lnet/minecraft/world/phys/BlockHitResult;I)Lnet/minecraft/network/protocol/Packet; to md7d776e$fabric-events-interaction-v0$lambda$interactBlock$1$1 in fabric-events-interaction-v0.client.mixins.json:ClientPlayerInteractionManagerMixin from mod fabric-events-interaction-v0
[17:14:30] [Render thread/DEBUG] (FabricLoader/Mixin) Renaming synthetic method lambda$fabric_fireAttackBlockCallback$0(Lnet/minecraft/core/BlockPos;Lnet/minecraft/core/Direction;I)Lnet/minecraft/network/protocol/Packet; to md7d776e$fabric-events-interaction-v0$lambda$fabric_fireAttackBlockCallback$0$2 in fabric-events-interaction-v0.client.mixins.json:ClientPlayerInteractionManagerMixin from mod fabric-events-interaction-v0
[17:14:30] [Render thread/DEBUG] (FabricLoader/Mixin) Mixing ClientPlayerInteractionManagerMixin from fabric-item-api-v1.client.mixins.json into net.minecraft.client.multiplayer.MultiPlayerGameMode
[17:14:30] [Render thread/DEBUG] (FabricLoader/Mixin) architectury.mixins.json:client.MixinMultiPlayerGameMode from mod architectury->@Inject::entityInteract(Lnet/minecraft/world/entity/player/Player;Lnet/minecraft/world/entity/Entity;Lnet/minecraft/world/InteractionHand;Lorg/spongepowered/asm/mixin/injection/callback/CallbackInfoReturnable;)V does use it's CallbackInfoReturnable
[17:14:30] [Render thread/DEBUG] (FabricLoader/Mixin) effectual.mixins.json:BlockPlaceMixin from mod effectual->@Inject::onBlockPlace(Lnet/minecraft/client/player/LocalPlayer;Lnet/minecraft/world/InteractionHand;Lnet/minecraft/world/phys/BlockHitResult;Lorg/spongepowered/asm/mixin/injection/callback/CallbackInfoReturnable;)V does use it's CallbackInfoReturnable
[17:14:30] [Render thread/DEBUG] (FabricLoader/Mixin) effectual.mixins.json:MetalHitMixin from mod effectual->@Inject::onMetalHit(Lnet/minecraft/core/BlockPos;Lnet/minecraft/core/Direction;Lorg/spongepowered/asm/mixin/injection/callback/CallbackInfoReturnable;)V doesn't use it's CallbackInfoReturnable
[17:14:30] [Render thread/DEBUG] (FabricLoader/Mixin) effectual.mixins.json:MetalHitMixin from mod effectual->@Inject::onMetalHit(Lnet/minecraft/core/BlockPos;Lnet/minecraft/core/Direction;Lorg/spongepowered/asm/mixin/injection/callback/CallbackInfoReturnable;)V has 0 override(s) in child classes
[17:14:30] [Render thread/DEBUG] (FabricLoader/Mixin) effectual.mixins.json:MetalHitMixin from mod effectual->@Inject::onMetalHit(Lnet/minecraft/core/BlockPos;Lnet/minecraft/core/Direction;Lorg/spongepowered/asm/mixin/injection/callback/CallbackInfoReturnable;)V won't be passed a CallbackInfoReturnable as a result
[17:14:30] [Render thread/DEBUG] (FabricLoader/Mixin) fabric-events-interaction-v0.client.mixins.json:ClientPlayerInteractionManagerMixin from mod fabric-events-interaction-v0->@Inject::attackBlock(Lnet/minecraft/core/BlockPos;Lnet/minecraft/core/Direction;Lorg/spongepowered/asm/mixin/injection/callback/CallbackInfoReturnable;)V does use it's CallbackInfoReturnable
[17:14:30] [Render thread/DEBUG] (FabricLoader/Mixin) fabric-events-interaction-v0.client.mixins.json:ClientPlayerInteractionManagerMixin from mod fabric-events-interaction-v0->@Inject::method_2902(Lnet/minecraft/core/BlockPos;Lnet/minecraft/core/Direction;Lorg/spongepowered/asm/mixin/injection/callback/CallbackInfoReturnable;)V does use it's CallbackInfoReturnable
[17:14:30] [Render thread/DEBUG] (FabricLoader/Mixin) fabric-events-interaction-v0.client.mixins.json:ClientPlayerInteractionManagerMixin from mod fabric-events-interaction-v0->@Inject::fabric$onBlockBroken(Lnet/minecraft/core/BlockPos;Lorg/spongepowered/asm/mixin/injection/callback/CallbackInfoReturnable;)V doesn't use it's CallbackInfoReturnable
[17:14:30] [Render thread/DEBUG] (FabricLoader/Mixin) fabric-events-interaction-v0.client.mixins.json:ClientPlayerInteractionManagerMixin from mod fabric-events-interaction-v0->@Inject::fabric$onBlockBroken(Lnet/minecraft/core/BlockPos;Lorg/spongepowered/asm/mixin/injection/callback/CallbackInfoReturnable;)V has 0 override(s) in child classes
[17:14:30] [Render thread/DEBUG] (FabricLoader/Mixin) fabric-events-interaction-v0.client.mixins.json:ClientPlayerInteractionManagerMixin from mod fabric-events-interaction-v0->@Inject::fabric$onBlockBroken(Lnet/minecraft/core/BlockPos;Lorg/spongepowered/asm/mixin/injection/callback/CallbackInfoReturnable;)V won't be passed a CallbackInfoReturnable as a result
[17:14:30] [Render thread/DEBUG] (FabricLoader/Mixin) fabric-events-interaction-v0.client.mixins.json:ClientPlayerInteractionManagerMixin from mod fabric-events-interaction-v0->@Inject::interactBlock(Lnet/minecraft/client/player/LocalPlayer;Lnet/minecraft/world/InteractionHand;Lnet/minecraft/world/phys/BlockHitResult;Lorg/spongepowered/asm/mixin/injection/callback/CallbackInfoReturnable;)V does use it's CallbackInfoReturnable
[17:14:30] [Render thread/DEBUG] (FabricLoader/Mixin) fabric-events-interaction-v0.client.mixins.json:ClientPlayerInteractionManagerMixin from mod fabric-events-interaction-v0->@Inject::interactItem(Lnet/minecraft/world/entity/player/Player;Lnet/minecraft/world/InteractionHand;Lorg/spongepowered/asm/mixin/injection/callback/CallbackInfoReturnable;)V does use it's CallbackInfoReturnable
[17:14:30] [Render thread/DEBUG] (FabricLoader/Mixin) fabric-events-interaction-v0.client.mixins.json:ClientPlayerInteractionManagerMixin from mod fabric-events-interaction-v0->@Inject::attackEntity(Lnet/minecraft/world/entity/player/Player;Lnet/minecraft/world/entity/Entity;Lorg/spongepowered/asm/mixin/injection/callback/CallbackInfo;)V does use it's CallbackInfo
[17:14:30] [Render thread/DEBUG] (FabricLoader/Mixin) Mixing ClientChunkManagerMixin from fabric-lifecycle-events-v1.client.mixins.json into net.minecraft.client.multiplayer.ClientChunkCache
[17:14:30] [Render thread/DEBUG] (FabricLoader/Mixin) fabric-lifecycle-events-v1.client.mixins.json:ClientChunkManagerMixin from mod fabric-lifecycle-events-v1->@Inject::onChunkLoad(IILnet/minecraft/network/FriendlyByteBuf;Ljava/util/Map;Ljava/util/function/Consumer;Lorg/spongepowered/asm/mixin/injection/callback/CallbackInfoReturnable;)V does use it's CallbackInfoReturnable
[17:14:30] [Render thread/DEBUG] (FabricLoader/Mixin) fabric-lifecycle-events-v1.client.mixins.json:ClientChunkManagerMixin from mod fabric-lifecycle-events-v1->@Inject::onChunkUnload(IILnet/minecraft/network/FriendlyByteBuf;Ljava/util/Map;Ljava/util/function/Consumer;Lorg/spongepowered/asm/mixin/injection/callback/CallbackInfoReturnable;)V doesn't use it's CallbackInfoReturnable
[17:14:30] [Render thread/DEBUG] (FabricLoader/Mixin) fabric-lifecycle-events-v1.client.mixins.json:ClientChunkManagerMixin from mod fabric-lifecycle-events-v1->@Inject::onChunkUnload(IILnet/minecraft/network/FriendlyByteBuf;Ljava/util/Map;Ljava/util/function/Consumer;Lorg/spongepowered/asm/mixin/injection/callback/CallbackInfoReturnable;)V has 0 override(s) in child classes
[17:14:30] [Render thread/DEBUG] (FabricLoader/Mixin) fabric-lifecycle-events-v1.client.mixins.json:ClientChunkManagerMixin from mod fabric-lifecycle-events-v1->@Inject::onChunkUnload(IILnet/minecraft/network/FriendlyByteBuf;Ljava/util/Map;Ljava/util/function/Consumer;Lorg/spongepowered/asm/mixin/injection/callback/CallbackInfoReturnable;)V won't be passed a CallbackInfoReturnable as a result
[17:14:30] [Render thread/DEBUG] (FabricLoader/Mixin) fabric-lifecycle-events-v1.client.mixins.json:ClientChunkManagerMixin from mod fabric-lifecycle-events-v1->@Inject::onChunkUnload(Lnet/minecraft/world/level/ChunkPos;Lorg/spongepowered/asm/mixin/injection/callback/CallbackInfo;)V doesn't use it's CallbackInfo
[17:14:30] [Render thread/DEBUG] (FabricLoader/Mixin) fabric-lifecycle-events-v1.client.mixins.json:ClientChunkManagerMixin from mod fabric-lifecycle-events-v1->@Inject::onChunkUnload(Lnet/minecraft/world/level/ChunkPos;Lorg/spongepowered/asm/mixin/injection/callback/CallbackInfo;)V has 0 override(s) in child classes
[17:14:30] [Render thread/DEBUG] (FabricLoader/Mixin) fabric-lifecycle-events-v1.client.mixins.json:ClientChunkManagerMixin from mod fabric-lifecycle-events-v1->@Inject::onChunkUnload(Lnet/minecraft/world/level/ChunkPos;Lorg/spongepowered/asm/mixin/injection/callback/CallbackInfo;)V won't be passed a CallbackInfo as a result
[17:14:30] [Render thread/DEBUG] (FabricLoader/Mixin) fabric-lifecycle-events-v1.client.mixins.json:ClientChunkManagerMixin from mod fabric-lifecycle-events-v1->@Inject::onUpdateLoadDistance(ILorg/spongepowered/asm/mixin/injection/callback/CallbackInfo;)V doesn't use it's CallbackInfo
[17:14:30] [Render thread/DEBUG] (FabricLoader/Mixin) fabric-lifecycle-events-v1.client.mixins.json:ClientChunkManagerMixin from mod fabric-lifecycle-events-v1->@Inject::onUpdateLoadDistance(ILorg/spongepowered/asm/mixin/injection/callback/CallbackInfo;)V has 0 override(s) in child classes
[17:14:30] [Render thread/DEBUG] (FabricLoader/Mixin) fabric-lifecycle-events-v1.client.mixins.json:ClientChunkManagerMixin from mod fabric-lifecycle-events-v1->@Inject::onUpdateLoadDistance(ILorg/spongepowered/asm/mixin/injection/callback/CallbackInfo;)V won't be passed a CallbackInfo as a result
[17:14:30] [Render thread/DEBUG] (FabricLoader/Mixin) Mixing ClientWorldClientEntityHandlerMixin from fabric-lifecycle-events-v1.client.mixins.json into net.minecraft.client.multiplayer.ClientLevel$EntityCallbacks
[17:14:30] [Render thread/DEBUG] (FabricLoader/Mixin) fabric-lifecycle-events-v1.client.mixins.json:ClientWorldClientEntityHandlerMixin from mod fabric-lifecycle-events-v1->@Inject::invokeLoadEntity(Lnet/minecraft/world/entity/Entity;Lorg/spongepowered/asm/mixin/injection/callback/CallbackInfo;)V doesn't use it's CallbackInfo
[17:14:30] [Render thread/DEBUG] (FabricLoader/Mixin) fabric-lifecycle-events-v1.client.mixins.json:ClientWorldClientEntityHandlerMixin from mod fabric-lifecycle-events-v1->@Inject::invokeUnloadEntity(Lnet/minecraft/world/entity/Entity;Lorg/spongepowered/asm/mixin/injection/callback/CallbackInfo;)V doesn't use it's CallbackInfo
[17:14:30] [Server thread/INFO] (net.minecraft.server.MinecraftServer) Player326 joined the game
[17:14:30] [Render thread/DEBUG] (FabricLoader/Mixin) Mixing DimensionEffectsAccessor from fabric-rendering-v1.mixins.json into net.minecraft.client.renderer.DimensionSpecialEffects
[17:14:30] [Render thread/DEBUG] (FabricLoader/Mixin) Renaming @Accessor method getIdentifierMap()Lit/unimi/dsi/fastutil/objects/Object2ObjectMap; to getIdentifierMap$fabric-rendering-v1_$md$7d776e$0 in fabric-rendering-v1.mixins.json:DimensionEffectsAccessor from mod fabric-rendering-v1
[17:14:30] [Render thread/DEBUG] (FabricLoader/Mixin) Mixing SectionBuilderMixin from fabric-renderer-indigo.mixins.json into net.minecraft.client.renderer.chunk.SectionCompiler
[17:14:30] [Render thread/DEBUG] (FabricLoader/Mixin) Renaming synthetic method lambda$hookBuild$0(Ljava/util/Map;Lnet/minecraft/client/renderer/SectionBufferBuilderPack;Lnet/minecraft/client/renderer/chunk/ChunkSectionLayer;)Lcom/mojang/blaze3d/vertex/BufferBuilder; to md7d776e$fabric-renderer-indigo$lambda$hookBuild$0$0 in fabric-renderer-indigo.mixins.json:SectionBuilderMixin from mod fabric-renderer-indigo
[17:14:30] [Render thread/DEBUG] (FabricLoader/Mixin) fabric-renderer-indigo.mixins.json:SectionBuilderMixin from mod fabric-renderer-indigo->@Inject::hookBuild(Lnet/minecraft/core/SectionPos;Lnet/minecraft/client/renderer/chunk/RenderSectionRegion;Lcom/mojang/blaze3d/vertex/VertexSorting;Lnet/minecraft/client/renderer/SectionBufferBuilderPack;Lorg/spongepowered/asm/mixin/injection/callback/CallbackInfoReturnable;)V doesn't use it's CallbackInfoReturnable
[17:14:30] [Render thread/DEBUG] (FabricLoader/Mixin) fabric-renderer-indigo.mixins.json:SectionBuilderMixin from mod fabric-renderer-indigo->@Inject::hookBuild(Lnet/minecraft/core/SectionPos;Lnet/minecraft/client/renderer/chunk/RenderSectionRegion;Lcom/mojang/blaze3d/vertex/VertexSorting;Lnet/minecraft/client/renderer/SectionBufferBuilderPack;Lorg/spongepowered/asm/mixin/injection/callback/CallbackInfoReturnable;)V has 0 override(s) in child classes
[17:14:30] [Render thread/DEBUG] (FabricLoader/Mixin) fabric-renderer-indigo.mixins.json:SectionBuilderMixin from mod fabric-renderer-indigo->@Inject::hookBuild(Lnet/minecraft/core/SectionPos;Lnet/minecraft/client/renderer/chunk/RenderSectionRegion;Lcom/mojang/blaze3d/vertex/VertexSorting;Lnet/minecraft/client/renderer/SectionBufferBuilderPack;Lorg/spongepowered/asm/mixin/injection/callback/CallbackInfoReturnable;)V won't be passed a CallbackInfoReturnable as a result
[17:14:30] [Render thread/DEBUG] (FabricLoader/Mixin) fabric-renderer-indigo.mixins.json:SectionBuilderMixin from mod fabric-renderer-indigo->@Inject::hookBuildReturn(Lnet/minecraft/core/SectionPos;Lnet/minecraft/client/renderer/chunk/RenderSectionRegion;Lcom/mojang/blaze3d/vertex/VertexSorting;Lnet/minecraft/client/renderer/SectionBufferBuilderPack;Lorg/spongepowered/asm/mixin/injection/callback/CallbackInfoReturnable;)V doesn't use it's CallbackInfoReturnable
[17:14:30] [Render thread/DEBUG] (FabricLoader/Mixin) fabric-renderer-indigo.mixins.json:SectionBuilderMixin from mod fabric-renderer-indigo->@Inject::hookBuildReturn(Lnet/minecraft/core/SectionPos;Lnet/minecraft/client/renderer/chunk/RenderSectionRegion;Lcom/mojang/blaze3d/vertex/VertexSorting;Lnet/minecraft/client/renderer/SectionBufferBuilderPack;Lorg/spongepowered/asm/mixin/injection/callback/CallbackInfoReturnable;)V has 0 override(s) in child classes
[17:14:30] [Render thread/DEBUG] (FabricLoader/Mixin) fabric-renderer-indigo.mixins.json:SectionBuilderMixin from mod fabric-renderer-indigo->@Inject::hookBuildReturn(Lnet/minecraft/core/SectionPos;Lnet/minecraft/client/renderer/chunk/RenderSectionRegion;Lcom/mojang/blaze3d/vertex/VertexSorting;Lnet/minecraft/client/renderer/SectionBufferBuilderPack;Lorg/spongepowered/asm/mixin/injection/callback/CallbackInfoReturnable;)V won't be passed a CallbackInfoReturnable as a result
[17:14:30] [Render thread/DEBUG] (FabricLoader/Mixin) Mixing RenderLayersMixin from fabric-rendering-v1.mixins.json into net.minecraft.client.renderer.ItemBlockRenderTypes
[17:14:30] [Render thread/DEBUG] (FabricLoader/Mixin) fabric-rendering-v1.mixins.json:RenderLayersMixin from mod fabric-rendering-v1->@Inject::onInitialize(Lorg/spongepowered/asm/mixin/injection/callback/CallbackInfo;)V doesn't use it's CallbackInfo
[17:14:30] [Server thread/INFO] (net.minecraft.server.MinecraftServer) Player326 has reached the goal [Sky's the Limit]
[17:14:30] [Server thread/INFO] (net.minecraft.server.MinecraftServer) Player326 has made the advancement [Acquire Hardware]
[17:14:30] [Render thread/DEBUG] (FabricLoader/Mixin) Mixing HangingSignEditScreenMixin from fabric-object-builder-v1.client.mixins.json into net.minecraft.client.gui.screens.inventory.HangingSignEditScreen
[17:14:30] [Render thread/DEBUG] (FabricLoader/Mixin) Renaming synthetic method lambda$init$0(Ljava/lang/String;)Ljava/lang/String; to md7d776e$fabric-object-builder-api-v1$lambda$init$0$0 in fabric-object-builder-v1.client.mixins.json:HangingSignEditScreenMixin from mod fabric-object-builder-api-v1
[17:14:30] [Netty Server IO #1/DEBUG] (ServerPlayNetworkAddon for literal{Player326}[style={clickEvent=SuggestCommand[command=/tell Player326 ],hoverEvent=ShowEntity[entity=net.minecraft.network.chat.HoverEvent$EntityTooltipInfo@a9b909d4],insertion=Player326}]) Handling inbound packet from channel with name "minecraft:register"
[17:14:30] [Server thread/DEBUG] (FabricLoader/Mixin) Mixing MixinNaturalSpawner from architectury.mixins.json into net.minecraft.world.level.NaturalSpawner
[17:14:30] [Server thread/DEBUG] (FabricLoader/Mixin) architectury.mixins.json:MixinNaturalSpawner from mod architectury: Class version 65 required is higher than the class version supported by the current version of Mixin (JAVA_16 supports class version 60)
[17:14:30] [Server thread/DEBUG] (FabricLoader/Mixin) Mixing EnchantmentHelperMixin from fabric-item-api-v1.mixins.json into net.minecraft.world.item.enchantment.EnchantmentHelper
[17:14:30] [Render thread/INFO] (net.minecraft.client.gui.components.ChatComponent) [System] [CHAT] Player326 has reached the goal [Sky's the Limit]
[17:14:30] [Render thread/INFO] (net.minecraft.client.gui.components.ChatComponent) [System] [CHAT] Player326 has made the advancement [Acquire Hardware]
[17:14:30] [Render thread/DEBUG] (FabricLoader/Mixin) Mixing ChunkRendererRegionBuilderMixin from fabric-block-view-api-v2.client.mixins.json into net.minecraft.client.renderer.chunk.RenderRegionCache
[17:14:30] [Render thread/DEBUG] (FabricLoader/Mixin) fabric-block-view-api-v2.client.mixins.json:ChunkRendererRegionBuilderMixin from mod fabric-block-view-api-v2->@Inject::copyDataForChunk(Lnet/minecraft/world/level/Level;JLorg/spongepowered/asm/mixin/injection/callback/CallbackInfoReturnable;)V doesn't use it's CallbackInfoReturnable
[17:14:30] [Render thread/DEBUG] (FabricLoader/Mixin) fabric-block-view-api-v2.client.mixins.json:ChunkRendererRegionBuilderMixin from mod fabric-block-view-api-v2->@Inject::copyDataForChunk(Lnet/minecraft/world/level/Level;JLorg/spongepowered/asm/mixin/injection/callback/CallbackInfoReturnable;)V has 0 override(s) in child classes
[17:14:30] [Render thread/DEBUG] (FabricLoader/Mixin) fabric-block-view-api-v2.client.mixins.json:ChunkRendererRegionBuilderMixin from mod fabric-block-view-api-v2->@Inject::copyDataForChunk(Lnet/minecraft/world/level/Level;JLorg/spongepowered/asm/mixin/injection/callback/CallbackInfoReturnable;)V won't be passed a CallbackInfoReturnable as a result
[17:14:30] [Render thread/DEBUG] (FabricLoader/Mixin) fabric-block-view-api-v2.client.mixins.json:ChunkRendererRegionBuilderMixin from mod fabric-block-view-api-v2->@Inject::createDataMap(Lnet/minecraft/world/level/Level;JLorg/spongepowered/asm/mixin/injection/callback/CallbackInfoReturnable;)V does use it's CallbackInfoReturnable
[17:14:30] [Render thread/DEBUG] (FabricLoader/Mixin) Mixing RenderStateMixin from fabric-rendering-v1.mixins.json into net.minecraft.client.renderer.state.BlockOutlineRenderState
[17:14:30] [Render thread/INFO] (net.minecraft.client.renderer.DynamicUniformStorage) Resizing Dynamic Transforms UBO, capacity limit of 2 reached during a single frame. New capacity will be 4.
[17:14:30] [Server thread/DEBUG] (FabricLoader/Mixin) Mixing NbtWriteViewMixin from fabric-serialization-api-v1.mixins.json into net.minecraft.world.level.storage.TagValueOutput
[17:14:30] [Server thread/INFO] (net.minecraft.client.server.IntegratedServer) Changing view distance to 12, from 10
[17:14:30] [Render thread/DEBUG] (com.mojang.blaze3d.systems.RenderSystem) Growing IndexBuffer: Old limit 14688, new limit 453720.
[17:14:30] [Server thread/INFO] (net.minecraft.client.server.IntegratedServer) Changing simulation distance to 12, from 0
[17:14:30] [Server thread/DEBUG] (FabricLoader/Mixin) Mixing PathContextMixin from fabric-content-registries-v0.mixins.json into net.minecraft.world.level.pathfinder.PathfindingContext
[17:14:30] [Server thread/DEBUG] (FabricLoader/Mixin) fabric-content-registries-v0.mixins.json:PathContextMixin from mod fabric-content-registries-v0->@Inject::onGetNodeType(IIILorg/spongepowered/asm/mixin/injection/callback/CallbackInfoReturnable;)V does use it's CallbackInfoReturnable
[17:14:30] [Render thread/INFO] (net.minecraft.client.renderer.DynamicUniformStorage) Resizing Dynamic Transforms UBO, capacity limit of 4 reached during a single frame. New capacity will be 8.
[17:14:30] [Render thread/INFO] (net.minecraft.advancements.AdvancementTree) Loaded 50 advancements
[17:14:30] [Render thread/DEBUG] (com.mojang.blaze3d.systems.RenderSystem) Growing IndexBuffer: Old limit 0, new limit 144.
[17:14:31] [Render thread/DEBUG] (FabricLoader/Mixin) Mixing ChunkRendererRegionMixin from fabric-block-view-api-v2.client.mixins.json into net.minecraft.client.renderer.chunk.RenderSectionRegion
[17:14:31] [Render thread/DEBUG] (FabricLoader/Mixin) Mixing ChunkRendererRegionMixin from fabric-renderer-indigo.mixins.json into net.minecraft.client.renderer.chunk.RenderSectionRegion
[17:14:31] [Render thread/INFO] (net.minecraft.client.renderer.DynamicUniformStorage) Resizing Dynamic Transforms UBO, capacity limit of 8 reached during a single frame. New capacity will be 16.
[17:14:31] [Render thread/INFO] (net.minecraft.client.renderer.DynamicUniformStorage) Resizing Dynamic Transforms UBO, capacity limit of 16 reached during a single frame. New capacity will be 32.
[17:14:31] [Render thread/INFO] (net.minecraft.client.renderer.DynamicUniformStorage) Resizing Dynamic Transforms UBO, capacity limit of 32 reached during a single frame. New capacity will be 64.
[17:14:31] [Render thread/DEBUG] (FabricLoader/Mixin) Mixing ParticleUtilMixin from fabric-particles-v1.mixins.json into net.minecraft.util.ParticleUtils
[17:14:31] [Render thread/INFO] (net.minecraft.client.renderer.DynamicUniformStorage) Resizing Dynamic Transforms UBO, capacity limit of 64 reached during a single frame. New capacity will be 128.
[17:14:31] [Render thread/INFO] (net.minecraft.client.renderer.DynamicUniformStorage) Resizing Dynamic Transforms UBO, capacity limit of 128 reached during a single frame. New capacity will be 256.
[17:14:31] [Render thread/INFO] (net.minecraft.client.renderer.DynamicUniformStorage) Resizing Dynamic Transforms UBO, capacity limit of 256 reached during a single frame. New capacity will be 512.
[17:14:32] [Render thread/INFO] (net.minecraft.server.LoggedPrintStream) [STDOUT]: [MetalHit] startDestroyBlock called at MutableBlockPos{x=-160, y=94, z=1083}
[17:14:32] [Render thread/INFO] (net.minecraft.server.LoggedPrintStream) [STDOUT]: [MetalHit] Item in hand: minecraft:iron_ingot
[17:14:32] [Render thread/INFO] (net.minecraft.server.LoggedPrintStream) [STDOUT]: [MetalHit] Is metal item: true
[17:14:32] [Render thread/INFO] (net.minecraft.server.LoggedPrintStream) [STDOUT]: [MetalHit] Block: Block{minecraft:iron_block}
[17:14:32] [Render thread/INFO] (net.minecraft.server.LoggedPrintStream) [STDOUT]: [MetalHit] Is metal block: true
[17:14:32] [Render thread/INFO] (net.minecraft.server.LoggedPrintStream) [STDOUT]: [MetalHit] ALL CHECKS PASSED - spawning sparks!
[17:14:32] [Render thread/DEBUG] (FabricLoader/Mixin) Mixing RenderStateMixin from fabric-rendering-v1.mixins.json into net.minecraft.client.renderer.block.MovingBlockRenderState
[17:14:32] [Render thread/DEBUG] (FabricLoader/Mixin) Mixing MovingBlockRenderStateMixin from fabric-block-view-api-v2.client.mixins.json into net.minecraft.client.renderer.block.MovingBlockRenderState
[17:14:32] [Render thread/DEBUG] (io.netty.util.internal.ThreadLocalRandom) -Dio.netty.initialSeedUniquifier: 0x3468c0e7cc85386b
[17:14:32] [Render thread/INFO] (net.minecraft.client.renderer.DynamicUniformStorage) Resizing Dynamic Transforms UBO, capacity limit of 512 reached during a single frame. New capacity will be 1024.
[17:14:32] [Render thread/INFO] (net.minecraft.server.LoggedPrintStream) [STDOUT]: [MetalHit] startDestroyBlock called at MutableBlockPos{x=-160, y=94, z=1083}
[17:14:32] [Render thread/INFO] (net.minecraft.server.LoggedPrintStream) [STDOUT]: [MetalHit] Item in hand: minecraft:iron_ingot
[17:14:32] [Render thread/INFO] (net.minecraft.server.LoggedPrintStream) [STDOUT]: [MetalHit] Is metal item: true
[17:14:32] [Render thread/INFO] (net.minecraft.server.LoggedPrintStream) [STDOUT]: [MetalHit] Block: Block{minecraft:iron_block}
[17:14:32] [Render thread/INFO] (net.minecraft.server.LoggedPrintStream) [STDOUT]: [MetalHit] Is metal block: true
[17:14:32] [Render thread/INFO] (net.minecraft.server.LoggedPrintStream) [STDOUT]: [MetalHit] ALL CHECKS PASSED - spawning sparks!
[17:14:33] [Render thread/INFO] (net.minecraft.server.LoggedPrintStream) [STDOUT]: [MetalHit] startDestroyBlock called at MutableBlockPos{x=-160, y=94, z=1083}
[17:14:33] [Render thread/INFO] (net.minecraft.server.LoggedPrintStream) [STDOUT]: [MetalHit] Item in hand: minecraft:iron_ingot
[17:14:33] [Render thread/INFO] (net.minecraft.server.LoggedPrintStream) [STDOUT]: [MetalHit] Is metal item: true
[17:14:33] [Render thread/INFO] (net.minecraft.server.LoggedPrintStream) [STDOUT]: [MetalHit] Block: Block{minecraft:iron_block}
[17:14:33] [Render thread/INFO] (net.minecraft.server.LoggedPrintStream) [STDOUT]: [MetalHit] Is metal block: true
[17:14:33] [Render thread/INFO] (net.minecraft.server.LoggedPrintStream) [STDOUT]: [MetalHit] ALL CHECKS PASSED - spawning sparks!
[17:14:33] [Render thread/INFO] (net.minecraft.client.renderer.DynamicUniformStorage) Resizing Dynamic Transforms UBO, capacity limit of 1024 reached during a single frame. New capacity will be 2048.
[17:14:34] [Server thread/INFO] (net.minecraft.client.server.IntegratedServer) Saving and pausing game...
[17:14:34] [Server thread/INFO] (net.minecraft.server.MinecraftServer) Saving chunks for level 'ServerLevel[New World]'/minecraft:overworld
[17:14:34] [Server thread/INFO] (net.minecraft.server.MinecraftServer) Saving chunks for level 'ServerLevel[New World]'/minecraft:the_nether
[17:14:34] [Server thread/INFO] (net.minecraft.server.MinecraftServer) Saving chunks for level 'ServerLevel[New World]'/minecraft:the_end
[17:14:34] [Server thread/INFO] (net.minecraft.server.network.ServerGamePacketListenerImpl) Player326 lost connection: Disconnected
[17:14:34] [Server thread/INFO] (net.minecraft.server.MinecraftServer) Player326 left the game
[17:14:34] [Server thread/INFO] (net.minecraft.server.network.ServerCommonPacketListenerImpl) Stopping singleplayer server as player logged out
[17:14:34] [Server thread/INFO] (net.minecraft.server.MinecraftServer) Stopping server
[17:14:34] [Server thread/INFO] (net.minecraft.server.MinecraftServer) Saving players
[17:14:34] [Server thread/INFO] (net.minecraft.server.MinecraftServer) Saving worlds
[17:14:34] [Server thread/INFO] (net.minecraft.server.MinecraftServer) Saving chunks for level 'ServerLevel[New World]'/minecraft:overworld
[17:14:35] [Server thread/INFO] (net.minecraft.server.MinecraftServer) Saving chunks for level 'ServerLevel[New World]'/minecraft:the_nether
[17:14:35] [Server thread/INFO] (net.minecraft.server.MinecraftServer) Saving chunks for level 'ServerLevel[New World]'/minecraft:the_end
[17:14:35] [Server thread/INFO] (net.minecraft.server.MinecraftServer) ThreadedAnvilChunkStorage (New World): All chunks are saved
[17:14:35] [Server thread/INFO] (net.minecraft.server.MinecraftServer) ThreadedAnvilChunkStorage (DIM-1): All chunks are saved
[17:14:35] [Server thread/INFO] (net.minecraft.server.MinecraftServer) ThreadedAnvilChunkStorage (DIM1): All chunks are saved
[17:14:35] [Server thread/INFO] (net.minecraft.server.MinecraftServer) ThreadedAnvilChunkStorage: All dimensions are saved
[17:14:59] [Render thread/INFO] (net.minecraft.client.Minecraft) Stopping!
