[Architectury Transformer] Architectury Runtime 5.2.87
[Architectury Transformer DEBUG] Closed File Systems for /Users/arseniyradaev/Documents/IdeaProjects/Effectual/Effectual 1.20.1/common/build/devlibs/effectual-common-1.3.0-1.20.1-dev.jar
[Architectury Transformer DEBUG] Preparing tiny remapper prepared transformer: dev.architectury.transformer.handler.TinyRemapperPreparedTransformerHandler
[Architectury Transformer DEBUG] Provided 106 classpath jar(s):
[Architectury Transformer DEBUG]  - /Users/arseniyradaev/.gradle/caches/fabric-loom/1.20.1/forge/1.20.1-47.4.10/client-extra.jar
[Architectury Transformer DEBUG]  - /Users/arseniyradaev/.gradle/caches/modules-2/files-2.1/dev.architectury/architectury-injectables/1.0.10/62db2a366d662606d1b23ad02ccc3212ed37ec3/architectury-injectables-1.0.10.jar
[Architectury Transformer DEBUG]  - /Users/arseniyradaev/.gradle/caches/modules-2/files-2.1/net.fabricmc/fabric-loader/0.18.2/1cd44667bd93b74564056eb4867dfd12e38cb262/fabric-loader-0.18.2.jar
[Architectury Transformer DEBUG]  - /Users/arseniyradaev/.gradle/caches/modules-2/files-2.1/org.jetbrains/annotations/26.0.2/c7ce3cdeda3d18909368dfe5977332dfad326c6d/annotations-26.0.2.jar
[Architectury Transformer DEBUG]  - /Users/arseniyradaev/.gradle/caches/modules-2/files-2.1/com.google.code.findbugs/jsr305/3.0.2/25ea2e8b0c338a877313bd4672d3fe056ea78f0d/jsr305-3.0.2.jar
[Architectury Transformer DEBUG]  - /Users/arseniyradaev/.gradle/caches/modules-2/files-2.1/net.minecraftforge/fmlearlydisplay/1.20.1-47.4.10/a262fa19e65f643aae210b4275b53bee053aa765/fmlearlydisplay-1.20.1-47.4.10.jar
[Architectury Transformer DEBUG]  - /Users/arseniyradaev/.gradle/caches/modules-2/files-2.1/net.minecraftforge/javafmllanguage/1.20.1-47.4.10/ccc533c7dd67e0983217197d7549c8b49e7ab453/javafmllanguage-1.20.1-47.4.10.jar
[Architectury Transformer DEBUG]  - /Users/arseniyradaev/.gradle/caches/modules-2/files-2.1/net.minecraftforge/lowcodelanguage/1.20.1-47.4.10/e9a2879fe3612ea34b9728ec2633304a1e67d480/lowcodelanguage-1.20.1-47.4.10.jar
[Architectury Transformer DEBUG]  - /Users/arseniyradaev/.gradle/caches/modules-2/files-2.1/net.minecraftforge/mclanguage/1.20.1-47.4.10/ec5cefbbc65c67302b8fac317010faab85fa14b9/mclanguage-1.20.1-47.4.10.jar
[Architectury Transformer DEBUG]  - /Users/arseniyradaev/.gradle/caches/modules-2/files-2.1/net.minecraftforge/fmlcore/1.20.1-47.4.10/94dae566be650566ea9115a1414ab76bfcf5a804/fmlcore-1.20.1-47.4.10.jar
[Architectury Transformer DEBUG]  - /Users/arseniyradaev/.gradle/caches/fabric-loom/forge/transformed-dependencies-v1/net/minecraftforge/46bf7d982dba7bd73592a258081a91c07918956c1614ab0bdd5753da88e39239/fmlloader/1.20.1-47.4.10/fmlloader-1.20.1-47.4.10.jar
[Architectury Transformer DEBUG]  - /Users/arseniyradaev/.gradle/caches/modules-2/files-2.1/net.minecraftforge/forgespi/7.0.1/3b4972a0cdb135853dba219be61a79b22cff1309/forgespi-7.0.1.jar
[Architectury Transformer DEBUG]  - /Users/arseniyradaev/.gradle/caches/modules-2/files-2.1/net.minecraftforge/accesstransformers/8.0.4/272d240aa73f42195b2a68e2ebd8b701ecf41f63/accesstransformers-8.0.4.jar
[Architectury Transformer DEBUG]  - /Users/arseniyradaev/.gradle/caches/modules-2/files-2.1/net.minecraftforge/eventbus/6.0.5/699143dd438431d06b57416944f7cedbe52e1475/eventbus-6.0.5.jar
[Architectury Transformer DEBUG]  - /Users/arseniyradaev/.gradle/caches/modules-2/files-2.1/cpw.mods/modlauncher/10.0.9/6d9443f56f50bb85cea383686ff9c867391458b/modlauncher-10.0.9.jar
[Architectury Transformer DEBUG]  - /Users/arseniyradaev/.gradle/caches/modules-2/files-2.1/cpw.mods/bootstraplauncher/1.1.2/c546e00443d8432cda6baa1c860346980742628/bootstraplauncher-1.1.2.jar
[Architectury Transformer DEBUG]  - /Users/arseniyradaev/.gradle/caches/modules-2/files-2.1/cpw.mods/securejarhandler/2.1.10/51e6a22c6c716beb11e244bf5b8be480f51dd6b5/securejarhandler-2.1.10.jar
[Architectury Transformer DEBUG]  - /Users/arseniyradaev/.gradle/caches/modules-2/files-2.1/net.minecraftforge/coremods/5.2.4/e30bab269d896613e38396274711410b3a0e4b87/coremods-5.2.4.jar
[Architectury Transformer DEBUG]  - /Users/arseniyradaev/.gradle/caches/modules-2/files-2.1/org.openjdk.nashorn/nashorn-core/15.4/f67f5ffaa5f5130cf6fb9b133da00c7df3b532a5/nashorn-core-15.4.jar
[Architectury Transformer DEBUG]  - /Users/arseniyradaev/.gradle/caches/modules-2/files-2.1/org.ow2.asm/asm-commons/9.8/36e4d212970388e5bd2c5180292012502df461bb/asm-commons-9.8.jar
[Architectury Transformer DEBUG]  - /Users/arseniyradaev/.gradle/caches/modules-2/files-2.1/net.minecraftforge/mergetool/1.1.5/f3da18e12c696d35a47c82cbb2cc8b5aa15e1154/mergetool-1.1.5-api.jar
[Architectury Transformer DEBUG]  - /Users/arseniyradaev/.gradle/caches/modules-2/files-2.1/org.ow2.asm/asm-util/9.8/395f1c1f035258511f27bc9b2583d76e4b143f59/asm-util-9.8.jar
[Architectury Transformer DEBUG]  - /Users/arseniyradaev/.gradle/caches/modules-2/files-2.1/org.ow2.asm/asm-analysis/9.8/b9747a320844b6cb1eacd90d8ecfd260a16c01d3/asm-analysis-9.8.jar
[Architectury Transformer DEBUG]  - /Users/arseniyradaev/.gradle/caches/modules-2/files-2.1/io.github.juuxel/unprotect-modlauncher/2.0.2/20d36922d7bb84c3185c213e935150584d6c7166/unprotect-modlauncher-2.0.2.jar
[Architectury Transformer DEBUG]  - /Users/arseniyradaev/.gradle/caches/modules-2/files-2.1/io.github.juuxel/unprotect/2.0.2/d79e894ec170237a02281b45e3203df6306675d6/unprotect-2.0.2.jar
[Architectury Transformer DEBUG]  - /Users/arseniyradaev/.gradle/caches/modules-2/files-2.1/org.ow2.asm/asm-tree/9.8/18419ca5b77a2f81097c741e7872e6ab8d2f40d/asm-tree-9.8.jar
[Architectury Transformer DEBUG]  - /Users/arseniyradaev/.gradle/caches/modules-2/files-2.1/org.ow2.asm/asm/9.8/dc19ecb3f7889b7860697215cae99c0f9b6f6b4b/asm-9.8.jar
[Architectury Transformer DEBUG]  - /Users/arseniyradaev/.gradle/caches/modules-2/files-2.1/org.antlr/antlr4/4.9.1/e92af8ab33e428461927b484e90bb155a4f3a052/antlr4-4.9.1.jar
[Architectury Transformer DEBUG]  - /Users/arseniyradaev/.gradle/caches/modules-2/files-2.1/org.antlr/antlr4-runtime/4.9.1/428664f05d2b7f7b7610204b5aa7c1763f62011a/antlr4-runtime-4.9.1.jar
[Architectury Transformer DEBUG]  - /Users/arseniyradaev/.gradle/caches/modules-2/files-2.1/net.minecraftforge/unsafe/0.2.0/54d7a0a5e8fdb71b973025caa46f341ae5904f39/unsafe-0.2.0.jar
[Architectury Transformer DEBUG]  - /Users/arseniyradaev/.gradle/caches/modules-2/files-2.1/com.electronwill.night-config/toml/3.6.4/51d6cefb2b55ee55ee26b16391212fb2c7dfb4f4/toml-3.6.4.jar
[Architectury Transformer DEBUG]  - /Users/arseniyradaev/.gradle/caches/modules-2/files-2.1/com.electronwill.night-config/core/3.6.4/510f174abbf1c947494db50ef2445683bd52c230/core-3.6.4.jar
[Architectury Transformer DEBUG]  - /Users/arseniyradaev/.gradle/caches/modules-2/files-2.1/net.minecraftforge/JarJarSelector/0.3.19/376cc9c8ea60720cf027c01fc033de915699801c/JarJarSelector-0.3.19.jar
[Architectury Transformer DEBUG]  - /Users/arseniyradaev/.gradle/caches/modules-2/files-2.1/net.minecraftforge/JarJarMetadata/0.3.19/83feaa9b770e6ac0e96ee4fc23fa89325c5fe2/JarJarMetadata-0.3.19.jar
[Architectury Transformer DEBUG]  - /Users/arseniyradaev/.gradle/caches/modules-2/files-2.1/org.apache.maven/maven-artifact/3.8.5/4433f50c07debefaed0553bd0068f4f48d449313/maven-artifact-3.8.5.jar
[Architectury Transformer DEBUG]  - /Users/arseniyradaev/.gradle/caches/modules-2/files-2.1/net.jodah/typetools/0.6.3/a01aaa6ddaea9ec07ec4f209487b7a46a526283a/typetools-0.6.3.jar
[Architectury Transformer DEBUG]  - /Users/arseniyradaev/.gradle/caches/modules-2/files-2.1/net.minecrell/terminalconsoleappender/1.2.0/96d02cd3b384ff015a8fef4223bcb4ccf1717c95/terminalconsoleappender-1.2.0.jar
[Architectury Transformer DEBUG]  - /Users/arseniyradaev/.gradle/caches/modules-2/files-2.1/org.jline/jline-reader/3.12.1/4382ab1382c7b6f379377ed5f665dc2f6e1218bc/jline-reader-3.12.1.jar
[Architectury Transformer DEBUG]  - /Users/arseniyradaev/.gradle/caches/modules-2/files-2.1/org.jline/jline-terminal/3.12.1/c777448314e050d980a6b697c140f3bfe9eb7416/jline-terminal-3.12.1.jar
[Architectury Transformer DEBUG]  - /Users/arseniyradaev/.gradle/caches/modules-2/files-2.1/dev.architectury/mixin-patched/0.8.5.12/cf1f787f58d3b08b0cb53ecbba7928c09a1893c8/mixin-patched-0.8.5.12.jar
[Architectury Transformer DEBUG]  - /Users/arseniyradaev/.gradle/caches/modules-2/files-2.1/net.minecraftforge/JarJarFileSystems/0.3.19/2464eb7d6b9ddb9db36a82cf8a95193e5c6fe020/JarJarFileSystems-0.3.19.jar
[Architectury Transformer DEBUG]  - /Users/arseniyradaev/.gradle/caches/modules-2/files-2.1/net.sf.jopt-simple/jopt-simple/5.0.4/4fdac2fbe92dfad86aa6e9301736f6b4342a3f5c/jopt-simple-5.0.4.jar
[Architectury Transformer DEBUG]  - /Users/arseniyradaev/.gradle/caches/modules-2/files-2.1/com.mojang/logging/1.1.1/832b8e6674a9b325a5175a3a6267dfaf34c85139/logging-1.1.1.jar
[Architectury Transformer DEBUG]  - /Users/arseniyradaev/.gradle/caches/modules-2/files-2.1/org.apache.logging.log4j/log4j-core/2.19.0/3b6eeb4de4c49c0fe38a4ee27188ff5fee44d0bb/log4j-core-2.19.0.jar
[Architectury Transformer DEBUG]  - /Users/arseniyradaev/.gradle/caches/modules-2/files-2.1/org.apache.logging.log4j/log4j-slf4j2-impl/2.19.0/5c04bfdd63ce9dceb2e284b81e96b6a70010ee10/log4j-slf4j2-impl-2.19.0.jar
[Architectury Transformer DEBUG]  - /Users/arseniyradaev/.gradle/caches/modules-2/files-2.1/org.apache.logging.log4j/log4j-api/2.19.0/ea1b37f38c327596b216542bc636cfdc0b8036fa/log4j-api-2.19.0.jar
[Architectury Transformer DEBUG]  - /Users/arseniyradaev/.gradle/caches/modules-2/files-2.1/net.minecraftforge/srgutils/0.4.11/fbad1341ffdb47d276bbdc40ecb06da49e053e74/srgutils-0.4.11.jar
[Architectury Transformer DEBUG]  - /Users/arseniyradaev/.gradle/caches/modules-2/files-2.1/org.codehaus.plexus/plexus-utils/3.3.0/cf43b5391de623b36fe066a21127baef82c64022/plexus-utils-3.3.0.jar
[Architectury Transformer DEBUG]  - /Users/arseniyradaev/.gradle/caches/modules-2/files-2.1/org.apache.commons/commons-lang3/3.12.0/c6842c86792ff03b9f1d1fe2aab8dc23aa6c6f0e/commons-lang3-3.12.0.jar
[Architectury Transformer DEBUG]  - /Users/arseniyradaev/.gradle/caches/modules-2/files-2.1/com.google.code.gson/gson/2.10/dd9b193aef96e973d5a11ab13cd17430c2e4306b/gson-2.10.jar
[Architectury Transformer DEBUG]  - /Users/arseniyradaev/.gradle/caches/modules-2/files-2.1/com.google.guava/guava/31.1-jre/60458f877d055d0c9114d9e1a2efb737b4bc282c/guava-31.1-jre.jar
[Architectury Transformer DEBUG]  - /Users/arseniyradaev/.gradle/caches/modules-2/files-2.1/com.machinezoo.noexception/noexception/1.7.1/b65330c98e38a1f915fa54a6e5eca496505e3f0a/noexception-1.7.1.jar
[Architectury Transformer DEBUG]  - /Users/arseniyradaev/.gradle/caches/modules-2/files-2.1/org.slf4j/slf4j-simple/1.7.30/e606eac955f55ecf1d8edcccba04eb8ac98088dd/slf4j-simple-1.7.30.jar
[Architectury Transformer DEBUG]  - /Users/arseniyradaev/.gradle/caches/modules-2/files-2.1/org.slf4j/slf4j-api/2.0.1/f48d81adce2abf5ad3cfe463df517952749e03bc/slf4j-api-2.0.1.jar
[Architectury Transformer DEBUG]  - /Users/arseniyradaev/.gradle/caches/modules-2/files-2.1/commons-io/commons-io/2.11.0/a2503f302b11ebde7ebc3df41daebe0e4eea3689/commons-io-2.11.0.jar
[Architectury Transformer DEBUG]  - /Users/arseniyradaev/.gradle/caches/modules-2/files-2.1/org.lwjgl/lwjgl-glfw/3.3.1/cbac1b8d30cb4795149c1ef540f912671a8616d0/lwjgl-glfw-3.3.1.jar
[Architectury Transformer DEBUG]  - /Users/arseniyradaev/.gradle/caches/modules-2/files-2.1/org.lwjgl/lwjgl-opengl/3.3.1/831a5533a21a5f4f81bbc51bb13e9899319b5411/lwjgl-opengl-3.3.1.jar
[Architectury Transformer DEBUG]  - /Users/arseniyradaev/.gradle/caches/modules-2/files-2.1/org.lwjgl/lwjgl-stb/3.3.1/b119297cf8ed01f247abe8685857f8e7fcf5980f/lwjgl-stb-3.3.1.jar
[Architectury Transformer DEBUG]  - /Users/arseniyradaev/.gradle/caches/modules-2/files-2.1/org.lwjgl/lwjgl-tinyfd/3.3.1/ff1914111ef2e3e0110ef2dabc8d8cdaad82347/lwjgl-tinyfd-3.3.1.jar
[Architectury Transformer DEBUG]  - /Users/arseniyradaev/.gradle/caches/modules-2/files-2.1/org.lwjgl/lwjgl/3.3.1/ae58664f88e18a9bb2c77b063833ca7aaec484cb/lwjgl-3.3.1.jar
[Architectury Transformer DEBUG]  - /Users/arseniyradaev/.gradle/caches/modules-2/files-2.1/org.antlr/ST4/4.3/92f2c1ad8d84abcbeead6cf7f2c53a04166293c2/ST4-4.3.jar
[Architectury Transformer DEBUG]  - /Users/arseniyradaev/.gradle/caches/modules-2/files-2.1/org.antlr/antlr-runtime/3.5.2/cd9cd41361c155f3af0f653009dcecb08d8b4afd/antlr-runtime-3.5.2.jar
[Architectury Transformer DEBUG]  - /Users/arseniyradaev/.gradle/caches/modules-2/files-2.1/org.abego.treelayout/org.abego.treelayout.core/1.0.3/457216e8e6578099ae63667bb1e4439235892028/org.abego.treelayout.core-1.0.3.jar
[Architectury Transformer DEBUG]  - /Users/arseniyradaev/.gradle/caches/modules-2/files-2.1/org.glassfish/javax.json/1.0.4/3178f73569fd7a1e5ffc464e680f7a8cc784b85a/javax.json-1.0.4.jar
[Architectury Transformer DEBUG]  - /Users/arseniyradaev/.gradle/caches/modules-2/files-2.1/com.ibm.icu/icu4j/71.1/9e7d3304c23f9ba5cb71915f7cce23231a57a445/icu4j-71.1.jar
[Architectury Transformer DEBUG]  - /Users/arseniyradaev/.gradle/caches/modules-2/files-2.1/com.google.guava/failureaccess/1.0.1/1dcf1de382a0bf95a3d8b0849546c88bac1292c9/failureaccess-1.0.1.jar
[Architectury Transformer DEBUG]  - /Users/arseniyradaev/.gradle/caches/modules-2/files-2.1/com.google.guava/listenablefuture/9999.0-empty-to-avoid-conflict-with-guava/b421526c5f297295adef1c886e5246c39d4ac629/listenablefuture-9999.0-empty-to-avoid-conflict-with-guava.jar
[Architectury Transformer DEBUG]  - /Users/arseniyradaev/.gradle/caches/modules-2/files-2.1/org.checkerframework/checker-qual/3.12.0/d5692f0526415fcc6de94bb5bfbd3afd9dd3b3e5/checker-qual-3.12.0.jar
[Architectury Transformer DEBUG]  - /Users/arseniyradaev/.gradle/caches/modules-2/files-2.1/com.google.errorprone/error_prone_annotations/2.11.0/c5a0ace696d3f8b1c1d8cc036d8c03cc0cbe6b69/error_prone_annotations-2.11.0.jar
[Architectury Transformer DEBUG]  - /Users/arseniyradaev/.gradle/caches/modules-2/files-2.1/com.google.j2objc/j2objc-annotations/1.3/ba035118bc8bac37d7eff77700720999acd9986d/j2objc-annotations-1.3.jar
[Architectury Transformer DEBUG]  - /Users/arseniyradaev/.gradle/caches/modules-2/files-2.1/dev.architectury/architectury-naming-service/2.0.9/c4c4732b3a00b67523c3028b49af402402be7883/architectury-naming-service-2.0.9.jar
[Architectury Transformer DEBUG]  - /Users/arseniyradaev/.gradle/caches/modules-2/files-2.1/dev.architectury/architectury-mixin-remapper-service/2.0.9/eede5ef35349f2b295fe1f3e7579382d26784b24/architectury-mixin-remapper-service-2.0.9.jar
[Architectury Transformer DEBUG]  - /Users/arseniyradaev/.gradle/caches/modules-2/files-2.1/dev.architectury/mcp-annotations/2.0.9/84f3d1e27805912592af0289d6fce0be53ee689a/mcp-annotations-2.0.9.jar
[Architectury Transformer DEBUG]  - /Users/arseniyradaev/.gradle/caches/modules-2/files-2.1/ca.weblite/java-objc-bridge/1.1/1227f9e0666314f9de41477e3ec277e542ed7f7b/java-objc-bridge-1.1.jar
[Architectury Transformer DEBUG]  - /Users/arseniyradaev/.gradle/caches/modules-2/files-2.1/com.github.oshi/oshi-core/6.2.2/54f5efc19bca95d709d9a37d19ffcbba3d21c1a6/oshi-core-6.2.2.jar
[Architectury Transformer DEBUG]  - /Users/arseniyradaev/.gradle/caches/modules-2/files-2.1/com.mojang/authlib/4.0.43/2ff9d747a77570a07a60d32ac77eb6162ad2a2d9/authlib-4.0.43.jar
[Architectury Transformer DEBUG]  - /Users/arseniyradaev/.gradle/caches/modules-2/files-2.1/com.mojang/blocklist/1.0.10/5c685c5ffa94c4cd39496c7184c1d122e515ecef/blocklist-1.0.10.jar
[Architectury Transformer DEBUG]  - /Users/arseniyradaev/.gradle/caches/modules-2/files-2.1/com.mojang/brigadier/1.1.8/5244ce82c3337bba4a196a3ce858bfaecc74404a/brigadier-1.1.8.jar
[Architectury Transformer DEBUG]  - /Users/arseniyradaev/.gradle/caches/modules-2/files-2.1/com.mojang/datafixerupper/6.0.8/3ba4a30557a9b057760af4011f909ba619fc5125/datafixerupper-6.0.8.jar
[Architectury Transformer DEBUG]  - /Users/arseniyradaev/.gradle/caches/modules-2/files-2.1/com.mojang/patchy/2.2.10/da05971b07cbb379d002cf7eaec6a2048211fefc/patchy-2.2.10.jar
[Architectury Transformer DEBUG]  - /Users/arseniyradaev/.gradle/caches/modules-2/files-2.1/com.mojang/text2speech/1.17.9/3cad216e3a7f0c19b4b394388bc9ffc446f13b14/text2speech-1.17.9.jar
[Architectury Transformer DEBUG]  - /Users/arseniyradaev/.gradle/caches/modules-2/files-2.1/commons-codec/commons-codec/1.15/49d94806b6e3dc933dacbd8acb0fdbab8ebd1e5d/commons-codec-1.15.jar
[Architectury Transformer DEBUG]  - /Users/arseniyradaev/.gradle/caches/modules-2/files-2.1/commons-logging/commons-logging/1.2/4bfc12adfe4842bf07b657f0369c4cb522955686/commons-logging-1.2.jar
[Architectury Transformer DEBUG]  - /Users/arseniyradaev/.gradle/caches/modules-2/files-2.1/io.netty/netty-buffer/4.1.82.Final/a544270cf1ae8b8077082f5036436a9a9971ea71/netty-buffer-4.1.82.Final.jar
[Architectury Transformer DEBUG]  - /Users/arseniyradaev/.gradle/caches/modules-2/files-2.1/io.netty/netty-codec/4.1.82.Final/b77200379acb345a9ffdece1c605e591ac3e4e0a/netty-codec-4.1.82.Final.jar
[Architectury Transformer DEBUG]  - /Users/arseniyradaev/.gradle/caches/modules-2/files-2.1/io.netty/netty-common/4.1.82.Final/22d148e85c3f5ebdacc0ce1f5aabb1d420f73f3/netty-common-4.1.82.Final.jar
[Architectury Transformer DEBUG]  - /Users/arseniyradaev/.gradle/caches/modules-2/files-2.1/io.netty/netty-handler/4.1.82.Final/644041d1fa96a5d3130a29e8978630d716d76e38/netty-handler-4.1.82.Final.jar
[Architectury Transformer DEBUG]  - /Users/arseniyradaev/.gradle/caches/modules-2/files-2.1/io.netty/netty-resolver/4.1.82.Final/38f665ae8dcd29032eea31245ba7806bed2e0fa8/netty-resolver-4.1.82.Final.jar
[Architectury Transformer DEBUG]  - /Users/arseniyradaev/.gradle/caches/modules-2/files-2.1/io.netty/netty-transport-classes-epoll/4.1.82.Final/e7c7dd18deac93105797f30057c912651ea76521/netty-transport-classes-epoll-4.1.82.Final.jar
[Architectury Transformer DEBUG]  - /Users/arseniyradaev/.gradle/caches/modules-2/files-2.1/io.netty/netty-transport-native-unix-common/4.1.82.Final/3e895b35ca1b8a0eca56cacff4c2dde5d2c6abce/netty-transport-native-unix-common-4.1.82.Final.jar
[Architectury Transformer DEBUG]  - /Users/arseniyradaev/.gradle/caches/modules-2/files-2.1/io.netty/netty-transport/4.1.82.Final/e431a218d91acb6476ccad5f5aafde50aa3945ca/netty-transport-4.1.82.Final.jar
[Architectury Transformer DEBUG]  - /Users/arseniyradaev/.gradle/caches/modules-2/files-2.1/it.unimi.dsi/fastutil/8.5.9/bb7ea75ecdb216654237830b3a96d87ad91f8cc5/fastutil-8.5.9.jar
[Architectury Transformer DEBUG]  - /Users/arseniyradaev/.gradle/caches/modules-2/files-2.1/net.java.dev.jna/jna-platform/5.12.1/97406a297c852f4a41e688a176ec675f72e8329/jna-platform-5.12.1.jar
[Architectury Transformer DEBUG]  - /Users/arseniyradaev/.gradle/caches/modules-2/files-2.1/net.java.dev.jna/jna/5.12.1/b1e93a735caea94f503e95e6fe79bf9cdc1e985d/jna-5.12.1.jar
[Architectury Transformer DEBUG]  - /Users/arseniyradaev/.gradle/caches/modules-2/files-2.1/org.apache.commons/commons-compress/1.21/4ec95b60d4e86b5c95a0e919cb172a0af98011ef/commons-compress-1.21.jar
[Architectury Transformer DEBUG]  - /Users/arseniyradaev/.gradle/caches/modules-2/files-2.1/org.apache.httpcomponents/httpclient/4.5.13/e5f6cae5ca7ecaac1ec2827a9e2d65ae2869cada/httpclient-4.5.13.jar
[Architectury Transformer DEBUG]  - /Users/arseniyradaev/.gradle/caches/modules-2/files-2.1/org.apache.httpcomponents/httpcore/4.4.15/7f2e0c573eaa7a74bac2e89b359e1f73d92a0a1d/httpcore-4.4.15.jar
[Architectury Transformer DEBUG]  - /Users/arseniyradaev/.gradle/caches/modules-2/files-2.1/org.joml/joml/1.10.5/22566d58af70ad3d72308bab63b8339906deb649/joml-1.10.5.jar
[Architectury Transformer DEBUG]  - /Users/arseniyradaev/.gradle/caches/modules-2/files-2.1/org.lwjgl/lwjgl-jemalloc/3.3.1/a817bcf213db49f710603677457567c37d53e103/lwjgl-jemalloc-3.3.1.jar
[Architectury Transformer DEBUG]  - /Users/arseniyradaev/.gradle/caches/modules-2/files-2.1/org.lwjgl/lwjgl-openal/3.3.1/2623a6b8ae1dfcd880738656a9f0243d2e6840bd/lwjgl-openal-3.3.1.jar
[Architectury Transformer DEBUG]  - /Users/arseniyradaev/.gradle/caches/fabric-loom/minecraftMaven/net/minecraft/forge-1.20.1-47.4.10-minecraft-merged/1.20.1-loom.mappings.1_20_1.layered+hash.40359-v2-forge-1.20.1-47.4.10/forge-1.20.1-47.4.10-minecraft-merged-1.20.1-loom.mappings.1_20_1.layered+hash.40359-v2-forge-1.20.1-47.4.10.jar
[Architectury Transformer DEBUG]  - /Users/arseniyradaev/.gradle/caches/modules-2/files-2.1/io.netty/netty-transport-native-epoll/4.1.82.Final/c7350a71920f3ae9142945e25fed4846cce53374/netty-transport-native-epoll-4.1.82.Final-linux-x86_64.jar
[Architectury Transformer DEBUG]  - /Users/arseniyradaev/.gradle/caches/modules-2/files-2.1/io.netty/netty-transport-native-epoll/4.1.82.Final/476409d6255001ca53a55f65b01c13822f8dc93a/netty-transport-native-epoll-4.1.82.Final-linux-aarch_64.jar
[Architectury Transformer DEBUG]  - /Users/arseniyradaev/Documents/IdeaProjects/Effectual/Effectual 1.20.1/.gradle/loom-cache/remapped_mods/remapped/dev/architectury/architectury-forge-0cd3bb3a/9.2.14/architectury-forge-0cd3bb3a-9.2.14.jar
[Architectury Transformer DEBUG]  - /Users/arseniyradaev/Documents/IdeaProjects/Effectual/Effectual 1.20.1/.gradle/loom-cache/remapped_mods/remapped/com/imeetake/tlib-forge-0cd3bb3a/1.4.1-1.20.1/tlib-forge-0cd3bb3a-1.4.1-1.20.1.jar
[Architectury Transformer DEBUG]  - /Users/arseniyradaev/Documents/IdeaProjects/Effectual/Effectual 1.20.1/.gradle/loom-cache/remapped_mods/remapped/me/shedaniel/cloth/cloth-config-forge-0cd3bb3a/11.1.118/cloth-config-forge-0cd3bb3a-11.1.118.jar
[Architectury Transformer] Read classpath in 1.185 s
[Architectury Transformer DEBUG] Closed File Systems for /Users/arseniyradaev/Documents/IdeaProjects/Effectual/Effectual 1.20.1/common/build/devlibs/effectual-common-1.3.0-1.20.1-dev.jar
[Architectury Transformer DEBUG] Transforming 8 transformer(s) from /Users/arseniyradaev/Documents/IdeaProjects/Effectual/Effectual 1.20.1/common/build/devlibs/effectual-common-1.3.0-1.20.1-dev.jar to /var/folders/b_/cxn8yk8s5pl079xlzj6txdjm0000gn/T/17835499466517419535.jar: 
[Architectury Transformer DEBUG]  - dev.architectury.transformer.transformers.RuntimeMixinRefmapDetector@4f638935
[Architectury Transformer DEBUG]  - dev.architectury.transformer.transformers.TransformExpectPlatform@4387b79e
[Architectury Transformer DEBUG]  - dev.architectury.transformer.transformers.RemapInjectables@6e75aa0d
[Architectury Transformer DEBUG]  - dev.architectury.transformer.transformers.TransformPlatformOnly@7fc229ab
[Architectury Transformer DEBUG]  - dev.architectury.transformer.transformers.TransformForgeAnnotations@2cbb3d47
[Architectury Transformer DEBUG]  - dev.architectury.transformer.transformers.TransformForgeEnvironment@527e5409
[Architectury Transformer DEBUG]  - dev.architectury.transformer.transformers.GenerateFakeForgeMod@1198b989
[Architectury Transformer DEBUG]  - dev.architectury.transformer.transformers.FixForgeMixin@7ff95560
[Architectury Transformer DEBUG] Transforming from /Users/arseniyradaev/Documents/IdeaProjects/Effectual/Effectual 1.20.1/common/build/devlibs/effectual-common-1.3.0-1.20.1-dev.jar to /var/folders/b_/cxn8yk8s5pl079xlzj6txdjm0000gn/T/17835499466517419535.jar with 8 transformer(s) on dev.architectury.transformer.handler.SimpleTransformerHandler
[Architectury Transformer DEBUG] Remapping with 1 mapping provider(s):
[Architectury Transformer DEBUG]  - dev.architectury.transformer.transformers.TransformForgeEnvironment$$Lambda/0x000007f00108d060@22a637e7
[Architectury Transformer DEBUG] Remapping Classes:
[Architectury Transformer DEBUG] net/fabricmc/api/EnvType -> net/minecraftforge/api/distmarker/Dist
[Architectury Transformer DEBUG] net/fabricmc/api/Environment -> net/minecraftforge/api/distmarker/OnlyIn
[Architectury Transformer DEBUG] Found class transformer
[Architectury Transformer DEBUG] Writing com/imeetake/effectual/ModParticles with maxs=true frames=true
[Architectury Transformer DEBUG] Writing com/imeetake/effectual/ModParticles$7 with maxs=true frames=true
[Architectury Transformer DEBUG] Writing com/imeetake/effectual/ModParticles$1 with maxs=true frames=true
[Architectury Transformer DEBUG] Writing com/imeetake/effectual/ModParticles$2 with maxs=true frames=true
[Architectury Transformer DEBUG] Writing com/imeetake/effectual/ModParticles$9 with maxs=true frames=true
[Architectury Transformer DEBUG] Writing com/imeetake/effectual/ModParticles$8 with maxs=true frames=true
[Architectury Transformer DEBUG] Writing com/imeetake/effectual/ModParticles$6 with maxs=true frames=true
[Architectury Transformer DEBUG] Writing com/imeetake/effectual/ModParticles$5 with maxs=true frames=true
[Architectury Transformer DEBUG] Writing com/imeetake/effectual/ModParticles$4 with maxs=true frames=true
[Architectury Transformer DEBUG] Writing com/imeetake/effectual/ModParticles$3 with maxs=true frames=true
[Architectury Transformer DEBUG] Writing com/imeetake/effectual/EffectualConfig with maxs=true frames=true
[Architectury Transformer DEBUG] Writing com/imeetake/effectual/Effectual with maxs=true frames=true
[Architectury Transformer DEBUG] Writing com/imeetake/effectual/EffectualClient with maxs=true frames=true
[Architectury Transformer DEBUG] Writing com/imeetake/effectual/EffectRegistry with maxs=true frames=true
[Architectury Transformer DEBUG] Writing com/imeetake/effectual/mixin/EntityMixin with maxs=true frames=true
[Architectury Transformer DEBUG] Writing com/imeetake/effectual/mixin/MetalHitMixin with maxs=true frames=true
[Architectury Transformer DEBUG] Writing com/imeetake/effectual/mixin/BlockPlaceMixin with maxs=true frames=true
[Architectury Transformer DEBUG] Writing com/imeetake/effectual/mixin/CampfireBlockMixin with maxs=true frames=true
[Architectury Transformer DEBUG] Writing com/imeetake/effectual/effects/AirTrail/AirTrailEffect with maxs=true frames=true
[Architectury Transformer DEBUG] Writing com/imeetake/effectual/effects/AirTrail/AirTrailParticle with maxs=true frames=true
[Architectury Transformer DEBUG] Writing com/imeetake/effectual/effects/MouthSteam/MouthSteamEffect with maxs=true frames=true
[Architectury Transformer DEBUG] Writing com/imeetake/effectual/effects/MouthSteam/MouthSteamParticleFactory with maxs=true frames=true
[Architectury Transformer DEBUG] Writing com/imeetake/effectual/effects/MouthSteam/MouthSteamParticle with maxs=true frames=true
[Architectury Transformer DEBUG] Writing com/imeetake/effectual/effects/MouthSteam/MouthSteamEffect$MovementState with maxs=true frames=true
[Architectury Transformer DEBUG] Writing com/imeetake/effectual/effects/GoldGlow/LanternGlowEffect with maxs=true frames=true
[Architectury Transformer DEBUG] Writing com/imeetake/effectual/effects/GoldGlow/TorchGlowEffect with maxs=true frames=true
[Architectury Transformer DEBUG] Writing com/imeetake/effectual/effects/GoldGlow/GoldGlowParticle with maxs=true frames=true
[Architectury Transformer DEBUG] Writing com/imeetake/effectual/effects/PlayerRunEffect/RunDustParticle with maxs=true frames=true
[Architectury Transformer DEBUG] Writing com/imeetake/effectual/effects/PlayerRunEffect/RunDustParticle$Weight with maxs=true frames=true
[Architectury Transformer DEBUG] Writing com/imeetake/effectual/effects/PlayerRunEffect/PlayerRunEffect with maxs=true frames=true
[Architectury Transformer DEBUG] Writing com/imeetake/effectual/effects/PlayerRunEffect/DustParticles/GravelDustParticle$Factory with maxs=true frames=true
[Architectury Transformer DEBUG] Writing com/imeetake/effectual/effects/PlayerRunEffect/DustParticles/GravelDustParticle with maxs=true frames=true
[Architectury Transformer DEBUG] Writing com/imeetake/effectual/effects/PlayerRunEffect/DustParticles/MudDustParticle with maxs=true frames=true
[Architectury Transformer DEBUG] Writing com/imeetake/effectual/effects/PlayerRunEffect/DustParticles/RedSandDustParticle$Factory with maxs=true frames=true
[Architectury Transformer DEBUG] Writing com/imeetake/effectual/effects/PlayerRunEffect/DustParticles/SandDustParticle$Factory with maxs=true frames=true
[Architectury Transformer DEBUG] Writing com/imeetake/effectual/effects/PlayerRunEffect/DustParticles/SnowDustParticle with maxs=true frames=true
[Architectury Transformer DEBUG] Writing com/imeetake/effectual/effects/PlayerRunEffect/DustParticles/RedSandDustParticle with maxs=true frames=true
[Architectury Transformer DEBUG] Writing com/imeetake/effectual/effects/PlayerRunEffect/DustParticles/SnowDustParticle$Factory with maxs=true frames=true
[Architectury Transformer DEBUG] Writing com/imeetake/effectual/effects/PlayerRunEffect/DustParticles/SandDustParticle with maxs=true frames=true
[Architectury Transformer DEBUG] Writing com/imeetake/effectual/effects/PlayerRunEffect/DustParticles/MudDustParticle$Factory with maxs=true frames=true
[Architectury Transformer DEBUG] Writing com/imeetake/effectual/effects/CauldronFill/CauldronFillEffect$Snapshot with maxs=true frames=true
[Architectury Transformer DEBUG] Writing com/imeetake/effectual/effects/CauldronFill/CauldronFillEffect with maxs=true frames=true
[Architectury Transformer DEBUG] Writing com/imeetake/effectual/effects/CauldronFill/CauldronFillEffect$Kind with maxs=true frames=true
[Architectury Transformer DEBUG] Writing com/imeetake/effectual/effects/Sparks/CampfireImprovements with maxs=true frames=true
[Architectury Transformer DEBUG] Writing com/imeetake/effectual/effects/Sparks/FireImprovements with maxs=true frames=true
[Architectury Transformer DEBUG] Writing com/imeetake/effectual/effects/Sparks/FurnaceSparksEffect with maxs=true frames=true
[Architectury Transformer DEBUG] Writing com/imeetake/effectual/effects/Sparks/SparkParticle with maxs=true frames=true
[Architectury Transformer DEBUG] Writing com/imeetake/effectual/effects/SparksSoul/SoulSparkParticle with maxs=true frames=true
[Architectury Transformer DEBUG] Writing com/imeetake/effectual/effects/SparksSoul/SoulFireImprovements with maxs=true frames=true
[Architectury Transformer DEBUG] Writing com/imeetake/effectual/effects/SparksSoul/SoulCampfireImprovements with maxs=true frames=true
[Architectury Transformer DEBUG] Writing com/imeetake/effectual/effects/SoulGlow/SoulLanternGlowEffect with maxs=true frames=true
[Architectury Transformer DEBUG] Writing com/imeetake/effectual/effects/SoulGlow/SoulTorchGlowEffect with maxs=true frames=true
[Architectury Transformer DEBUG] Writing com/imeetake/effectual/effects/SoulGlow/SoulGlowParticle with maxs=true frames=true
[Architectury Transformer DEBUG] Writing com/imeetake/effectual/effects/MetalSparks/MetalSparkParticle with maxs=true frames=true
[Architectury Transformer DEBUG] Writing com/imeetake/effectual/effects/MetalSparks/SparksCartEffect with maxs=true frames=true
[Architectury Transformer DEBUG] Writing com/imeetake/effectual/effects/CaveDust/CaveDustEffect with maxs=true frames=true
[Architectury Transformer DEBUG] Writing com/imeetake/effectual/effects/Bubbles/BubbleBreathEffect with maxs=true frames=true
[Architectury Transformer DEBUG] Writing com/imeetake/effectual/effects/Bubbles/BubblePotsEffect with maxs=true frames=true
[Architectury Transformer DEBUG] Writing com/imeetake/effectual/effects/Bubbles/BubbleChestEffect with maxs=true frames=true
[Architectury Transformer DEBUG] Writing com/imeetake/effectual/effects/StripEffect/StripEffect$Pending with maxs=true frames=true
[Architectury Transformer DEBUG] Writing com/imeetake/effectual/effects/StripEffect/StripEffect with maxs=true frames=true
[Architectury Transformer DEBUG] Writing com/imeetake/effectual/effects/WitherDecay/WitherDecayEffect with maxs=true frames=true
[Architectury Transformer DEBUG] Writing com/imeetake/effectual/effects/FireEntitySparks/EntitySparkParticle with maxs=true frames=true
[Architectury Transformer DEBUG] Writing com/imeetake/effectual/effects/FireEntitySparks/FireEntitySparksEffect with maxs=true frames=true
[Architectury Transformer DEBUG] Writing com/imeetake/effectual/effects/WaterDrip/WaterDripEffect with maxs=true frames=true
[Architectury Transformer DEBUG] Writing com/imeetake/effectual/effects/WaterDrip/WaterDripParticleFactory with maxs=true frames=true
[Architectury Transformer DEBUG] Writing com/imeetake/effectual/effects/WaterDrip/WaterDripParticle with maxs=true frames=true
[Architectury Transformer DEBUG] Writing com/imeetake/effectual/effects/SteamEffect/SteamEffect with maxs=true frames=true
[Architectury Transformer DEBUG] Checking whether /effectual-common-common-refmap.json is a mixin config.
[Architectury Transformer DEBUG] Checking whether /effectual.mixins.json is a mixin config.
[Architectury Transformer DEBUG] Checking whether /effectual-common-common-refmap.json is a mixin config.
[Architectury Transformer DEBUG] Checking whether /effectual.mixins.json is a mixin config.
[Architectury Transformer DEBUG] Found mixin config(s): effectual.mixins.json
[Architectury Transformer DEBUG] Appended Launch Argument: [--mixin.config, effectual.mixins.json]
[Architectury Transformer DEBUG] Remapping refmap from intermediary to srg: effectual-forge-forge-refmap.json
[Architectury Transformer DEBUG] Closed File Systems for /var/folders/b_/cxn8yk8s5pl079xlzj6txdjm0000gn/T/17835499466517419535.jar
[Architectury Transformer] Listening at /Users/arseniyradaev/Documents/IdeaProjects/Effectual/Effectual 1.20.1/common/build/devlibs/effectual-common-1.3.0-1.20.1-dev.jar
[Architectury Transformer DEBUG] Temporary jar [/var/folders/b_/cxn8yk8s5pl079xlzj6txdjm0000gn/T/17835499466517419535.jar] contains packages: com.imeetake.effectual.effects.CauldronFill, com.imeetake.effectual, com.imeetake.effectual.mixin, com.imeetake.effectual.effects.AirTrail, com.imeetake.effectual.effects.PlayerRunEffect, com.imeetake.effectual.effects.StripEffect, com.imeetake.effectual.effects.SoulGlow, com.imeetake.effectual.effects.SteamEffect, com.imeetake.effectual.effects.FireEntitySparks, com.imeetake.effectual.effects.WaterDrip, com.imeetake.effectual.effects.CaveDust, com.imeetake.effectual.effects.MetalSparks, com.imeetake.effectual.effects.SparksSoul, com.imeetake.effectual.effects.Bubbles, com.imeetake.effectual.effects.Sparks, com.imeetake.effectual.effects.MouthSteam, com.imeetake.effectual.effects.WitherDecay, com.imeetake.effectual.effects.GoldGlow, com.imeetake.effectual.effects.PlayerRunEffect.DustParticles
[Architectury Transformer DEBUG] Closed File Systems for /Users/arseniyradaev/Documents/IdeaProjects/Effectual/Effectual 1.20.1/common/build/devlibs/effectual-common-1.3.0-1.20.1-dev.jar
[Architectury Transformer DEBUG] Classpath entry [/Users/arseniyradaev/Documents/IdeaProjects/Effectual/Effectual 1.20.1/forge/build/classes/java/main] contains packages: com.imeetake.effectual.forge
[Architectury Transformer DEBUG] Classpath entry [/Users/arseniyradaev/Documents/IdeaProjects/Effectual/Effectual 1.20.1/common/build/classes/java/main] contains packages: com.imeetake.effectual.effects.CauldronFill, com.imeetake.effectual, com.imeetake.effectual.mixin, com.imeetake.effectual.effects.AirTrail, com.imeetake.effectual.effects.PlayerRunEffect, com.imeetake.effectual.effects.StripEffect, com.imeetake.effectual.effects.SoulGlow, com.imeetake.effectual.effects.SteamEffect, com.imeetake.effectual.effects.FireEntitySparks, com.imeetake.effectual.effects.WaterDrip, com.imeetake.effectual.effects.MetalSparks, com.imeetake.effectual.effects.CaveDust, com.imeetake.effectual.effects.SparksSoul, com.imeetake.effectual.effects.Bubbles, com.imeetake.effectual.effects.MouthSteam, com.imeetake.effectual.effects.Sparks, com.imeetake.effectual.effects.WitherDecay, com.imeetake.effectual.effects.GoldGlow, com.imeetake.effectual.effects.PlayerRunEffect.DustParticles
[Architectury Transformer] Removing duplicate classpath entry: /Users/arseniyradaev/Documents/IdeaProjects/Effectual/Effectual 1.20.1/common/build/classes/java/main
[Architectury Transformer DEBUG] Transforming from com/imeetake/effectual/Effectual.class to com/imeetake/effectual/Effectual.class with 8 transformer(s) on dev.architectury.transformer.handler.TinyRemapperPreparedTransformerHandler
[Architectury Transformer DEBUG] Remapping with 1 mapping provider(s):
[Architectury Transformer DEBUG]  - dev.architectury.transformer.transformers.TransformForgeEnvironment$$Lambda/0x000007f00108d060@22a637e7
[Architectury Transformer DEBUG] Remapping with Dirty Mappings...
[Architectury Transformer DEBUG] Remapping Classes:
[Architectury Transformer DEBUG] net/fabricmc/api/EnvType -> net/minecraftforge/api/distmarker/Dist
[Architectury Transformer DEBUG] net/fabricmc/api/Environment -> net/minecraftforge/api/distmarker/OnlyIn
[Architectury Transformer DEBUG] Found class transformer
[Architectury Transformer DEBUG] Writing com/imeetake/effectual/Effectual with maxs=true frames=true
[Architectury Transformer DEBUG] Remapping refmap from intermediary to srg: effectual-forge-forge-refmap.json
[Architectury Transformer DEBUG] Transformed com/imeetake/effectual/Effectual in 72.48 ms
[Architectury Transformer DEBUG] Transforming from com/imeetake/effectual/EffectualConfig.class to com/imeetake/effectual/EffectualConfig.class with 8 transformer(s) on dev.architectury.transformer.handler.TinyRemapperPreparedTransformerHandler
[Architectury Transformer DEBUG] Remapping with 1 mapping provider(s):
[Architectury Transformer DEBUG]  - dev.architectury.transformer.transformers.TransformForgeEnvironment$$Lambda/0x000007f00108d060@22a637e7
[Architectury Transformer DEBUG] Remapping Classes:
[Architectury Transformer DEBUG] net/fabricmc/api/EnvType -> net/minecraftforge/api/distmarker/Dist
[Architectury Transformer DEBUG] net/fabricmc/api/Environment -> net/minecraftforge/api/distmarker/OnlyIn
[Architectury Transformer DEBUG] Found class transformer
[Architectury Transformer DEBUG] Writing com/imeetake/effectual/EffectualConfig with maxs=true frames=true
[Architectury Transformer DEBUG] Remapping refmap from intermediary to srg: effectual-forge-forge-refmap.json
[Architectury Transformer DEBUG] Transformed com/imeetake/effectual/EffectualConfig in 9.110 ms
[Architectury Transformer DEBUG] Transforming from com/imeetake/effectual/EffectualClient.class to com/imeetake/effectual/EffectualClient.class with 8 transformer(s) on dev.architectury.transformer.handler.TinyRemapperPreparedTransformerHandler
[Architectury Transformer DEBUG] Remapping with 1 mapping provider(s):
[Architectury Transformer DEBUG]  - dev.architectury.transformer.transformers.TransformForgeEnvironment$$Lambda/0x000007f00108d060@22a637e7
[Architectury Transformer DEBUG] Remapping Classes:
[Architectury Transformer DEBUG] net/fabricmc/api/EnvType -> net/minecraftforge/api/distmarker/Dist
[Architectury Transformer DEBUG] net/fabricmc/api/Environment -> net/minecraftforge/api/distmarker/OnlyIn
[Architectury Transformer DEBUG] Found class transformer
[Architectury Transformer DEBUG] Writing com/imeetake/effectual/EffectualClient with maxs=true frames=true
[Architectury Transformer DEBUG] Remapping refmap from intermediary to srg: effectual-forge-forge-refmap.json
[Architectury Transformer DEBUG] Transformed com/imeetake/effectual/EffectualClient in 9.984 ms
[Architectury Transformer DEBUG] Transforming from com/imeetake/effectual/EffectRegistry.class to com/imeetake/effectual/EffectRegistry.class with 8 transformer(s) on dev.architectury.transformer.handler.TinyRemapperPreparedTransformerHandler
[Architectury Transformer DEBUG] Remapping with 1 mapping provider(s):
[Architectury Transformer DEBUG]  - dev.architectury.transformer.transformers.TransformForgeEnvironment$$Lambda/0x000007f00108d060@22a637e7
[Architectury Transformer DEBUG] Remapping Classes:
[Architectury Transformer DEBUG] net/fabricmc/api/EnvType -> net/minecraftforge/api/distmarker/Dist
[Architectury Transformer DEBUG] net/fabricmc/api/Environment -> net/minecraftforge/api/distmarker/OnlyIn
[Architectury Transformer DEBUG] Found class transformer
[Architectury Transformer DEBUG] Writing com/imeetake/effectual/EffectRegistry with maxs=true frames=true
[Architectury Transformer DEBUG] Remapping refmap from intermediary to srg: effectual-forge-forge-refmap.json
[Architectury Transformer DEBUG] Transformed com/imeetake/effectual/EffectRegistry in 9.665 ms
[Architectury Transformer DEBUG] Transforming from com/imeetake/effectual/effects/Bubbles/BubbleBreathEffect.class to com/imeetake/effectual/effects/Bubbles/BubbleBreathEffect.class with 8 transformer(s) on dev.architectury.transformer.handler.TinyRemapperPreparedTransformerHandler
[Architectury Transformer DEBUG] Remapping with 1 mapping provider(s):
[Architectury Transformer DEBUG]  - dev.architectury.transformer.transformers.TransformForgeEnvironment$$Lambda/0x000007f00108d060@22a637e7
[Architectury Transformer DEBUG] Remapping Classes:
[Architectury Transformer DEBUG] net/fabricmc/api/EnvType -> net/minecraftforge/api/distmarker/Dist
[Architectury Transformer DEBUG] net/fabricmc/api/Environment -> net/minecraftforge/api/distmarker/OnlyIn
[Architectury Transformer DEBUG] Found class transformer
[Architectury Transformer DEBUG] Writing com/imeetake/effectual/effects/Bubbles/BubbleBreathEffect with maxs=true frames=true
[Architectury Transformer DEBUG] Remapping refmap from intermediary to srg: effectual-forge-forge-refmap.json
[Architectury Transformer DEBUG] Transformed com/imeetake/effectual/effects/Bubbles/BubbleBreathEffect in 11.29 ms
[Architectury Transformer DEBUG] Transforming from com/imeetake/effectual/effects/Bubbles/BubbleChestEffect.class to com/imeetake/effectual/effects/Bubbles/BubbleChestEffect.class with 8 transformer(s) on dev.architectury.transformer.handler.TinyRemapperPreparedTransformerHandler
[Architectury Transformer DEBUG] Remapping with 1 mapping provider(s):
[Architectury Transformer DEBUG]  - dev.architectury.transformer.transformers.TransformForgeEnvironment$$Lambda/0x000007f00108d060@22a637e7
[Architectury Transformer DEBUG] Remapping Classes:
[Architectury Transformer DEBUG] net/fabricmc/api/EnvType -> net/minecraftforge/api/distmarker/Dist
[Architectury Transformer DEBUG] net/fabricmc/api/Environment -> net/minecraftforge/api/distmarker/OnlyIn
[Architectury Transformer DEBUG] Found class transformer
[Architectury Transformer DEBUG] Writing com/imeetake/effectual/effects/Bubbles/BubbleChestEffect with maxs=true frames=true
[Architectury Transformer DEBUG] Remapping refmap from intermediary to srg: effectual-forge-forge-refmap.json
[Architectury Transformer DEBUG] Transformed com/imeetake/effectual/effects/Bubbles/BubbleChestEffect in 9.796 ms
[Architectury Transformer DEBUG] Transforming from com/imeetake/effectual/effects/Bubbles/BubblePotsEffect.class to com/imeetake/effectual/effects/Bubbles/BubblePotsEffect.class with 8 transformer(s) on dev.architectury.transformer.handler.TinyRemapperPreparedTransformerHandler
[Architectury Transformer DEBUG] Remapping with 1 mapping provider(s):
[Architectury Transformer DEBUG]  - dev.architectury.transformer.transformers.TransformForgeEnvironment$$Lambda/0x000007f00108d060@22a637e7
[Architectury Transformer DEBUG] Remapping Classes:
[Architectury Transformer DEBUG] net/fabricmc/api/EnvType -> net/minecraftforge/api/distmarker/Dist
[Architectury Transformer DEBUG] net/fabricmc/api/Environment -> net/minecraftforge/api/distmarker/OnlyIn
[Architectury Transformer DEBUG] Found class transformer
[Architectury Transformer DEBUG] Writing com/imeetake/effectual/effects/Bubbles/BubblePotsEffect with maxs=true frames=true
[Architectury Transformer DEBUG] Remapping refmap from intermediary to srg: effectual-forge-forge-refmap.json
[Architectury Transformer DEBUG] Transformed com/imeetake/effectual/effects/Bubbles/BubblePotsEffect in 9.688 ms
[Architectury Transformer DEBUG] Transforming from com/imeetake/effectual/effects/CauldronFill/CauldronFillEffect.class to com/imeetake/effectual/effects/CauldronFill/CauldronFillEffect.class with 8 transformer(s) on dev.architectury.transformer.handler.TinyRemapperPreparedTransformerHandler
[Architectury Transformer DEBUG] Remapping with 1 mapping provider(s):
[Architectury Transformer DEBUG]  - dev.architectury.transformer.transformers.TransformForgeEnvironment$$Lambda/0x000007f00108d060@22a637e7
[Architectury Transformer DEBUG] Remapping Classes:
[Architectury Transformer DEBUG] net/fabricmc/api/EnvType -> net/minecraftforge/api/distmarker/Dist
[Architectury Transformer DEBUG] net/fabricmc/api/Environment -> net/minecraftforge/api/distmarker/OnlyIn
[Architectury Transformer DEBUG] Found class transformer
[Architectury Transformer DEBUG] Writing com/imeetake/effectual/effects/CauldronFill/CauldronFillEffect with maxs=true frames=true
[Architectury Transformer DEBUG] Remapping refmap from intermediary to srg: effectual-forge-forge-refmap.json
[Architectury Transformer DEBUG] Transformed com/imeetake/effectual/effects/CauldronFill/CauldronFillEffect in 7.962 ms
[Architectury Transformer DEBUG] Transforming from com/imeetake/effectual/effects/CaveDust/CaveDustEffect.class to com/imeetake/effectual/effects/CaveDust/CaveDustEffect.class with 8 transformer(s) on dev.architectury.transformer.handler.TinyRemapperPreparedTransformerHandler
[Architectury Transformer DEBUG] Remapping with 1 mapping provider(s):
[Architectury Transformer DEBUG]  - dev.architectury.transformer.transformers.TransformForgeEnvironment$$Lambda/0x000007f00108d060@22a637e7
[Architectury Transformer DEBUG] Remapping Classes:
[Architectury Transformer DEBUG] net/fabricmc/api/EnvType -> net/minecraftforge/api/distmarker/Dist
[Architectury Transformer DEBUG] net/fabricmc/api/Environment -> net/minecraftforge/api/distmarker/OnlyIn
[Architectury Transformer DEBUG] Found class transformer
[Architectury Transformer DEBUG] Writing com/imeetake/effectual/effects/CaveDust/CaveDustEffect with maxs=true frames=true
[Architectury Transformer DEBUG] Remapping refmap from intermediary to srg: effectual-forge-forge-refmap.json
[Architectury Transformer DEBUG] Transformed com/imeetake/effectual/effects/CaveDust/CaveDustEffect in 6.880 ms
[Architectury Transformer DEBUG] Transforming from com/imeetake/effectual/effects/PlayerRunEffect/PlayerRunEffect.class to com/imeetake/effectual/effects/PlayerRunEffect/PlayerRunEffect.class with 8 transformer(s) on dev.architectury.transformer.handler.TinyRemapperPreparedTransformerHandler
[Architectury Transformer DEBUG] Remapping with 1 mapping provider(s):
[Architectury Transformer DEBUG]  - dev.architectury.transformer.transformers.TransformForgeEnvironment$$Lambda/0x000007f00108d060@22a637e7
[Architectury Transformer DEBUG] Remapping Classes:
[Architectury Transformer DEBUG] net/fabricmc/api/EnvType -> net/minecraftforge/api/distmarker/Dist
[Architectury Transformer DEBUG] net/fabricmc/api/Environment -> net/minecraftforge/api/distmarker/OnlyIn
[Architectury Transformer DEBUG] Found class transformer
[Architectury Transformer DEBUG] Writing com/imeetake/effectual/effects/PlayerRunEffect/PlayerRunEffect with maxs=true frames=true
[Architectury Transformer DEBUG] Remapping refmap from intermediary to srg: effectual-forge-forge-refmap.json
[Architectury Transformer DEBUG] Transformed com/imeetake/effectual/effects/PlayerRunEffect/PlayerRunEffect in 10.22 ms
[Architectury Transformer DEBUG] Transforming from com/imeetake/effectual/effects/SteamEffect/SteamEffect.class to com/imeetake/effectual/effects/SteamEffect/SteamEffect.class with 8 transformer(s) on dev.architectury.transformer.handler.TinyRemapperPreparedTransformerHandler
[Architectury Transformer DEBUG] Remapping with 1 mapping provider(s):
[Architectury Transformer DEBUG]  - dev.architectury.transformer.transformers.TransformForgeEnvironment$$Lambda/0x000007f00108d060@22a637e7
[Architectury Transformer DEBUG] Remapping Classes:
[Architectury Transformer DEBUG] net/fabricmc/api/EnvType -> net/minecraftforge/api/distmarker/Dist
[Architectury Transformer DEBUG] net/fabricmc/api/Environment -> net/minecraftforge/api/distmarker/OnlyIn
[Architectury Transformer DEBUG] Found class transformer
[Architectury Transformer DEBUG] Writing com/imeetake/effectual/effects/SteamEffect/SteamEffect with maxs=true frames=true
[Architectury Transformer DEBUG] Remapping refmap from intermediary to srg: effectual-forge-forge-refmap.json
[Architectury Transformer DEBUG] Transformed com/imeetake/effectual/effects/SteamEffect/SteamEffect in 11.97 ms
[Architectury Transformer DEBUG] Transforming from com/imeetake/effectual/effects/StripEffect/StripEffect.class to com/imeetake/effectual/effects/StripEffect/StripEffect.class with 8 transformer(s) on dev.architectury.transformer.handler.TinyRemapperPreparedTransformerHandler
[Architectury Transformer DEBUG] Remapping with 1 mapping provider(s):
[Architectury Transformer DEBUG]  - dev.architectury.transformer.transformers.TransformForgeEnvironment$$Lambda/0x000007f00108d060@22a637e7
[Architectury Transformer DEBUG] Remapping Classes:
[Architectury Transformer DEBUG] net/fabricmc/api/EnvType -> net/minecraftforge/api/distmarker/Dist
[Architectury Transformer DEBUG] net/fabricmc/api/Environment -> net/minecraftforge/api/distmarker/OnlyIn
[Architectury Transformer DEBUG] Found class transformer
[Architectury Transformer DEBUG] Writing com/imeetake/effectual/effects/StripEffect/StripEffect with maxs=true frames=true
[Architectury Transformer DEBUG] Remapping refmap from intermediary to srg: effectual-forge-forge-refmap.json
[Architectury Transformer DEBUG] Transformed com/imeetake/effectual/effects/StripEffect/StripEffect in 12.83 ms
[Architectury Transformer DEBUG] Transforming from com/imeetake/effectual/effects/WitherDecay/WitherDecayEffect.class to com/imeetake/effectual/effects/WitherDecay/WitherDecayEffect.class with 8 transformer(s) on dev.architectury.transformer.handler.TinyRemapperPreparedTransformerHandler
[Architectury Transformer DEBUG] Remapping with 1 mapping provider(s):
[Architectury Transformer DEBUG]  - dev.architectury.transformer.transformers.TransformForgeEnvironment$$Lambda/0x000007f00108d060@22a637e7
[Architectury Transformer DEBUG] Remapping Classes:
[Architectury Transformer DEBUG] net/fabricmc/api/EnvType -> net/minecraftforge/api/distmarker/Dist
[Architectury Transformer DEBUG] net/fabricmc/api/Environment -> net/minecraftforge/api/distmarker/OnlyIn
[Architectury Transformer DEBUG] Found class transformer
[Architectury Transformer DEBUG] Writing com/imeetake/effectual/effects/WitherDecay/WitherDecayEffect with maxs=true frames=true
[Architectury Transformer DEBUG] Remapping refmap from intermediary to srg: effectual-forge-forge-refmap.json
[Architectury Transformer DEBUG] Transformed com/imeetake/effectual/effects/WitherDecay/WitherDecayEffect in 11.53 ms
[Architectury Transformer DEBUG] Transforming from com/imeetake/effectual/effects/MouthSteam/MouthSteamEffect.class to com/imeetake/effectual/effects/MouthSteam/MouthSteamEffect.class with 8 transformer(s) on dev.architectury.transformer.handler.TinyRemapperPreparedTransformerHandler
[Architectury Transformer DEBUG] Remapping with 1 mapping provider(s):
[Architectury Transformer DEBUG]  - dev.architectury.transformer.transformers.TransformForgeEnvironment$$Lambda/0x000007f00108d060@22a637e7
[Architectury Transformer DEBUG] Remapping Classes:
[Architectury Transformer DEBUG] net/fabricmc/api/EnvType -> net/minecraftforge/api/distmarker/Dist
[Architectury Transformer DEBUG] net/fabricmc/api/Environment -> net/minecraftforge/api/distmarker/OnlyIn
[Architectury Transformer DEBUG] Found class transformer
[Architectury Transformer DEBUG] Writing com/imeetake/effectual/effects/MouthSteam/MouthSteamEffect with maxs=true frames=true
[Architectury Transformer DEBUG] Remapping refmap from intermediary to srg: effectual-forge-forge-refmap.json
[Architectury Transformer DEBUG] Transformed com/imeetake/effectual/effects/MouthSteam/MouthSteamEffect in 8.993 ms
[Architectury Transformer DEBUG] Transforming from com/imeetake/effectual/effects/WaterDrip/WaterDripEffect.class to com/imeetake/effectual/effects/WaterDrip/WaterDripEffect.class with 8 transformer(s) on dev.architectury.transformer.handler.TinyRemapperPreparedTransformerHandler
[Architectury Transformer DEBUG] Remapping with 1 mapping provider(s):
[Architectury Transformer DEBUG]  - dev.architectury.transformer.transformers.TransformForgeEnvironment$$Lambda/0x000007f00108d060@22a637e7
[Architectury Transformer DEBUG] Remapping Classes:
[Architectury Transformer DEBUG] net/fabricmc/api/EnvType -> net/minecraftforge/api/distmarker/Dist
[Architectury Transformer DEBUG] net/fabricmc/api/Environment -> net/minecraftforge/api/distmarker/OnlyIn
[Architectury Transformer DEBUG] Found class transformer
[Architectury Transformer DEBUG] Writing com/imeetake/effectual/effects/WaterDrip/WaterDripEffect with maxs=true frames=true
[Architectury Transformer DEBUG] Remapping refmap from intermediary to srg: effectual-forge-forge-refmap.json
[Architectury Transformer DEBUG] Transformed com/imeetake/effectual/effects/WaterDrip/WaterDripEffect in 9.286 ms
[Architectury Transformer DEBUG] Transforming from com/imeetake/effectual/effects/AirTrail/AirTrailEffect.class to com/imeetake/effectual/effects/AirTrail/AirTrailEffect.class with 8 transformer(s) on dev.architectury.transformer.handler.TinyRemapperPreparedTransformerHandler
[Architectury Transformer DEBUG] Remapping with 1 mapping provider(s):
[Architectury Transformer DEBUG]  - dev.architectury.transformer.transformers.TransformForgeEnvironment$$Lambda/0x000007f00108d060@22a637e7
[Architectury Transformer DEBUG] Remapping Classes:
[Architectury Transformer DEBUG] net/fabricmc/api/EnvType -> net/minecraftforge/api/distmarker/Dist
[Architectury Transformer DEBUG] net/fabricmc/api/Environment -> net/minecraftforge/api/distmarker/OnlyIn
[Architectury Transformer DEBUG] Found class transformer
[Architectury Transformer DEBUG] Writing com/imeetake/effectual/effects/AirTrail/AirTrailEffect with maxs=true frames=true
[Architectury Transformer DEBUG] Remapping refmap from intermediary to srg: effectual-forge-forge-refmap.json
[Architectury Transformer DEBUG] Transformed com/imeetake/effectual/effects/AirTrail/AirTrailEffect in 9.282 ms
[Architectury Transformer DEBUG] Transforming from com/imeetake/effectual/effects/GoldGlow/TorchGlowEffect.class to com/imeetake/effectual/effects/GoldGlow/TorchGlowEffect.class with 8 transformer(s) on dev.architectury.transformer.handler.TinyRemapperPreparedTransformerHandler
[Architectury Transformer DEBUG] Remapping with 1 mapping provider(s):
[Architectury Transformer DEBUG]  - dev.architectury.transformer.transformers.TransformForgeEnvironment$$Lambda/0x000007f00108d060@22a637e7
[Architectury Transformer DEBUG] Remapping Classes:
[Architectury Transformer DEBUG] net/fabricmc/api/EnvType -> net/minecraftforge/api/distmarker/Dist
[Architectury Transformer DEBUG] net/fabricmc/api/Environment -> net/minecraftforge/api/distmarker/OnlyIn
[Architectury Transformer DEBUG] Found class transformer
[Architectury Transformer DEBUG] Writing com/imeetake/effectual/effects/GoldGlow/TorchGlowEffect with maxs=true frames=true
[Architectury Transformer DEBUG] Remapping refmap from intermediary to srg: effectual-forge-forge-refmap.json
[Architectury Transformer DEBUG] Transformed com/imeetake/effectual/effects/GoldGlow/TorchGlowEffect in 8.335 ms
[Architectury Transformer DEBUG] Transforming from com/imeetake/effectual/effects/GoldGlow/LanternGlowEffect.class to com/imeetake/effectual/effects/GoldGlow/LanternGlowEffect.class with 8 transformer(s) on dev.architectury.transformer.handler.TinyRemapperPreparedTransformerHandler
[Architectury Transformer DEBUG] Remapping with 1 mapping provider(s):
[Architectury Transformer DEBUG]  - dev.architectury.transformer.transformers.TransformForgeEnvironment$$Lambda/0x000007f00108d060@22a637e7
[Architectury Transformer DEBUG] Remapping Classes:
[Architectury Transformer DEBUG] net/fabricmc/api/EnvType -> net/minecraftforge/api/distmarker/Dist
[Architectury Transformer DEBUG] net/fabricmc/api/Environment -> net/minecraftforge/api/distmarker/OnlyIn
[Architectury Transformer DEBUG] Found class transformer
[Architectury Transformer DEBUG] Writing com/imeetake/effectual/effects/GoldGlow/LanternGlowEffect with maxs=true frames=true
[Architectury Transformer DEBUG] Remapping refmap from intermediary to srg: effectual-forge-forge-refmap.json
[Architectury Transformer DEBUG] Transformed com/imeetake/effectual/effects/GoldGlow/LanternGlowEffect in 8.040 ms
[Architectury Transformer DEBUG] Transforming from com/imeetake/effectual/effects/SoulGlow/SoulTorchGlowEffect.class to com/imeetake/effectual/effects/SoulGlow/SoulTorchGlowEffect.class with 8 transformer(s) on dev.architectury.transformer.handler.TinyRemapperPreparedTransformerHandler
[Architectury Transformer DEBUG] Remapping with 1 mapping provider(s):
[Architectury Transformer DEBUG]  - dev.architectury.transformer.transformers.TransformForgeEnvironment$$Lambda/0x000007f00108d060@22a637e7
[Architectury Transformer DEBUG] Remapping Classes:
[Architectury Transformer DEBUG] net/fabricmc/api/EnvType -> net/minecraftforge/api/distmarker/Dist
[Architectury Transformer DEBUG] net/fabricmc/api/Environment -> net/minecraftforge/api/distmarker/OnlyIn
[Architectury Transformer DEBUG] Found class transformer
[Architectury Transformer DEBUG] Writing com/imeetake/effectual/effects/SoulGlow/SoulTorchGlowEffect with maxs=true frames=true
[Architectury Transformer DEBUG] Remapping refmap from intermediary to srg: effectual-forge-forge-refmap.json
[Architectury Transformer DEBUG] Transformed com/imeetake/effectual/effects/SoulGlow/SoulTorchGlowEffect in 8.316 ms
[Architectury Transformer DEBUG] Transforming from com/imeetake/effectual/effects/SoulGlow/SoulLanternGlowEffect.class to com/imeetake/effectual/effects/SoulGlow/SoulLanternGlowEffect.class with 8 transformer(s) on dev.architectury.transformer.handler.TinyRemapperPreparedTransformerHandler
[Architectury Transformer DEBUG] Remapping with 1 mapping provider(s):
[Architectury Transformer DEBUG]  - dev.architectury.transformer.transformers.TransformForgeEnvironment$$Lambda/0x000007f00108d060@22a637e7
[Architectury Transformer DEBUG] Remapping Classes:
[Architectury Transformer DEBUG] net/fabricmc/api/EnvType -> net/minecraftforge/api/distmarker/Dist
[Architectury Transformer DEBUG] net/fabricmc/api/Environment -> net/minecraftforge/api/distmarker/OnlyIn
[Architectury Transformer DEBUG] Found class transformer
[Architectury Transformer DEBUG] Writing com/imeetake/effectual/effects/SoulGlow/SoulLanternGlowEffect with maxs=true frames=true
[Architectury Transformer DEBUG] Remapping refmap from intermediary to srg: effectual-forge-forge-refmap.json
[Architectury Transformer DEBUG] Transformed com/imeetake/effectual/effects/SoulGlow/SoulLanternGlowEffect in 9.858 ms
[Architectury Transformer DEBUG] Transforming from com/imeetake/effectual/effects/Sparks/FurnaceSparksEffect.class to com/imeetake/effectual/effects/Sparks/FurnaceSparksEffect.class with 8 transformer(s) on dev.architectury.transformer.handler.TinyRemapperPreparedTransformerHandler
[Architectury Transformer DEBUG] Remapping with 1 mapping provider(s):
[Architectury Transformer DEBUG]  - dev.architectury.transformer.transformers.TransformForgeEnvironment$$Lambda/0x000007f00108d060@22a637e7
[Architectury Transformer DEBUG] Remapping Classes:
[Architectury Transformer DEBUG] net/fabricmc/api/EnvType -> net/minecraftforge/api/distmarker/Dist
[Architectury Transformer DEBUG] net/fabricmc/api/Environment -> net/minecraftforge/api/distmarker/OnlyIn
[Architectury Transformer DEBUG] Found class transformer
[Architectury Transformer DEBUG] Writing com/imeetake/effectual/effects/Sparks/FurnaceSparksEffect with maxs=true frames=true
[Architectury Transformer DEBUG] Remapping refmap from intermediary to srg: effectual-forge-forge-refmap.json
[Architectury Transformer DEBUG] Transformed com/imeetake/effectual/effects/Sparks/FurnaceSparksEffect in 11.96 ms
[Architectury Transformer DEBUG] Transforming from com/imeetake/effectual/effects/Sparks/FireImprovements.class to com/imeetake/effectual/effects/Sparks/FireImprovements.class with 8 transformer(s) on dev.architectury.transformer.handler.TinyRemapperPreparedTransformerHandler
[Architectury Transformer DEBUG] Remapping with 1 mapping provider(s):
[Architectury Transformer DEBUG]  - dev.architectury.transformer.transformers.TransformForgeEnvironment$$Lambda/0x000007f00108d060@22a637e7
[Architectury Transformer DEBUG] Remapping Classes:
[Architectury Transformer DEBUG] net/fabricmc/api/EnvType -> net/minecraftforge/api/distmarker/Dist
[Architectury Transformer DEBUG] net/fabricmc/api/Environment -> net/minecraftforge/api/distmarker/OnlyIn
[Architectury Transformer DEBUG] Found class transformer
[Architectury Transformer DEBUG] Writing com/imeetake/effectual/effects/Sparks/FireImprovements with maxs=true frames=true
[Architectury Transformer DEBUG] Remapping refmap from intermediary to srg: effectual-forge-forge-refmap.json
[Architectury Transformer DEBUG] Transformed com/imeetake/effectual/effects/Sparks/FireImprovements in 9.602 ms
[Architectury Transformer DEBUG] Transforming from com/imeetake/effectual/effects/MetalSparks/SparksCartEffect.class to com/imeetake/effectual/effects/MetalSparks/SparksCartEffect.class with 8 transformer(s) on dev.architectury.transformer.handler.TinyRemapperPreparedTransformerHandler
[Architectury Transformer DEBUG] Remapping with 1 mapping provider(s):
[Architectury Transformer DEBUG]  - dev.architectury.transformer.transformers.TransformForgeEnvironment$$Lambda/0x000007f00108d060@22a637e7
[Architectury Transformer DEBUG] Remapping Classes:
[Architectury Transformer DEBUG] net/fabricmc/api/EnvType -> net/minecraftforge/api/distmarker/Dist
[Architectury Transformer DEBUG] net/fabricmc/api/Environment -> net/minecraftforge/api/distmarker/OnlyIn
[Architectury Transformer DEBUG] Found class transformer
[Architectury Transformer DEBUG] Writing com/imeetake/effectual/effects/MetalSparks/SparksCartEffect with maxs=true frames=true
[Architectury Transformer DEBUG] Remapping refmap from intermediary to srg: effectual-forge-forge-refmap.json
[Architectury Transformer DEBUG] Transformed com/imeetake/effectual/effects/MetalSparks/SparksCartEffect in 9.383 ms
[Architectury Transformer DEBUG] Transforming from com/imeetake/effectual/effects/SparksSoul/SoulFireImprovements.class to com/imeetake/effectual/effects/SparksSoul/SoulFireImprovements.class with 8 transformer(s) on dev.architectury.transformer.handler.TinyRemapperPreparedTransformerHandler
[Architectury Transformer DEBUG] Remapping with 1 mapping provider(s):
[Architectury Transformer DEBUG]  - dev.architectury.transformer.transformers.TransformForgeEnvironment$$Lambda/0x000007f00108d060@22a637e7
[Architectury Transformer DEBUG] Remapping Classes:
[Architectury Transformer DEBUG] net/fabricmc/api/EnvType -> net/minecraftforge/api/distmarker/Dist
[Architectury Transformer DEBUG] net/fabricmc/api/Environment -> net/minecraftforge/api/distmarker/OnlyIn
[Architectury Transformer DEBUG] Found class transformer
[Architectury Transformer DEBUG] Writing com/imeetake/effectual/effects/SparksSoul/SoulFireImprovements with maxs=true frames=true
[Architectury Transformer DEBUG] Remapping refmap from intermediary to srg: effectual-forge-forge-refmap.json
[Architectury Transformer DEBUG] Transformed com/imeetake/effectual/effects/SparksSoul/SoulFireImprovements in 9.113 ms
[Architectury Transformer DEBUG] Transforming from com/imeetake/effectual/ModParticles.class to com/imeetake/effectual/ModParticles.class with 8 transformer(s) on dev.architectury.transformer.handler.TinyRemapperPreparedTransformerHandler
[Architectury Transformer DEBUG] Remapping with 1 mapping provider(s):
[Architectury Transformer DEBUG]  - dev.architectury.transformer.transformers.TransformForgeEnvironment$$Lambda/0x000007f00108d060@22a637e7
[Architectury Transformer DEBUG] Remapping Classes:
[Architectury Transformer DEBUG] net/fabricmc/api/EnvType -> net/minecraftforge/api/distmarker/Dist
[Architectury Transformer DEBUG] net/fabricmc/api/Environment -> net/minecraftforge/api/distmarker/OnlyIn
[Architectury Transformer DEBUG] Found class transformer
[Architectury Transformer DEBUG] Writing com/imeetake/effectual/ModParticles with maxs=true frames=true
[Architectury Transformer DEBUG] Remapping refmap from intermediary to srg: effectual-forge-forge-refmap.json
[Architectury Transformer DEBUG] Transformed com/imeetake/effectual/ModParticles in 6.829 ms
[Architectury Transformer DEBUG] Transforming from com/imeetake/effectual/ModParticles$9.class to com/imeetake/effectual/ModParticles$9.class with 8 transformer(s) on dev.architectury.transformer.handler.TinyRemapperPreparedTransformerHandler
[Architectury Transformer DEBUG] Remapping with 1 mapping provider(s):
[Architectury Transformer DEBUG]  - dev.architectury.transformer.transformers.TransformForgeEnvironment$$Lambda/0x000007f00108d060@22a637e7
[Architectury Transformer DEBUG] Remapping Classes:
[Architectury Transformer DEBUG] net/fabricmc/api/EnvType -> net/minecraftforge/api/distmarker/Dist
[Architectury Transformer DEBUG] net/fabricmc/api/Environment -> net/minecraftforge/api/distmarker/OnlyIn
[Architectury Transformer DEBUG] Found class transformer
[Architectury Transformer DEBUG] Writing com/imeetake/effectual/ModParticles$9 with maxs=true frames=true
[Architectury Transformer DEBUG] Remapping refmap from intermediary to srg: effectual-forge-forge-refmap.json
[Architectury Transformer DEBUG] Transformed com/imeetake/effectual/ModParticles$9 in 4.504 ms
[Architectury Transformer DEBUG] Transforming from com/imeetake/effectual/ModParticles$8.class to com/imeetake/effectual/ModParticles$8.class with 8 transformer(s) on dev.architectury.transformer.handler.TinyRemapperPreparedTransformerHandler
[Architectury Transformer DEBUG] Remapping with 1 mapping provider(s):
[Architectury Transformer DEBUG]  - dev.architectury.transformer.transformers.TransformForgeEnvironment$$Lambda/0x000007f00108d060@22a637e7
[Architectury Transformer DEBUG] Remapping Classes:
[Architectury Transformer DEBUG] net/fabricmc/api/EnvType -> net/minecraftforge/api/distmarker/Dist
[Architectury Transformer DEBUG] net/fabricmc/api/Environment -> net/minecraftforge/api/distmarker/OnlyIn
[Architectury Transformer DEBUG] Found class transformer
[Architectury Transformer DEBUG] Writing com/imeetake/effectual/ModParticles$8 with maxs=true frames=true
[Architectury Transformer DEBUG] Remapping refmap from intermediary to srg: effectual-forge-forge-refmap.json
[Architectury Transformer DEBUG] Transformed com/imeetake/effectual/ModParticles$8 in 4.319 ms
[Architectury Transformer DEBUG] Transforming from com/imeetake/effectual/ModParticles$7.class to com/imeetake/effectual/ModParticles$7.class with 8 transformer(s) on dev.architectury.transformer.handler.TinyRemapperPreparedTransformerHandler
[Architectury Transformer DEBUG] Remapping with 1 mapping provider(s):
[Architectury Transformer DEBUG]  - dev.architectury.transformer.transformers.TransformForgeEnvironment$$Lambda/0x000007f00108d060@22a637e7
[Architectury Transformer DEBUG] Remapping Classes:
[Architectury Transformer DEBUG] net/fabricmc/api/EnvType -> net/minecraftforge/api/distmarker/Dist
[Architectury Transformer DEBUG] net/fabricmc/api/Environment -> net/minecraftforge/api/distmarker/OnlyIn
[Architectury Transformer DEBUG] Found class transformer
[Architectury Transformer DEBUG] Writing com/imeetake/effectual/ModParticles$7 with maxs=true frames=true
[Architectury Transformer DEBUG] Remapping refmap from intermediary to srg: effectual-forge-forge-refmap.json
[Architectury Transformer DEBUG] Transformed com/imeetake/effectual/ModParticles$7 in 3.855 ms
[Architectury Transformer DEBUG] Transforming from com/imeetake/effectual/ModParticles$6.class to com/imeetake/effectual/ModParticles$6.class with 8 transformer(s) on dev.architectury.transformer.handler.TinyRemapperPreparedTransformerHandler
[Architectury Transformer DEBUG] Remapping with 1 mapping provider(s):
[Architectury Transformer DEBUG]  - dev.architectury.transformer.transformers.TransformForgeEnvironment$$Lambda/0x000007f00108d060@22a637e7
[Architectury Transformer DEBUG] Remapping Classes:
[Architectury Transformer DEBUG] net/fabricmc/api/EnvType -> net/minecraftforge/api/distmarker/Dist
[Architectury Transformer DEBUG] net/fabricmc/api/Environment -> net/minecraftforge/api/distmarker/OnlyIn
[Architectury Transformer DEBUG] Found class transformer
[Architectury Transformer DEBUG] Writing com/imeetake/effectual/ModParticles$6 with maxs=true frames=true
[Architectury Transformer DEBUG] Remapping refmap from intermediary to srg: effectual-forge-forge-refmap.json
[Architectury Transformer DEBUG] Transformed com/imeetake/effectual/ModParticles$6 in 4.052 ms
[Architectury Transformer DEBUG] Transforming from com/imeetake/effectual/ModParticles$5.class to com/imeetake/effectual/ModParticles$5.class with 8 transformer(s) on dev.architectury.transformer.handler.TinyRemapperPreparedTransformerHandler
[Architectury Transformer DEBUG] Remapping with 1 mapping provider(s):
[Architectury Transformer DEBUG]  - dev.architectury.transformer.transformers.TransformForgeEnvironment$$Lambda/0x000007f00108d060@22a637e7
[Architectury Transformer DEBUG] Remapping Classes:
[Architectury Transformer DEBUG] net/fabricmc/api/EnvType -> net/minecraftforge/api/distmarker/Dist
[Architectury Transformer DEBUG] net/fabricmc/api/Environment -> net/minecraftforge/api/distmarker/OnlyIn
[Architectury Transformer DEBUG] Found class transformer
[Architectury Transformer DEBUG] Writing com/imeetake/effectual/ModParticles$5 with maxs=true frames=true
[Architectury Transformer DEBUG] Remapping refmap from intermediary to srg: effectual-forge-forge-refmap.json
[Architectury Transformer DEBUG] Transformed com/imeetake/effectual/ModParticles$5 in 3.720 ms
[Architectury Transformer DEBUG] Transforming from com/imeetake/effectual/ModParticles$4.class to com/imeetake/effectual/ModParticles$4.class with 8 transformer(s) on dev.architectury.transformer.handler.TinyRemapperPreparedTransformerHandler
[Architectury Transformer DEBUG] Remapping with 1 mapping provider(s):
[Architectury Transformer DEBUG]  - dev.architectury.transformer.transformers.TransformForgeEnvironment$$Lambda/0x000007f00108d060@22a637e7
[Architectury Transformer DEBUG] Remapping Classes:
[Architectury Transformer DEBUG] net/fabricmc/api/EnvType -> net/minecraftforge/api/distmarker/Dist
[Architectury Transformer DEBUG] net/fabricmc/api/Environment -> net/minecraftforge/api/distmarker/OnlyIn
[Architectury Transformer DEBUG] Found class transformer
[Architectury Transformer DEBUG] Writing com/imeetake/effectual/ModParticles$4 with maxs=true frames=true
[Architectury Transformer DEBUG] Remapping refmap from intermediary to srg: effectual-forge-forge-refmap.json
[Architectury Transformer DEBUG] Transformed com/imeetake/effectual/ModParticles$4 in 4.254 ms
[Architectury Transformer DEBUG] Transforming from com/imeetake/effectual/ModParticles$3.class to com/imeetake/effectual/ModParticles$3.class with 8 transformer(s) on dev.architectury.transformer.handler.TinyRemapperPreparedTransformerHandler
[Architectury Transformer DEBUG] Remapping with 1 mapping provider(s):
[Architectury Transformer DEBUG]  - dev.architectury.transformer.transformers.TransformForgeEnvironment$$Lambda/0x000007f00108d060@22a637e7
[Architectury Transformer DEBUG] Remapping Classes:
[Architectury Transformer DEBUG] net/fabricmc/api/EnvType -> net/minecraftforge/api/distmarker/Dist
[Architectury Transformer DEBUG] net/fabricmc/api/Environment -> net/minecraftforge/api/distmarker/OnlyIn
[Architectury Transformer DEBUG] Found class transformer
[Architectury Transformer DEBUG] Writing com/imeetake/effectual/ModParticles$3 with maxs=true frames=true
[Architectury Transformer DEBUG] Remapping refmap from intermediary to srg: effectual-forge-forge-refmap.json
[Architectury Transformer DEBUG] Transformed com/imeetake/effectual/ModParticles$3 in 3.537 ms
[Architectury Transformer DEBUG] Transforming from com/imeetake/effectual/ModParticles$1.class to com/imeetake/effectual/ModParticles$1.class with 8 transformer(s) on dev.architectury.transformer.handler.TinyRemapperPreparedTransformerHandler
[Architectury Transformer DEBUG] Remapping with 1 mapping provider(s):
[Architectury Transformer DEBUG]  - dev.architectury.transformer.transformers.TransformForgeEnvironment$$Lambda/0x000007f00108d060@22a637e7
[Architectury Transformer DEBUG] Remapping Classes:
[Architectury Transformer DEBUG] net/fabricmc/api/EnvType -> net/minecraftforge/api/distmarker/Dist
[Architectury Transformer DEBUG] net/fabricmc/api/Environment -> net/minecraftforge/api/distmarker/OnlyIn
[Architectury Transformer DEBUG] Found class transformer
[Architectury Transformer DEBUG] Writing com/imeetake/effectual/ModParticles$1 with maxs=true frames=true
[Architectury Transformer DEBUG] Remapping refmap from intermediary to srg: effectual-forge-forge-refmap.json
[Architectury Transformer DEBUG] Transformed com/imeetake/effectual/ModParticles$1 in 3.609 ms
[Architectury Transformer DEBUG] Transforming from com/imeetake/effectual/ModParticles$2.class to com/imeetake/effectual/ModParticles$2.class with 8 transformer(s) on dev.architectury.transformer.handler.TinyRemapperPreparedTransformerHandler
[Architectury Transformer DEBUG] Remapping with 1 mapping provider(s):
[Architectury Transformer DEBUG]  - dev.architectury.transformer.transformers.TransformForgeEnvironment$$Lambda/0x000007f00108d060@22a637e7
[Architectury Transformer DEBUG] Remapping Classes:
[Architectury Transformer DEBUG] net/fabricmc/api/EnvType -> net/minecraftforge/api/distmarker/Dist
[Architectury Transformer DEBUG] net/fabricmc/api/Environment -> net/minecraftforge/api/distmarker/OnlyIn
[Architectury Transformer DEBUG] Found class transformer
[Architectury Transformer DEBUG] Writing com/imeetake/effectual/ModParticles$2 with maxs=true frames=true
[Architectury Transformer DEBUG] Remapping refmap from intermediary to srg: effectual-forge-forge-refmap.json
[Architectury Transformer DEBUG] Transformed com/imeetake/effectual/ModParticles$2 in 3.339 ms
[Architectury Transformer DEBUG] Transforming from com/imeetake/effectual/effects/PlayerRunEffect/DustParticles/SandDustParticle$Factory.class to com/imeetake/effectual/effects/PlayerRunEffect/DustParticles/SandDustParticle$Factory.class with 8 transformer(s) on dev.architectury.transformer.handler.TinyRemapperPreparedTransformerHandler
[Architectury Transformer DEBUG] Remapping with 1 mapping provider(s):
[Architectury Transformer DEBUG]  - dev.architectury.transformer.transformers.TransformForgeEnvironment$$Lambda/0x000007f00108d060@22a637e7
[Architectury Transformer DEBUG] Remapping Classes:
[Architectury Transformer DEBUG] net/fabricmc/api/EnvType -> net/minecraftforge/api/distmarker/Dist
[Architectury Transformer DEBUG] net/fabricmc/api/Environment -> net/minecraftforge/api/distmarker/OnlyIn
[Architectury Transformer DEBUG] Found class transformer
[Architectury Transformer DEBUG] Writing com/imeetake/effectual/effects/PlayerRunEffect/DustParticles/SandDustParticle$Factory with maxs=true frames=true
[Architectury Transformer DEBUG] Remapping refmap from intermediary to srg: effectual-forge-forge-refmap.json
[Architectury Transformer DEBUG] Transformed com/imeetake/effectual/effects/PlayerRunEffect/DustParticles/SandDustParticle$Factory in 3.713 ms
[Architectury Transformer DEBUG] Transforming from com/imeetake/effectual/effects/PlayerRunEffect/RunDustParticle.class to com/imeetake/effectual/effects/PlayerRunEffect/RunDustParticle.class with 8 transformer(s) on dev.architectury.transformer.handler.TinyRemapperPreparedTransformerHandler
[Architectury Transformer DEBUG] Remapping with 1 mapping provider(s):
[Architectury Transformer DEBUG]  - dev.architectury.transformer.transformers.TransformForgeEnvironment$$Lambda/0x000007f00108d060@22a637e7
[Architectury Transformer DEBUG] Remapping Classes:
[Architectury Transformer DEBUG] net/fabricmc/api/EnvType -> net/minecraftforge/api/distmarker/Dist
[Architectury Transformer DEBUG] net/fabricmc/api/Environment -> net/minecraftforge/api/distmarker/OnlyIn
[Architectury Transformer DEBUG] Found class transformer
[Architectury Transformer DEBUG] Writing com/imeetake/effectual/effects/PlayerRunEffect/RunDustParticle with maxs=true frames=true
[Architectury Transformer DEBUG] Remapping refmap from intermediary to srg: effectual-forge-forge-refmap.json
[Architectury Transformer DEBUG] Transformed com/imeetake/effectual/effects/PlayerRunEffect/RunDustParticle in 4.184 ms
[Architectury Transformer DEBUG] Transforming from com/imeetake/effectual/effects/PlayerRunEffect/DustParticles/SandDustParticle.class to com/imeetake/effectual/effects/PlayerRunEffect/DustParticles/SandDustParticle.class with 8 transformer(s) on dev.architectury.transformer.handler.TinyRemapperPreparedTransformerHandler
[Architectury Transformer DEBUG] Remapping with 1 mapping provider(s):
[Architectury Transformer DEBUG]  - dev.architectury.transformer.transformers.TransformForgeEnvironment$$Lambda/0x000007f00108d060@22a637e7
[Architectury Transformer DEBUG] Remapping Classes:
[Architectury Transformer DEBUG] net/fabricmc/api/EnvType -> net/minecraftforge/api/distmarker/Dist
[Architectury Transformer DEBUG] net/fabricmc/api/Environment -> net/minecraftforge/api/distmarker/OnlyIn
[Architectury Transformer DEBUG] Found class transformer
[Architectury Transformer DEBUG] Writing com/imeetake/effectual/effects/PlayerRunEffect/DustParticles/SandDustParticle with maxs=true frames=true
[Architectury Transformer DEBUG] Remapping refmap from intermediary to srg: effectual-forge-forge-refmap.json
[Architectury Transformer DEBUG] Transformed com/imeetake/effectual/effects/PlayerRunEffect/DustParticles/SandDustParticle in 2.650 ms
[Architectury Transformer DEBUG] Transforming from com/imeetake/effectual/effects/PlayerRunEffect/DustParticles/RedSandDustParticle$Factory.class to com/imeetake/effectual/effects/PlayerRunEffect/DustParticles/RedSandDustParticle$Factory.class with 8 transformer(s) on dev.architectury.transformer.handler.TinyRemapperPreparedTransformerHandler
[Architectury Transformer DEBUG] Remapping with 1 mapping provider(s):
[Architectury Transformer DEBUG]  - dev.architectury.transformer.transformers.TransformForgeEnvironment$$Lambda/0x000007f00108d060@22a637e7
[Architectury Transformer DEBUG] Remapping Classes:
[Architectury Transformer DEBUG] net/fabricmc/api/EnvType -> net/minecraftforge/api/distmarker/Dist
[Architectury Transformer DEBUG] net/fabricmc/api/Environment -> net/minecraftforge/api/distmarker/OnlyIn
[Architectury Transformer DEBUG] Found class transformer
[Architectury Transformer DEBUG] Writing com/imeetake/effectual/effects/PlayerRunEffect/DustParticles/RedSandDustParticle$Factory with maxs=true frames=true
[Architectury Transformer DEBUG] Remapping refmap from intermediary to srg: effectual-forge-forge-refmap.json
[Architectury Transformer DEBUG] Transformed com/imeetake/effectual/effects/PlayerRunEffect/DustParticles/RedSandDustParticle$Factory in 2.930 ms
[Architectury Transformer DEBUG] Transforming from com/imeetake/effectual/effects/PlayerRunEffect/DustParticles/RedSandDustParticle.class to com/imeetake/effectual/effects/PlayerRunEffect/DustParticles/RedSandDustParticle.class with 8 transformer(s) on dev.architectury.transformer.handler.TinyRemapperPreparedTransformerHandler
[Architectury Transformer DEBUG] Remapping with 1 mapping provider(s):
[Architectury Transformer DEBUG]  - dev.architectury.transformer.transformers.TransformForgeEnvironment$$Lambda/0x000007f00108d060@22a637e7
[Architectury Transformer DEBUG] Remapping Classes:
[Architectury Transformer DEBUG] net/fabricmc/api/EnvType -> net/minecraftforge/api/distmarker/Dist
[Architectury Transformer DEBUG] net/fabricmc/api/Environment -> net/minecraftforge/api/distmarker/OnlyIn
[Architectury Transformer DEBUG] Found class transformer
[Architectury Transformer DEBUG] Writing com/imeetake/effectual/effects/PlayerRunEffect/DustParticles/RedSandDustParticle with maxs=true frames=true
[Architectury Transformer DEBUG] Remapping refmap from intermediary to srg: effectual-forge-forge-refmap.json
[Architectury Transformer DEBUG] Transformed com/imeetake/effectual/effects/PlayerRunEffect/DustParticles/RedSandDustParticle in 2.450 ms
[Architectury Transformer DEBUG] Transforming from com/imeetake/effectual/effects/PlayerRunEffect/DustParticles/SnowDustParticle$Factory.class to com/imeetake/effectual/effects/PlayerRunEffect/DustParticles/SnowDustParticle$Factory.class with 8 transformer(s) on dev.architectury.transformer.handler.TinyRemapperPreparedTransformerHandler
[Architectury Transformer DEBUG] Remapping with 1 mapping provider(s):
[Architectury Transformer DEBUG]  - dev.architectury.transformer.transformers.TransformForgeEnvironment$$Lambda/0x000007f00108d060@22a637e7
[Architectury Transformer DEBUG] Remapping Classes:
[Architectury Transformer DEBUG] net/fabricmc/api/EnvType -> net/minecraftforge/api/distmarker/Dist
[Architectury Transformer DEBUG] net/fabricmc/api/Environment -> net/minecraftforge/api/distmarker/OnlyIn
[Architectury Transformer DEBUG] Found class transformer
[Architectury Transformer DEBUG] Writing com/imeetake/effectual/effects/PlayerRunEffect/DustParticles/SnowDustParticle$Factory with maxs=true frames=true
[Architectury Transformer DEBUG] Remapping refmap from intermediary to srg: effectual-forge-forge-refmap.json
[Architectury Transformer DEBUG] Transformed com/imeetake/effectual/effects/PlayerRunEffect/DustParticles/SnowDustParticle$Factory in 3.710 ms
[Architectury Transformer DEBUG] Transforming from com/imeetake/effectual/effects/PlayerRunEffect/DustParticles/SnowDustParticle.class to com/imeetake/effectual/effects/PlayerRunEffect/DustParticles/SnowDustParticle.class with 8 transformer(s) on dev.architectury.transformer.handler.TinyRemapperPreparedTransformerHandler
[Architectury Transformer DEBUG] Remapping with 1 mapping provider(s):
[Architectury Transformer DEBUG]  - dev.architectury.transformer.transformers.TransformForgeEnvironment$$Lambda/0x000007f00108d060@22a637e7
[Architectury Transformer DEBUG] Remapping Classes:
[Architectury Transformer DEBUG] net/fabricmc/api/EnvType -> net/minecraftforge/api/distmarker/Dist
[Architectury Transformer DEBUG] net/fabricmc/api/Environment -> net/minecraftforge/api/distmarker/OnlyIn
[Architectury Transformer DEBUG] Found class transformer
[Architectury Transformer DEBUG] Writing com/imeetake/effectual/effects/PlayerRunEffect/DustParticles/SnowDustParticle with maxs=true frames=true
[Architectury Transformer DEBUG] Remapping refmap from intermediary to srg: effectual-forge-forge-refmap.json
[Architectury Transformer DEBUG] Transformed com/imeetake/effectual/effects/PlayerRunEffect/DustParticles/SnowDustParticle in 2.875 ms
[Architectury Transformer DEBUG] Transforming from com/imeetake/effectual/effects/PlayerRunEffect/DustParticles/GravelDustParticle$Factory.class to com/imeetake/effectual/effects/PlayerRunEffect/DustParticles/GravelDustParticle$Factory.class with 8 transformer(s) on dev.architectury.transformer.handler.TinyRemapperPreparedTransformerHandler
[Architectury Transformer DEBUG] Remapping with 1 mapping provider(s):
[Architectury Transformer DEBUG]  - dev.architectury.transformer.transformers.TransformForgeEnvironment$$Lambda/0x000007f00108d060@22a637e7
[Architectury Transformer DEBUG] Remapping Classes:
[Architectury Transformer DEBUG] net/fabricmc/api/EnvType -> net/minecraftforge/api/distmarker/Dist
[Architectury Transformer DEBUG] net/fabricmc/api/Environment -> net/minecraftforge/api/distmarker/OnlyIn
[Architectury Transformer DEBUG] Found class transformer
[Architectury Transformer DEBUG] Writing com/imeetake/effectual/effects/PlayerRunEffect/DustParticles/GravelDustParticle$Factory with maxs=true frames=true
[Architectury Transformer DEBUG] Remapping refmap from intermediary to srg: effectual-forge-forge-refmap.json
[Architectury Transformer DEBUG] Transformed com/imeetake/effectual/effects/PlayerRunEffect/DustParticles/GravelDustParticle$Factory in 3.578 ms
[Architectury Transformer DEBUG] Transforming from com/imeetake/effectual/effects/PlayerRunEffect/DustParticles/GravelDustParticle.class to com/imeetake/effectual/effects/PlayerRunEffect/DustParticles/GravelDustParticle.class with 8 transformer(s) on dev.architectury.transformer.handler.TinyRemapperPreparedTransformerHandler
[Architectury Transformer DEBUG] Remapping with 1 mapping provider(s):
[Architectury Transformer DEBUG]  - dev.architectury.transformer.transformers.TransformForgeEnvironment$$Lambda/0x000007f00108d060@22a637e7
[Architectury Transformer DEBUG] Remapping Classes:
[Architectury Transformer DEBUG] net/fabricmc/api/EnvType -> net/minecraftforge/api/distmarker/Dist
[Architectury Transformer DEBUG] net/fabricmc/api/Environment -> net/minecraftforge/api/distmarker/OnlyIn
[Architectury Transformer DEBUG] Found class transformer
[Architectury Transformer DEBUG] Writing com/imeetake/effectual/effects/PlayerRunEffect/DustParticles/GravelDustParticle with maxs=true frames=true
[Architectury Transformer DEBUG] Remapping refmap from intermediary to srg: effectual-forge-forge-refmap.json
[Architectury Transformer DEBUG] Transformed com/imeetake/effectual/effects/PlayerRunEffect/DustParticles/GravelDustParticle in 3.455 ms
[Architectury Transformer DEBUG] Transforming from com/imeetake/effectual/effects/PlayerRunEffect/DustParticles/MudDustParticle$Factory.class to com/imeetake/effectual/effects/PlayerRunEffect/DustParticles/MudDustParticle$Factory.class with 8 transformer(s) on dev.architectury.transformer.handler.TinyRemapperPreparedTransformerHandler
[Architectury Transformer DEBUG] Remapping with 1 mapping provider(s):
[Architectury Transformer DEBUG]  - dev.architectury.transformer.transformers.TransformForgeEnvironment$$Lambda/0x000007f00108d060@22a637e7
[Architectury Transformer DEBUG] Remapping Classes:
[Architectury Transformer DEBUG] net/fabricmc/api/EnvType -> net/minecraftforge/api/distmarker/Dist
[Architectury Transformer DEBUG] net/fabricmc/api/Environment -> net/minecraftforge/api/distmarker/OnlyIn
[Architectury Transformer DEBUG] Found class transformer
[Architectury Transformer DEBUG] Writing com/imeetake/effectual/effects/PlayerRunEffect/DustParticles/MudDustParticle$Factory with maxs=true frames=true
[Architectury Transformer DEBUG] Remapping refmap from intermediary to srg: effectual-forge-forge-refmap.json
[Architectury Transformer DEBUG] Transformed com/imeetake/effectual/effects/PlayerRunEffect/DustParticles/MudDustParticle$Factory in 2.980 ms
[Architectury Transformer DEBUG] Transforming from com/imeetake/effectual/effects/PlayerRunEffect/DustParticles/MudDustParticle.class to com/imeetake/effectual/effects/PlayerRunEffect/DustParticles/MudDustParticle.class with 8 transformer(s) on dev.architectury.transformer.handler.TinyRemapperPreparedTransformerHandler
[Architectury Transformer DEBUG] Remapping with 1 mapping provider(s):
[Architectury Transformer DEBUG]  - dev.architectury.transformer.transformers.TransformForgeEnvironment$$Lambda/0x000007f00108d060@22a637e7
[Architectury Transformer DEBUG] Remapping Classes:
[Architectury Transformer DEBUG] net/fabricmc/api/EnvType -> net/minecraftforge/api/distmarker/Dist
[Architectury Transformer DEBUG] net/fabricmc/api/Environment -> net/minecraftforge/api/distmarker/OnlyIn
[Architectury Transformer DEBUG] Found class transformer
[Architectury Transformer DEBUG] Writing com/imeetake/effectual/effects/PlayerRunEffect/DustParticles/MudDustParticle with maxs=true frames=true
[Architectury Transformer DEBUG] Remapping refmap from intermediary to srg: effectual-forge-forge-refmap.json
[Architectury Transformer DEBUG] Transformed com/imeetake/effectual/effects/PlayerRunEffect/DustParticles/MudDustParticle in 3.002 ms
[Architectury Transformer DEBUG] Transforming from com/imeetake/effectual/effects/MouthSteam/MouthSteamParticleFactory.class to com/imeetake/effectual/effects/MouthSteam/MouthSteamParticleFactory.class with 8 transformer(s) on dev.architectury.transformer.handler.TinyRemapperPreparedTransformerHandler
[Architectury Transformer DEBUG] Remapping with 1 mapping provider(s):
[Architectury Transformer DEBUG]  - dev.architectury.transformer.transformers.TransformForgeEnvironment$$Lambda/0x000007f00108d060@22a637e7
[Architectury Transformer DEBUG] Remapping Classes:
[Architectury Transformer DEBUG] net/fabricmc/api/EnvType -> net/minecraftforge/api/distmarker/Dist
[Architectury Transformer DEBUG] net/fabricmc/api/Environment -> net/minecraftforge/api/distmarker/OnlyIn
[Architectury Transformer DEBUG] Found class transformer
[Architectury Transformer DEBUG] Writing com/imeetake/effectual/effects/MouthSteam/MouthSteamParticleFactory with maxs=true frames=true
[Architectury Transformer DEBUG] Remapping refmap from intermediary to srg: effectual-forge-forge-refmap.json
[Architectury Transformer DEBUG] Transformed com/imeetake/effectual/effects/MouthSteam/MouthSteamParticleFactory in 2.846 ms
[Architectury Transformer DEBUG] Transforming from com/imeetake/effectual/effects/MouthSteam/MouthSteamParticle.class to com/imeetake/effectual/effects/MouthSteam/MouthSteamParticle.class with 8 transformer(s) on dev.architectury.transformer.handler.TinyRemapperPreparedTransformerHandler
[Architectury Transformer DEBUG] Remapping with 1 mapping provider(s):
[Architectury Transformer DEBUG]  - dev.architectury.transformer.transformers.TransformForgeEnvironment$$Lambda/0x000007f00108d060@22a637e7
[Architectury Transformer DEBUG] Remapping Classes:
[Architectury Transformer DEBUG] net/fabricmc/api/EnvType -> net/minecraftforge/api/distmarker/Dist
[Architectury Transformer DEBUG] net/fabricmc/api/Environment -> net/minecraftforge/api/distmarker/OnlyIn
[Architectury Transformer DEBUG] Found class transformer
[Architectury Transformer DEBUG] Writing com/imeetake/effectual/effects/MouthSteam/MouthSteamParticle with maxs=true frames=true
[Architectury Transformer DEBUG] Remapping refmap from intermediary to srg: effectual-forge-forge-refmap.json
[Architectury Transformer DEBUG] Transformed com/imeetake/effectual/effects/MouthSteam/MouthSteamParticle in 2.793 ms
[Architectury Transformer DEBUG] Transforming from com/imeetake/effectual/effects/WaterDrip/WaterDripParticleFactory.class to com/imeetake/effectual/effects/WaterDrip/WaterDripParticleFactory.class with 8 transformer(s) on dev.architectury.transformer.handler.TinyRemapperPreparedTransformerHandler
[Architectury Transformer DEBUG] Remapping with 1 mapping provider(s):
[Architectury Transformer DEBUG]  - dev.architectury.transformer.transformers.TransformForgeEnvironment$$Lambda/0x000007f00108d060@22a637e7
[Architectury Transformer DEBUG] Remapping Classes:
[Architectury Transformer DEBUG] net/fabricmc/api/EnvType -> net/minecraftforge/api/distmarker/Dist
[Architectury Transformer DEBUG] net/fabricmc/api/Environment -> net/minecraftforge/api/distmarker/OnlyIn
[Architectury Transformer DEBUG] Found class transformer
[Architectury Transformer DEBUG] Writing com/imeetake/effectual/effects/WaterDrip/WaterDripParticleFactory with maxs=true frames=true
[Architectury Transformer DEBUG] Remapping refmap from intermediary to srg: effectual-forge-forge-refmap.json
[Architectury Transformer DEBUG] Transformed com/imeetake/effectual/effects/WaterDrip/WaterDripParticleFactory in 3.150 ms
[Architectury Transformer DEBUG] Transforming from com/imeetake/effectual/effects/WaterDrip/WaterDripParticle.class to com/imeetake/effectual/effects/WaterDrip/WaterDripParticle.class with 8 transformer(s) on dev.architectury.transformer.handler.TinyRemapperPreparedTransformerHandler
[Architectury Transformer DEBUG] Remapping with 1 mapping provider(s):
[Architectury Transformer DEBUG]  - dev.architectury.transformer.transformers.TransformForgeEnvironment$$Lambda/0x000007f00108d060@22a637e7
[Architectury Transformer DEBUG] Remapping Classes:
[Architectury Transformer DEBUG] net/fabricmc/api/EnvType -> net/minecraftforge/api/distmarker/Dist
[Architectury Transformer DEBUG] net/fabricmc/api/Environment -> net/minecraftforge/api/distmarker/OnlyIn
[Architectury Transformer DEBUG] Found class transformer
[Architectury Transformer DEBUG] Writing com/imeetake/effectual/effects/WaterDrip/WaterDripParticle with maxs=true frames=true
[Architectury Transformer DEBUG] Remapping refmap from intermediary to srg: effectual-forge-forge-refmap.json
[Architectury Transformer DEBUG] Transformed com/imeetake/effectual/effects/WaterDrip/WaterDripParticle in 2.810 ms
[Architectury Transformer DEBUG] Transforming from com/imeetake/effectual/effects/MetalSparks/MetalSparkParticle.class to com/imeetake/effectual/effects/MetalSparks/MetalSparkParticle.class with 8 transformer(s) on dev.architectury.transformer.handler.TinyRemapperPreparedTransformerHandler
[Architectury Transformer DEBUG] Remapping with 1 mapping provider(s):
[Architectury Transformer DEBUG]  - dev.architectury.transformer.transformers.TransformForgeEnvironment$$Lambda/0x000007f00108d060@22a637e7
[Architectury Transformer DEBUG] Remapping Classes:
[Architectury Transformer DEBUG] net/fabricmc/api/EnvType -> net/minecraftforge/api/distmarker/Dist
[Architectury Transformer DEBUG] net/fabricmc/api/Environment -> net/minecraftforge/api/distmarker/OnlyIn
[Architectury Transformer DEBUG] Found class transformer
[Architectury Transformer DEBUG] Writing com/imeetake/effectual/effects/MetalSparks/MetalSparkParticle with maxs=true frames=true
[Architectury Transformer DEBUG] Remapping refmap from intermediary to srg: effectual-forge-forge-refmap.json
[Architectury Transformer DEBUG] Transformed com/imeetake/effectual/effects/MetalSparks/MetalSparkParticle in 3.163 ms
[Architectury Transformer DEBUG] Transforming from com/imeetake/effectual/effects/FireEntitySparks/EntitySparkParticle.class to com/imeetake/effectual/effects/FireEntitySparks/EntitySparkParticle.class with 8 transformer(s) on dev.architectury.transformer.handler.TinyRemapperPreparedTransformerHandler
[Architectury Transformer DEBUG] Remapping with 1 mapping provider(s):
[Architectury Transformer DEBUG]  - dev.architectury.transformer.transformers.TransformForgeEnvironment$$Lambda/0x000007f00108d060@22a637e7
[Architectury Transformer DEBUG] Remapping Classes:
[Architectury Transformer DEBUG] net/fabricmc/api/EnvType -> net/minecraftforge/api/distmarker/Dist
[Architectury Transformer DEBUG] net/fabricmc/api/Environment -> net/minecraftforge/api/distmarker/OnlyIn
[Architectury Transformer DEBUG] Found class transformer
[Architectury Transformer DEBUG] Writing com/imeetake/effectual/effects/FireEntitySparks/EntitySparkParticle with maxs=true frames=true
[Architectury Transformer DEBUG] Remapping refmap from intermediary to srg: effectual-forge-forge-refmap.json
[Architectury Transformer DEBUG] Transformed com/imeetake/effectual/effects/FireEntitySparks/EntitySparkParticle in 3.064 ms
[Architectury Transformer DEBUG] Transforming from com/imeetake/effectual/effects/AirTrail/AirTrailParticle.class to com/imeetake/effectual/effects/AirTrail/AirTrailParticle.class with 8 transformer(s) on dev.architectury.transformer.handler.TinyRemapperPreparedTransformerHandler
[Architectury Transformer DEBUG] Remapping with 1 mapping provider(s):
[Architectury Transformer DEBUG]  - dev.architectury.transformer.transformers.TransformForgeEnvironment$$Lambda/0x000007f00108d060@22a637e7
[Architectury Transformer DEBUG] Remapping Classes:
[Architectury Transformer DEBUG] net/fabricmc/api/EnvType -> net/minecraftforge/api/distmarker/Dist
[Architectury Transformer DEBUG] net/fabricmc/api/Environment -> net/minecraftforge/api/distmarker/OnlyIn
[Architectury Transformer DEBUG] Found class transformer
[Architectury Transformer DEBUG] Writing com/imeetake/effectual/effects/AirTrail/AirTrailParticle with maxs=true frames=true
[Architectury Transformer DEBUG] Remapping refmap from intermediary to srg: effectual-forge-forge-refmap.json
[Architectury Transformer DEBUG] Transformed com/imeetake/effectual/effects/AirTrail/AirTrailParticle in 2.797 ms
[Architectury Transformer DEBUG] Transforming from com/imeetake/effectual/effects/GoldGlow/GoldGlowParticle.class to com/imeetake/effectual/effects/GoldGlow/GoldGlowParticle.class with 8 transformer(s) on dev.architectury.transformer.handler.TinyRemapperPreparedTransformerHandler
[Architectury Transformer DEBUG] Remapping with 1 mapping provider(s):
[Architectury Transformer DEBUG]  - dev.architectury.transformer.transformers.TransformForgeEnvironment$$Lambda/0x000007f00108d060@22a637e7
[Architectury Transformer DEBUG] Remapping Classes:
[Architectury Transformer DEBUG] net/fabricmc/api/EnvType -> net/minecraftforge/api/distmarker/Dist
[Architectury Transformer DEBUG] net/fabricmc/api/Environment -> net/minecraftforge/api/distmarker/OnlyIn
[Architectury Transformer DEBUG] Found class transformer
[Architectury Transformer DEBUG] Writing com/imeetake/effectual/effects/GoldGlow/GoldGlowParticle with maxs=true frames=true
[Architectury Transformer DEBUG] Remapping refmap from intermediary to srg: effectual-forge-forge-refmap.json
[Architectury Transformer DEBUG] Transformed com/imeetake/effectual/effects/GoldGlow/GoldGlowParticle in 3.560 ms
[Architectury Transformer DEBUG] Transforming from com/imeetake/effectual/effects/SoulGlow/SoulGlowParticle.class to com/imeetake/effectual/effects/SoulGlow/SoulGlowParticle.class with 8 transformer(s) on dev.architectury.transformer.handler.TinyRemapperPreparedTransformerHandler
[Architectury Transformer DEBUG] Remapping with 1 mapping provider(s):
[Architectury Transformer DEBUG]  - dev.architectury.transformer.transformers.TransformForgeEnvironment$$Lambda/0x000007f00108d060@22a637e7
[Architectury Transformer DEBUG] Remapping Classes:
[Architectury Transformer DEBUG] net/fabricmc/api/EnvType -> net/minecraftforge/api/distmarker/Dist
[Architectury Transformer DEBUG] net/fabricmc/api/Environment -> net/minecraftforge/api/distmarker/OnlyIn
[Architectury Transformer DEBUG] Found class transformer
[Architectury Transformer DEBUG] Writing com/imeetake/effectual/effects/SoulGlow/SoulGlowParticle with maxs=true frames=true
[Architectury Transformer DEBUG] Remapping refmap from intermediary to srg: effectual-forge-forge-refmap.json
[Architectury Transformer DEBUG] Transformed com/imeetake/effectual/effects/SoulGlow/SoulGlowParticle in 4.344 ms
[Architectury Transformer DEBUG] Transforming from com/imeetake/effectual/effects/Sparks/SparkParticle.class to com/imeetake/effectual/effects/Sparks/SparkParticle.class with 8 transformer(s) on dev.architectury.transformer.handler.TinyRemapperPreparedTransformerHandler
[Architectury Transformer DEBUG] Remapping with 1 mapping provider(s):
[Architectury Transformer DEBUG]  - dev.architectury.transformer.transformers.TransformForgeEnvironment$$Lambda/0x000007f00108d060@22a637e7
[Architectury Transformer DEBUG] Remapping Classes:
[Architectury Transformer DEBUG] net/fabricmc/api/EnvType -> net/minecraftforge/api/distmarker/Dist
[Architectury Transformer DEBUG] net/fabricmc/api/Environment -> net/minecraftforge/api/distmarker/OnlyIn
[Architectury Transformer DEBUG] Found class transformer
[Architectury Transformer DEBUG] Writing com/imeetake/effectual/effects/Sparks/SparkParticle with maxs=true frames=true
[Architectury Transformer DEBUG] Remapping refmap from intermediary to srg: effectual-forge-forge-refmap.json
[Architectury Transformer DEBUG] Transformed com/imeetake/effectual/effects/Sparks/SparkParticle in 3.640 ms
[Architectury Transformer DEBUG] Transforming from com/imeetake/effectual/effects/SparksSoul/SoulSparkParticle.class to com/imeetake/effectual/effects/SparksSoul/SoulSparkParticle.class with 8 transformer(s) on dev.architectury.transformer.handler.TinyRemapperPreparedTransformerHandler
[Architectury Transformer DEBUG] Remapping with 1 mapping provider(s):
[Architectury Transformer DEBUG]  - dev.architectury.transformer.transformers.TransformForgeEnvironment$$Lambda/0x000007f00108d060@22a637e7
[Architectury Transformer DEBUG] Remapping Classes:
[Architectury Transformer DEBUG] net/fabricmc/api/EnvType -> net/minecraftforge/api/distmarker/Dist
[Architectury Transformer DEBUG] net/fabricmc/api/Environment -> net/minecraftforge/api/distmarker/OnlyIn
[Architectury Transformer DEBUG] Found class transformer
[Architectury Transformer DEBUG] Writing com/imeetake/effectual/effects/SparksSoul/SoulSparkParticle with maxs=true frames=true
[Architectury Transformer DEBUG] Remapping refmap from intermediary to srg: effectual-forge-forge-refmap.json
[Architectury Transformer DEBUG] Transformed com/imeetake/effectual/effects/SparksSoul/SoulSparkParticle in 3.580 ms
